Epoche;Durchschnitt
Fehler;-
0;1
0;"00E2FF"
0;198.023938
1;193.552436
2;190.926134
3;185.717771
4;179.330072
5;172.879787
6;161.954948
7;150.187821
8;138.516474
9;127.328208
10;117.277658
11;107.011553
12;97.614407
13;89.189266
14;81.564186
15;74.735591
16;68.528505
17;62.809467
18;57.607444
19;52.898274
20;48.625195
21;44.825229
22;41.308127
23;38.101505
24;35.174241
25;32.523599
26;30.131100
27;27.955581
28;25.986373
29;24.208027
30;22.604944
31;21.146744
32;19.811227
33;18.623881
34;17.537306
35;16.562122
36;15.672122
37;14.862319
38;14.133645
39;13.455624
40;12.802009
41;12.201197
42;11.676600
43;11.274056
44;10.884741
45;10.524199
46;10.204223
47;9.944428
48;9.671376
49;9.370255
50;9.077050
51;8.800613
52;8.551740
53;8.345038
54;8.140470
55;7.975605
56;7.812128
57;7.648446
58;7.547566
59;7.390515
60;7.243955
61;7.114009
62;6.990124
63;6.866993
64;6.751261
65;6.653945
66;6.551197
67;6.447331
68;6.339121
69;6.239450
70;6.150538
71;6.065633
72;5.962539
73;5.867724
74;5.777619
75;5.721941
76;5.719653
77;5.652012
78;5.585347
79;5.527261
80;5.485937
81;5.440686
82;5.400235
83;5.353537
84;5.306838
85;5.252963
86;5.207131
87;5.200137
88;5.176001
89;5.127279
90;5.121179
91;5.147167
92;5.115907
93;5.080712
94;5.062286
95;5.037871
96;5.031381
97;5.009472
98;4.975660
99;4.969451
100;4.957322
101;4.963225
102;4.983399
103;4.975116
104;4.951578
105;4.928486
106;4.905896
107;4.883062
108;4.860787
109;4.838313
110;4.827819
111;4.815021
112;4.799699
113;4.782733
114;4.805603
115;4.789124
116;4.810379
117;4.823543
118;4.824593
119;4.834534
120;4.828588
121;4.809865
122;4.824129
123;4.820145
124;4.811626
125;4.831758
126;4.829329
127;4.823244
128;4.823235
129;4.834207
130;4.822842
131;4.816705
132;4.805640
133;4.790144
134;4.773945
135;4.769681
136;4.756909
137;4.744851
138;4.733044
139;4.721367
140;4.721554
141;4.766848
142;4.774664
143;4.770948
144;4.762455
145;4.789774
146;4.777676
147;4.773081
148;4.759479
149;4.803056
150;4.809058
151;4.844655
152;4.858466
153;4.866092
154;4.861224
155;4.852733
156;4.840434
157;4.823227
158;4.833766
159;4.810838
160;4.789498
161;4.779006
162;4.756988
163;4.753767
164;4.733458
165;4.717375
166;4.695307
167;4.675054
168;4.689657
169;4.670474
170;4.671385
171;4.656754
172;4.640739
173;4.639168
174;4.627219
175;4.622059
176;4.616894
177;4.613667
178;4.634581
179;4.636328
180;4.636902
181;4.628357
182;4.610041
183;4.600681
184;4.599307
185;4.608021
186;4.591278
187;4.584630
188;4.566849
189;4.552015
190;4.538638
191;4.559305
192;4.552312
193;4.539153
194;4.525377
195;4.514721
196;4.505292
197;4.503086
198;4.495446
199;4.483692
200;4.480654
201;4.471905
202;4.466278
203;4.464751
204;4.473763
205;4.505125
206;4.504340
207;4.501525
208;4.511285
209;4.512295
210;4.509353
211;4.521432
212;4.518956
213;4.593655
214;4.589820
215;4.578044
216;4.572446
217;4.573698
218;4.581689
219;4.570132
220;4.555682
221;4.550098
222;4.584783
223;4.581498
224;4.605431
225;4.601523
226;4.615728
227;4.603438
228;4.595279
229;4.598062
230;4.599285
231;4.587211
232;4.577559
233;4.574278
234;4.569961
235;4.591217
236;4.621233
237;4.619513
238;4.614357
239;4.618874
240;4.614683
241;4.604195
242;4.606266
243;4.596306
244;4.583412
245;4.574082
246;4.649469
247;4.650025
248;4.628545
249;4.611428
250;4.641260
251;4.621499
252;4.602799
253;4.590548
254;4.576258
255;4.563562
256;4.554166
257;4.547958
258;4.537565
259;4.530799
260;4.534692
261;4.564518
262;4.570071
263;4.562773
264;4.593619
265;4.593133
266;4.604432
267;4.602889
268;4.631971
269;4.633449
270;4.631801
271;4.624343
272;4.632188
273;4.633881
274;4.639277
275;4.632835
276;4.622032
277;4.607880
278;4.622651
279;4.599351
280;4.667345
281;4.664414
282;4.640939
283;4.626415
284;4.615909
285;4.637075
286;4.631713
287;4.621773
288;4.602742
289;4.581541
290;4.562603
291;4.540652
292;4.532225
293;4.511571
294;4.493094
295;4.475619
296;4.513232
297;4.514735
298;4.514021
299;4.507539
300;4.519802
301;4.559559
302;4.556477
303;4.578440
304;4.578623
305;4.601731
306;4.607636
307;4.613689
308;4.607363
309;4.597398
310;4.580676
311;4.567335
312;4.561052
313;4.549082
314;4.559164
315;4.553544
316;4.555155
317;4.564150
318;4.549574
319;4.557556
320;4.551939
321;4.562753
322;4.551185
323;4.551371
324;4.537693
325;4.521085
326;4.505484
327;4.497294
328;4.507844
329;4.500698
330;4.502541
331;4.517720
332;4.562451
333;4.596936
334;4.613854
335;4.614600
336;4.605340
337;4.585903
338;4.574192
339;4.558074
340;4.537970
341;4.539897
342;4.535137
343;4.519773
344;4.510819
345;4.497614
346;4.490236
347;4.493830
348;4.481311
349;4.465410
350;4.463564
351;4.472883
352;4.497271
353;4.532496
354;4.545998
355;4.539982
356;4.529707
357;4.522432
358;4.508465
359;4.496573
360;4.481416
361;4.470187
362;4.457562
363;4.448243
364;4.455838
365;4.450708
366;4.445073
367;4.452332
368;4.443095
369;4.454068
370;4.457086
371;4.464891
372;4.461911
373;4.469254
374;4.475328
375;4.473151
376;4.461578
377;4.452005
378;4.445958
379;4.449153
380;4.446755
381;4.441137
382;4.443064
383;4.439499
384;4.438908
385;4.438460
386;4.433057
387;4.436068
388;4.429219
389;4.429284
390;4.423763
391;4.424493
392;4.423830
393;4.417413
394;4.421016
395;4.414800
396;4.411000
397;4.405435
398;4.403208
399;4.401693
400;4.400615
401;4.398341
402;4.399085
403;4.398541
404;4.394382
405;4.393788
406;4.391149
407;4.384917
408;4.396168
409;4.387262
410;4.379671
411;4.373615
412;4.379054
413;4.391529
414;4.396230
415;4.399339
416;4.402674
417;4.402531
418;4.399043
419;4.397681
420;4.392631
421;4.391325
422;4.385933
423;4.393168
424;4.390228
425;4.391738
426;4.390327
427;4.392786
428;4.390396
429;4.390326
430;4.389434
431;4.395048
432;4.403017
433;4.396029
434;4.384196
435;4.381674
436;4.374813
437;4.379101
438;4.381906
439;4.388418
440;4.391185
441;4.384214
442;4.380779
443;4.385411
444;4.379285
445;4.374392
446;4.373962
447;4.377683
448;4.386493
449;4.381549
450;4.379982
451;4.379154
452;4.371526
453;4.365430
454;4.372844
455;4.368032
456;4.360642
457;4.380296
458;4.393349
459;4.396129
460;4.388895
461;4.383822
462;4.379582
463;4.368281
464;4.359602
465;4.362961
466;4.351820
467;4.345236
468;4.344104
469;4.349954
470;4.353451
471;4.364203
472;4.373404
473;4.374775
474;4.369790
475;4.368163
476;4.371277
477;4.372344
478;4.381248
479;4.384574
480;4.380202
481;4.368644
482;4.358146
483;4.365911
484;4.369287
485;4.359774
486;4.358404
487;4.350895
488;4.346985
489;4.346641
490;4.349697
491;4.350039
492;4.352408
493;4.351280
494;4.349946
495;4.350470
496;4.342093
497;4.339318
498;4.337684
499;4.333091
500;4.346180
501;4.346647
502;4.341118
503;4.347550
504;4.343427
505;4.340601
506;4.348882
507;4.355757
508;4.378588
509;4.386664
510;4.389389
511;4.387260
512;4.384186
513;4.386556
514;4.387226
515;4.384646
516;4.374717
517;4.364239
518;4.360776
519;4.352334
520;4.367613
521;4.377685
522;4.377506
523;4.387798
524;4.390820
525;4.376580
526;4.361998
527;4.348623
528;4.336536
529;4.326365
530;4.314269
531;4.308061
532;4.305712
533;4.318684
534;4.322930
535;4.328914
536;4.327877
537;4.319992
538;4.314059
539;4.313259
540;4.309190
541;4.303746
542;4.308041
543;4.303901
544;4.299818
545;4.299350
546;4.295975
547;4.292605
548;4.290740
549;4.297054
550;4.301003
551;4.311347
552;4.318392
553;4.316510
554;4.310845
555;4.313012
556;4.327220
557;4.327015
558;4.321560
559;4.314953
560;4.309791
561;4.316713
562;4.315357
563;4.313031
564;4.310667
565;4.303603
566;4.297568
567;4.296483
568;4.290777
569;4.282894
570;4.278966
571;4.279597
572;4.275648
573;4.271932
574;4.267877
575;4.267236
576;4.262678
577;4.259073
578;4.257257
579;4.256090
580;4.258489
581;4.267856
582;4.289607
583;4.297461
584;4.296568
585;4.293702
586;4.287134
587;4.286738
588;4.279345
589;4.272866
590;4.265429
591;4.264178
592;4.259552
593;4.277900
594;4.286580
595;4.289551
596;4.289206
597;4.292204
598;4.302320
599;4.306427
600;4.323680
601;4.326496
602;4.319929
603;4.323183
604;4.314120
605;4.305292
606;4.296001
607;4.288696
608;4.287022
609;4.291290
610;4.283807
611;4.288391
612;4.279584
613;4.270213
614;4.267305
615;4.264000
616;4.277649
617;4.277878
618;4.273521
619;4.283041
620;4.283263
621;4.286650
622;4.276456
623;4.270818
624;4.265350
625;4.269950
626;4.273701
627;4.271938
628;4.280904
629;4.279481
630;4.276006
631;4.277612
632;4.268321
633;4.267480
634;4.269693
635;4.276744
636;4.284322
637;4.286184
638;4.288783
639;4.294983
640;4.291196
641;4.284242
642;4.277389
643;4.279930
644;4.270715
645;4.264899
646;4.263948
647;4.274707
648;4.279630
649;4.278670
650;4.274609
651;4.275773
652;4.272091
653;4.266230
654;4.258077
655;4.254541
656;4.247558
657;4.241272
658;4.239224
659;4.237984
660;4.241466
661;4.245532
662;4.247354
663;4.250860
664;4.257956
665;4.258690
666;4.261435
667;4.261059
668;4.260594
669;4.262307
670;4.267661
671;4.265053
672;4.261747
673;4.257025
674;4.252324
675;4.250012
676;4.253649
677;4.255521
678;4.260686
679;4.273745
680;4.281677
681;4.287582
682;4.285745
683;4.284334
684;4.286626
685;4.280356
686;4.284951
687;4.281503
688;4.281323
689;4.280299
690;4.281352
691;4.279043
692;4.273656
693;4.276351
694;4.281368
695;4.278512
696;4.274481
697;4.268544
698;4.265576
699;4.267560
700;4.272321
701;4.271675
702;4.275705
703;4.295214
704;4.307719
705;4.305901
706;4.299609
707;4.294246
708;4.291429
709;4.288648
710;4.292937
711;4.293131
712;4.291450
713;4.286819
714;4.285310
715;4.284803
716;4.279312
717;4.273973
718;4.272179
719;4.269994
720;4.267745
721;4.264618
722;4.261688
723;4.261184
724;4.259875
725;4.258619
726;4.258329
727;4.253802
728;4.255555
729;4.255514
730;4.256623
731;4.254721
732;4.251648
733;4.248104
734;4.243463
735;4.248836
736;4.250440
737;4.247112
738;4.242338
739;4.246461
740;4.254236
741;4.256813
742;4.256308
743;4.266876
744;4.265359
745;4.262634
746;4.261672
747;4.262885
748;4.260497
749;4.258784
750;4.262694
751;4.263270
752;4.270983
753;4.268473
754;4.266607
755;4.266053
756;4.270728
757;4.277571
758;4.276242
759;4.277499
760;4.278304
761;4.276444
762;4.272095
763;4.267034
764;4.264163
765;4.262867
766;4.258172
767;4.252317
768;4.250903
769;4.244978
770;4.240851
771;4.236690
772;4.234303
773;4.231371
774;4.230489
775;4.228555
776;4.230438
777;4.230185
778;4.228562
779;4.226638
780;4.230032
781;4.232098
782;4.231743
783;4.234532
784;4.238001
785;4.236987
786;4.238126
787;4.239391
788;4.236522
789;4.236472
790;4.237901
791;4.236174
792;4.241135
793;4.240690
794;4.240507
795;4.245052
796;4.244700
797;4.243130
798;4.239936
799;4.244316
800;4.247992
801;4.248793
802;4.246719
803;4.242814
804;4.241297
805;4.242543
806;4.244454
807;4.240191
808;4.238894
809;4.240085
810;4.236883
811;4.245154
812;4.244491
813;4.248382
814;4.250054
815;4.250256
816;4.246912
817;4.242922
818;4.238394
819;4.234067
820;4.231710
821;4.231187
822;4.228806
823;4.229113
824;4.230354
825;4.231622
826;4.232260
827;4.236664
828;4.239575
829;4.240766
830;4.238297
831;4.240352
832;4.246853
833;4.248932
834;4.253744
835;4.258227
836;4.261217
837;4.265817
838;4.276980
839;4.283631
840;4.280813
841;4.277128
842;4.274934
843;4.272776
844;4.269626
845;4.268910
846;4.265066
847;4.261122
848;4.262299
849;4.266924
850;4.266419
851;4.267414
852;4.267448
853;4.262321
854;4.262737
855;4.263365
856;4.259015
857;4.255425
858;4.250561
859;4.248398
860;4.252150
861;4.253976
862;4.252119
863;4.248318
864;4.248658
865;4.243378
866;4.242477
867;4.239991
868;4.239520
869;4.238773
870;4.242576
871;4.238784
872;4.237765
873;4.235434
874;4.235031
875;4.238289
876;4.239796
877;4.237870
878;4.237780
879;4.243091
880;4.244112
881;4.248555
882;4.245432
883;4.244821
884;4.242631
885;4.243437
886;4.242419
887;4.247454
888;4.248524
889;4.250493
890;4.248238
891;4.247186
892;4.249317
893;4.248218
894;4.248422
895;4.251162
896;4.252746
897;4.254081
898;4.255350
899;4.253073
900;4.253215
901;4.255279
902;4.258264
903;4.259286
904;4.262767
905;4.263068
906;4.263597
907;4.261416
908;4.257442
909;4.255078
910;4.251646
911;4.246065
912;4.249481
913;4.247952
914;4.248525
915;4.243910
916;4.245044
917;4.243836
918;4.244749
919;4.247146
920;4.246452
921;4.247947
922;4.246142
923;4.246056
924;4.243591
925;4.242950
926;4.242357
927;4.240560
928;4.236556
929;4.235428
930;4.231640
931;4.235487
932;4.238914
933;4.238164
934;4.237405
935;4.236635
936;4.236920
937;4.234994
938;4.236905
939;4.235944
940;4.237790
941;4.238358
942;4.238449
943;4.239121
944;4.236645
945;4.238223
946;4.238967
947;4.236097
948;4.230966
949;4.226996
950;4.230414
951;4.230781
952;4.231060
953;4.235116
954;4.236642
955;4.236701
956;4.240706
957;4.238694
958;4.237231
959;4.241696
960;4.239640
961;4.238136
962;4.238920
963;4.235781
964;4.239319
965;4.236479
966;4.235786
967;4.237682
968;4.237287
969;4.235557
970;4.234387
971;4.236921
972;4.236662
973;4.238101
974;4.237418
975;4.236847
976;4.238537
977;4.241381
978;4.241380
979;4.241558
980;4.239780
981;4.235251
982;4.238412
983;4.237390
984;4.237249
985;4.240150
986;4.241818
987;4.239262
988;4.236508
989;4.237469
990;4.237523
991;4.239123
992;4.243506
993;4.245883
994;4.251549
995;4.255727
996;4.254830
997;4.255837
998;4.256451
999;4.255293
1000;4.250998
1001;4.248761
1002;4.245912
1003;4.243460
1004;4.240603
1005;4.238070
1006;4.234876
1007;4.235126
1008;4.234957
1009;4.235595
1010;4.236659
1011;4.239707
1012;4.242430
1013;4.242008
1014;4.240105
1015;4.241291
1016;4.245007
1017;4.243087
1018;4.238369
1019;4.238048
1020;4.234649
1021;4.233233
1022;4.229640
1023;4.226634
1024;4.224264
1025;4.225294
1026;4.225197
1027;4.224377
1028;4.222538
1029;4.220615
1030;4.222314
1031;4.224475
1032;4.223307
1033;4.220271
1034;4.219040
1035;4.219909
1036;4.222780
1037;4.221793
1038;4.227526
1039;4.228667
1040;4.232706
1041;4.234020
1042;4.233919
1043;4.232594
1044;4.231927
1045;4.229126
1046;4.229849
1047;4.228364
1048;4.228472
1049;4.229165
1050;4.228356
1051;4.226630
1052;4.226871
1053;4.229879
1054;4.231754
1055;4.233897
1056;4.234961
1057;4.234367
1058;4.231948
1059;4.230085
1060;4.231042
1061;4.231127
1062;4.230761
1063;4.232837
1064;4.230722
1065;4.231146
1066;4.233015
1067;4.235391
1068;4.233835
1069;4.234030
1070;4.233672
1071;4.236339
1072;4.235971
1073;4.235337
1074;4.233712
1075;4.234468
1076;4.235079
1077;4.235037
1078;4.235602
1079;4.234357
1080;4.235647
1081;4.233545
1082;4.232021
1083;4.230970
1084;4.230759
1085;4.230919
1086;4.234272
1087;4.239114
1088;4.238377
1089;4.238559
1090;4.237879
1091;4.235847
1092;4.236637
1093;4.239637
1094;4.239723
1095;4.240240
1096;4.242344
1097;4.240276
1098;4.242592
1099;4.241336
1100;4.240306
1101;4.238188
1102;4.241091
1103;4.240507
1104;4.240461
1105;4.240892
1106;4.241196
1107;4.238325
1108;4.236255
1109;4.236032
1110;4.241429
1111;4.242104
1112;4.240086
1113;4.238142
1114;4.239103
1115;4.237830
1116;4.236313
1117;4.237595
1118;4.235562
1119;4.231852
1120;4.232062
1121;4.234269
1122;4.234073
1123;4.234732
1124;4.233250
1125;4.231991
1126;4.232211
1127;4.230385
1128;4.228547
1129;4.227350
1130;4.226601
1131;4.225607
1132;4.227637
1133;4.227832
1134;4.226070
1135;4.227157
1136;4.227809
1137;4.227496
1138;4.226000
1139;4.225521
1140;4.223712
1141;4.223490
1142;4.222211
1143;4.221034
1144;4.223647
1145;4.224184
1146;4.225507
1147;4.223557
1148;4.222955
1149;4.221575
1150;4.224361
1151;4.226336
1152;4.225278
1153;4.224828
1154;4.224219
1155;4.221527
1156;4.222203
1157;4.223715
1158;4.224673
1159;4.223123
1160;4.222752
1161;4.224274
1162;4.224216
1163;4.222466
1164;4.223018
1165;4.222544
1166;4.224402
1167;4.225369
1168;4.227356
1169;4.227314
1170;4.227476
1171;4.230239
1172;4.232166
1173;4.228244
1174;4.225970
1175;4.224127
1176;4.221747
1177;4.220599
1178;4.221430
1179;4.221368
1180;4.226127
1181;4.226464
1182;4.226884
1183;4.228523
1184;4.227754
1185;4.227167
1186;4.228904
1187;4.229714
1188;4.233355
1189;4.233911
1190;4.237597
1191;4.238851
1192;4.244675
1193;4.242668
1194;4.239487
1195;4.237194
1196;4.233933
1197;4.237606
1198;4.237035
1199;4.234248
1200;4.232439
1201;4.230705
1202;4.234812
1203;4.236930
1204;4.235837
1205;4.233462
1206;4.233450
1207;4.233049
1208;4.231291
1209;4.230841
1210;4.231171
1211;4.234420
1212;4.234312
1213;4.234831
1214;4.234942
1215;4.233264
1216;4.231176
1217;4.231835
1218;4.231072
1219;4.228273
1220;4.225765
1221;4.223815
1222;4.221384
1223;4.218568
1224;4.216629
1225;4.216022
1226;4.218199
1227;4.218942
1228;4.225594
1229;4.227183
1230;4.229357
1231;4.231123
1232;4.233211
1233;4.232873
1234;4.234298
1235;4.233922
1236;4.237160
1237;4.238103
1238;4.237243
1239;4.237487
1240;4.240551
1241;4.240716
1242;4.242845
1243;4.242387
1244;4.242940
1245;4.241347
1246;4.238374
1247;4.235635
1248;4.233319
1249;4.231032
1250;4.229147
1251;4.228836
1252;4.225482
1253;4.224483
1254;4.224028
1255;4.221795
1256;4.223658
1257;4.223811
1258;4.223540
1259;4.223150
1260;4.222517
1261;4.220909
1262;4.220980
1263;4.219269
1264;4.219644
1265;4.223223
1266;4.222831
1267;4.220157
1268;4.219838
1269;4.219714
1270;4.218529
1271;4.219908
1272;4.220839
1273;4.225730
1274;4.226892
1275;4.227589
1276;4.225141
1277;4.223503
1278;4.222290
1279;4.222573
1280;4.221387
1281;4.222956
1282;4.229250
1283;4.232030
1284;4.234117
1285;4.238425
1286;4.238752
1287;4.236140
1288;4.239224
1289;4.235793
1290;4.234416
1291;4.235540
1292;4.233541
1293;4.233040
1294;4.235981
1295;4.235577
1296;4.232782
1297;4.231254
1298;4.229179
1299;4.229314
1300;4.229062
1301;4.229155
1302;4.232713
1303;4.230919
1304;4.228274
1305;4.230576
1306;4.232532
1307;4.231398
1308;4.228564
1309;4.228943
1310;4.229141
1311;4.228128
1312;4.228837
1313;4.231107
1314;4.229422
1315;4.226826
1316;4.225845
1317;4.223565
1318;4.221479
1319;4.221043
1320;4.219772
1321;4.219031
1322;4.216621
1323;4.218279
1324;4.218009
1325;4.216558
1326;4.214577
1327;4.214285
1328;4.215938
1329;4.218138
1330;4.220562
1331;4.222595
1332;4.221414
1333;4.224260
1334;4.224100
1335;4.226775
1336;4.226636
1337;4.226163
1338;4.224159
1339;4.222876
1340;4.222231
1341;4.221385
1342;4.220141
1343;4.220718
1344;4.222950
1345;4.225484
1346;4.226116
1347;4.226177
1348;4.227694
1349;4.225911
1350;4.226436
1351;4.225452
1352;4.229100
1353;4.228543
1354;4.227123
1355;4.224923
1356;4.222882
1357;4.221556
1358;4.221450
1359;4.221568
1360;4.221647
1361;4.221152
1362;4.223841
1363;4.221797
1364;4.223431
1365;4.221762
1366;4.221597
1367;4.221976
1368;4.223612
1369;4.225920
1370;4.224702
1371;4.223023
1372;4.222282
1373;4.223324
1374;4.223460
1375;4.222997
1376;4.221616
1377;4.221798
1378;4.225846
1379;4.228922
1380;4.231446
1381;4.231283
1382;4.229092
1383;4.228401
1384;4.227943
1385;4.227936
1386;4.227704
1387;4.227234
1388;4.225332
1389;4.224362
1390;4.224372
1391;4.227217
1392;4.225311
1393;4.223613
1394;4.224298
1395;4.221927
1396;4.221558
1397;4.222521
1398;4.223997
1399;4.224164
1400;4.222757
1401;4.222160
1402;4.224279
1403;4.224106
1404;4.225108
1405;4.223836
1406;4.223123
1407;4.221716
1408;4.221488
1409;4.219779
1410;4.219389
1411;4.222302
1412;4.225279
1413;4.225527
1414;4.223884
1415;4.221912
1416;4.222601
1417;4.219782
1418;4.219735
1419;4.219977
1420;4.218219
1421;4.218591
1422;4.221274
1423;4.221199
1424;4.222484
1425;4.220797
1426;4.221661
1427;4.222173
1428;4.223432
1429;4.223920
1430;4.224076
1431;4.225200
1432;4.225451
1433;4.223602
1434;4.223483
1435;4.223637
1436;4.224496
1437;4.227052
1438;4.232797
1439;4.232684
1440;4.233286
1441;4.232391
1442;4.230902
1443;4.228368
1444;4.227051
1445;4.226147
1446;4.224873
1447;4.223709
1448;4.225230
1449;4.225443
1450;4.225854
1451;4.223904
1452;4.225780
1453;4.225153
1454;4.225735
1455;4.224720
1456;4.225735
1457;4.226443
1458;4.226525
1459;4.228826
1460;4.232490
1461;4.237407
1462;4.242770
1463;4.240188
1464;4.237219
1465;4.238320
1466;4.237230
1467;4.236369
1468;4.234616
1469;4.233633
1470;4.232073
1471;4.230413
1472;4.230242
1473;4.228325
1474;4.227436
1475;4.226602
1476;4.226759
1477;4.225842
1478;4.226532
1479;4.228256
1480;4.230330
1481;4.232930
1482;4.231670
1483;4.229377
1484;4.228119
1485;4.228968
1486;4.228235
1487;4.227372
1488;4.224406
1489;4.226734
1490;4.228674
1491;4.228720
1492;4.230432
1493;4.230206
1494;4.228327
1495;4.224773
1496;4.225922
1497;4.224331
1498;4.223469
1499;4.224119
1500;4.223270
1501;4.222959
1502;4.223434
1503;4.223071
1504;4.221756
1505;4.220461
1506;4.219597
1507;4.220757
1508;4.218756
1509;4.219142
1510;4.216192
1511;4.215772
1512;4.218222
1513;4.216604
1514;4.216978
1515;4.217074
1516;4.217132
1517;4.216594
1518;4.215922
1519;4.214594
1520;4.213341
1521;4.212246
1522;4.212199
1523;4.212732
1524;4.215190
1525;4.216554
1526;4.217490
1527;4.219414
1528;4.225390
1529;4.229877
1530;4.228716
1531;4.225790
1532;4.229075
1533;4.227131
1534;4.224168
1535;4.222361
1536;4.219439
1537;4.221571
1538;4.223947
1539;4.224029
1540;4.222741
1541;4.224216
1542;4.222120
1543;4.224182
1544;4.225326
1545;4.227885
1546;4.228418
1547;4.228955
1548;4.225330
1549;4.224690
1550;4.222237
1551;4.222524
1552;4.220450
1553;4.219314
1554;4.218714
1555;4.217548
1556;4.218085
1557;4.222597
1558;4.223744
1559;4.223285
1560;4.219553
1561;4.218032
1562;4.215649
1563;4.213812
1564;4.212090
1565;4.210648
1566;4.214223
1567;4.212692
1568;4.211397
1569;4.212010
1570;4.212235
1571;4.210822
1572;4.210158
1573;4.211170
1574;4.212601
1575;4.211137
1576;4.210101
1577;4.209395
1578;4.209002
1579;4.209156
1580;4.210915
1581;4.210408
1582;4.208910
1583;4.207581
1584;4.207901
1585;4.210076
1586;4.209529
1587;4.210330
1588;4.212804
1589;4.216427
1590;4.219843
1591;4.226206
1592;4.229103
1593;4.227519
1594;4.226120
1595;4.225651
1596;4.226435
1597;4.228181
1598;4.227780
1599;4.226944
1600;4.225290
1601;4.224029
1602;4.223817
1603;4.224348
1604;4.221162
1605;4.220738
1606;4.220173
1607;4.219832
1608;4.218054
1609;4.214363
1610;4.211705
1611;4.210392
1612;4.207057
1613;4.204167
1614;4.202912
1615;4.202881
1616;4.203530
1617;4.203563
1618;4.204556
1619;4.203922
1620;4.203010
1621;4.203012
1622;4.203969
1623;4.205318
1624;4.202586
1625;4.203853
1626;4.202958
1627;4.203472
1628;4.203189
1629;4.203097
1630;4.204779
1631;4.207000
1632;4.209135
1633;4.208170
1634;4.207541
1635;4.208329
1636;4.205649
1637;4.203849
1638;4.204770
1639;4.203298
1640;4.204622
1641;4.204630
1642;4.204481
1643;4.203649
1644;4.206572
1645;4.209834
1646;4.212400
1647;4.212990
1648;4.212439
1649;4.211025
1650;4.208067
1651;4.207122
1652;4.205258
1653;4.204386
1654;4.205616
1655;4.208062
1656;4.206665
1657;4.207887
1658;4.209510
1659;4.210257
1660;4.208291
1661;4.206578
1662;4.204165
1663;4.204127
1664;4.204240
1665;4.203446
1666;4.203766
1667;4.203178
1668;4.204513
1669;4.203974
1670;4.203946
1671;4.203339
1672;4.204787
1673;4.203606
1674;4.201871
1675;4.203392
1676;4.206818
1677;4.208512
1678;4.210407
1679;4.209989
1680;4.208691
1681;4.209028
1682;4.208737
1683;4.206776
1684;4.206991
1685;4.209594
1686;4.210800
1687;4.211477
1688;4.211517
1689;4.209204
1690;4.208051
1691;4.207579
1692;4.205758
1693;4.203753
1694;4.203155
1695;4.203817
1696;4.202000
1697;4.201424
1698;4.203833
1699;4.206655
1700;4.205079
1701;4.204368
1702;4.208412
1703;4.207422
1704;4.207157
1705;4.209412
1706;4.211218
1707;4.212050
1708;4.211756
1709;4.209207
1710;4.210962
1711;4.210887
1712;4.211787
1713;4.212660
1714;4.211463
1715;4.210845
1716;4.209260
1717;4.207492
1718;4.210101
1719;4.211577
1720;4.212508
1721;4.213023
1722;4.212448
1723;4.212077
1724;4.211883
1725;4.214128
1726;4.215016
1727;4.215310
1728;4.216730
1729;4.221210
1730;4.225133
1731;4.226764
1732;4.225921
1733;4.226244
1734;4.225578
1735;4.225899
1736;4.230544
1737;4.232043
1738;4.230382
1739;4.229534
1740;4.231452
1741;4.232618
1742;4.233340
1743;4.234089
1744;4.233026
1745;4.231194
1746;4.234289
1747;4.233038
1748;4.232651
1749;4.230334
1750;4.229680
1751;4.226025
1752;4.226451
1753;4.223419
1754;4.221926
1755;4.221634
1756;4.222747
1757;4.225454
1758;4.225350
1759;4.223617
1760;4.221942
1761;4.221640
1762;4.220906
1763;4.219495
1764;4.217850
1765;4.215733
1766;4.215245
1767;4.214109
1768;4.213077
1769;4.213505
1770;4.216658
1771;4.218176
1772;4.219228
1773;4.216957
1774;4.214823
1775;4.214528
1776;4.215056
1777;4.216571
1778;4.220009
1779;4.221714
1780;4.221415
1781;4.219456
1782;4.218550
1783;4.217996
1784;4.223831
1785;4.222519
1786;4.222141
1787;4.221880
1788;4.223023
1789;4.221869
1790;4.219707
1791;4.216366
1792;4.213592
1793;4.212664
1794;4.211419
1795;4.213239
1796;4.213123
1797;4.212839
1798;4.214677
1799;4.215105
1800;4.213427
1801;4.214471
1802;4.214229
1803;4.214620
1804;4.213802
1805;4.214373
1806;4.215589
1807;4.215378
1808;4.214317
1809;4.212186
1810;4.212316
1811;4.213177
1812;4.214537
1813;4.219329
1814;4.219493
1815;4.218476
1816;4.217834
1817;4.216335
1818;4.216268
1819;4.215757
1820;4.213790
1821;4.212732
1822;4.210397
1823;4.209573
1824;4.207595
1825;4.206818
1826;4.205314
1827;4.206727
1828;4.208197
1829;4.208462
1830;4.208939
1831;4.207787
1832;4.208905
1833;4.210942
1834;4.211831
1835;4.213350
1836;4.214384
1837;4.213113
1838;4.215012
1839;4.217415
1840;4.216747
1841;4.215069
1842;4.216071
1843;4.214929
1844;4.213726
1845;4.215487
1846;4.216692
1847;4.214263
1848;4.212417
1849;4.213699
1850;4.213159
1851;4.211936
1852;4.212834
1853;4.212426
1854;4.211836
1855;4.212042
1856;4.210788
1857;4.212611
1858;4.210997
1859;4.208674
1860;4.206834
1861;4.204683
1862;4.204722
1863;4.203889
1864;4.202679
1865;4.204151
1866;4.202680
1867;4.207073
1868;4.211558
1869;4.212322
1870;4.214276
1871;4.214000
1872;4.213569
1873;4.210947
1874;4.209480
1875;4.207896
1876;4.207619
1877;4.208945
1878;4.209213
1879;4.211139
1880;4.210436
1881;4.208660
1882;4.206253
1883;4.204100
1884;4.202049
1885;4.199622
1886;4.199640
1887;4.201351
1888;4.206254
1889;4.210524
1890;4.211804
1891;4.209243
1892;4.208861
1893;4.208191
1894;4.207031
1895;4.207191
1896;4.206326
1897;4.203639
1898;4.203623
1899;4.203042
1900;4.201925
1901;4.201358
1902;4.201793
1903;4.200217
1904;4.199841
1905;4.200149
1906;4.199718
1907;4.198447
1908;4.200288
1909;4.202149
1910;4.202070
1911;4.204081
1912;4.203188
1913;4.203456
1914;4.202870
1915;4.201385
1916;4.200039
1917;4.198397
1918;4.197303
1919;4.198756
1920;4.200942
1921;4.202847
1922;4.205503
1923;4.207027
1924;4.206632
1925;4.205395
1926;4.204791
1927;4.204219
1928;4.202558
1929;4.202346
1930;4.202190
1931;4.201073
1932;4.202959
1933;4.202670
1934;4.204494
1935;4.208392
1936;4.208863
1937;4.208889
1938;4.208969
1939;4.208154
1940;4.205964
1941;4.205667
1942;4.205954
1943;4.206298
1944;4.206729
1945;4.206501
1946;4.205656
1947;4.204791
1948;4.207452
1949;4.207589
1950;4.208222
1951;4.211323
1952;4.212810
1953;4.214457
1954;4.216749
1955;4.215431
1956;4.215218
1957;4.214038
1958;4.210711
1959;4.207915
1960;4.208364
1961;4.207177
1962;4.205511
1963;4.203061
1964;4.205045
1965;4.205393
1966;4.203906
1967;4.203583
1968;4.206546
1969;4.211464
1970;4.209577
1971;4.210226
1972;4.208099
1973;4.206173
1974;4.203835
1975;4.205596
1976;4.206712
1977;4.206976
1978;4.207298
1979;4.209765
1980;4.210498
1981;4.210245
1982;4.210009
1983;4.209352
1984;4.208355
1985;4.207577
1986;4.207828
1987;4.208620
1988;4.210717
1989;4.209711
1990;4.208306
1991;4.207627
1992;4.207514
1993;4.207217
1994;4.208730
1995;4.209723
1996;4.209558
1997;4.211262
1998;4.208812
1999;4.207597
2000;4.206547
2001;4.207684
2002;4.207217
2003;4.207457
2004;4.206578
2005;4.205895
2006;4.207576
2007;4.207056
2008;4.209813
2009;4.210747
2010;4.210682
2011;4.208887
2012;4.209874
2013;4.209418
2014;4.210251
2015;4.210489
2016;4.210635
2017;4.210991
2018;4.213742
2019;4.214510
2020;4.215676
2021;4.216073
2022;4.214108
2023;4.212668
2024;4.211543
2025;4.212549
2026;4.211592
2027;4.211597
2028;4.212441
2029;4.215988
2030;4.215888
2031;4.218271
2032;4.221982
2033;4.222860
2034;4.221919
2035;4.220669
2036;4.217288
2037;4.213739
2038;4.212269
2039;4.209921
2040;4.208990
2041;4.207643
2042;4.205725
2043;4.205785
2044;4.204738
2045;4.205210
2046;4.205520
2047;4.210064
2048;4.211589
2049;4.211817
2050;4.210768
2051;4.210121
2052;4.208697
2053;4.207795
2054;4.211349
2055;4.210110
2056;4.209541
2057;4.208272
2058;4.207283
2059;4.208121
2060;4.206844
2061;4.208297
2062;4.206006
2063;4.205556
2064;4.204072
2065;4.204284
2066;4.206014
2067;4.205643
2068;4.203558
2069;4.201857
2070;4.201926
2071;4.202521
2072;4.201654
2073;4.205707
2074;4.209192
2075;4.208833
2076;4.209174
2077;4.208997
2078;4.209267
2079;4.208018
2080;4.204925
2081;4.203657
2082;4.201898
2083;4.201175
2084;4.199274
2085;4.199436
2086;4.200253
2087;4.200426
2088;4.199349
2089;4.200785
2090;4.201969
2091;4.205087
2092;4.206998
2093;4.208088
2094;4.209442
2095;4.211005
2096;4.212281
2097;4.213923
2098;4.212408
2099;4.211259
2100;4.212887
2101;4.212279
2102;4.211575
2103;4.212642
2104;4.210746
2105;4.209162
2106;4.205613
2107;4.204427
2108;4.201875
2109;4.202303
2110;4.202357
2111;4.202811
2112;4.202363
2113;4.203055
2114;4.205960
2115;4.207140
2116;4.206777
2117;4.205125
2118;4.202686
2119;4.203149
2120;4.202738
2121;4.204748
2122;4.207618
2123;4.207683
2124;4.210799
2125;4.212069
2126;4.217887
2127;4.216281
2128;4.217274
2129;4.217161
2130;4.214674
2131;4.211607
2132;4.210219
2133;4.211758
2134;4.212553
2135;4.211906
2136;4.215717
2137;4.215717
2138;4.217522
2139;4.216887
2140;4.215108
2141;4.212851
2142;4.209953
2143;4.208634
2144;4.212192
2145;4.214006
2146;4.214323
2147;4.216425
2148;4.216942
2149;4.215726
2150;4.216407
2151;4.213288
2152;4.211114
2153;4.210024
2154;4.208754
2155;4.211258
2156;4.212189
2157;4.212145
2158;4.209837
2159;4.207355
2160;4.206354
2161;4.207562
2162;4.207569
2163;4.206873
2164;4.204917
2165;4.204280
2166;4.202972
2167;4.203689
2168;4.204047
2169;4.204279
2170;4.202772
2171;4.201612
2172;4.199652
2173;4.197993
2174;4.198919
2175;4.196394
2176;4.196315
2177;4.197056
2178;4.202591
2179;4.201691
2180;4.199424
2181;4.197347
2182;4.197424
2183;4.197001
2184;4.200385
2185;4.202631
2186;4.203441
2187;4.202972
2188;4.200990
2189;4.200571
2190;4.198875
2191;4.197499
2192;4.197714
2193;4.199165
2194;4.200698
2195;4.201536
2196;4.202798
2197;4.204044
2198;4.205372
2199;4.208687
2200;4.211455
2201;4.210169
2202;4.209050
2203;4.206425
2204;4.204615
2205;4.204190
2206;4.204579
2207;4.203363
2208;4.201604
2209;4.203416
2210;4.201493
2211;4.200252
2212;4.202173
2213;4.202641
2214;4.201065
2215;4.201821
2216;4.200913
2217;4.200369
2218;4.202139
2219;4.202452
2220;4.201396
2221;4.200445
2222;4.201186
2223;4.198772
2224;4.198977
2225;4.199555
2226;4.204583
2227;4.205940
2228;4.205928
2229;4.204060
2230;4.208302
2231;4.212399
2232;4.211675
2233;4.208556
2234;4.205224
2235;4.207046
2236;4.212446
2237;4.214879
2238;4.216465
2239;4.218010
2240;4.214839
2241;4.215392
2242;4.215074
2243;4.212882
2244;4.211818
2245;4.212412
2246;4.211726
2247;4.210427
2248;4.210699
2249;4.209882
2250;4.210733
2251;4.213218
2252;4.213279
2253;4.211159
2254;4.209021
2255;4.207962
2256;4.205472
2257;4.205813
2258;4.204150
2259;4.203049
2260;4.202654
2261;4.204894
2262;4.209550
2263;4.212035
2264;4.213065
2265;4.211768
2266;4.213804
2267;4.214594
2268;4.215336
2269;4.215192
2270;4.214682
2271;4.215019
2272;4.216047
2273;4.213717
2274;4.215943
2275;4.215111
2276;4.214067
2277;4.213721
2278;4.214440
2279;4.214700
2280;4.212169
2281;4.210438
2282;4.209271
2283;4.206781
2284;4.206984
2285;4.206044
2286;4.206999
2287;4.204131
2288;4.204275
2289;4.201388
2290;4.202224
2291;4.199990
2292;4.201108
2293;4.202816
2294;4.200462
2295;4.199671
2296;4.198301
2297;4.198988
2298;4.197724
2299;4.199262
2300;4.201541
2301;4.203322
2302;4.204512
2303;4.204184
2304;4.204586
2305;4.206885
2306;4.207075
2307;4.208786
2308;4.208237
2309;4.206909
2310;4.207129
2311;4.207108
2312;4.211499
2313;4.211009
2314;4.213197
2315;4.213282
2316;4.214001
2317;4.212213
2318;4.211945
2319;4.209360
2320;4.208629
2321;4.208085
2322;4.207159
2323;4.205989
2324;4.205797
2325;4.205826
2326;4.205466
2327;4.205702
2328;4.204984
2329;4.207422
2330;4.207853
2331;4.211250
2332;4.212066
2333;4.211374
2334;4.210740
2335;4.207632
2336;4.208850
2337;4.208579
2338;4.207884
2339;4.211049
2340;4.212553
2341;4.215425
2342;4.215977
2343;4.215662
2344;4.214345
2345;4.213000
2346;4.211935
2347;4.212329
2348;4.212943
2349;4.212521
2350;4.211261
2351;4.210908
2352;4.208260
2353;4.207793
2354;4.208315
2355;4.207264
2356;4.208932
2357;4.207592
2358;4.206631
2359;4.203996
2360;4.202961
2361;4.200374
2362;4.198983
2363;4.197706
2364;4.198205
2365;4.202656
2366;4.203111
2367;4.202135
2368;4.200446
2369;4.200912
2370;4.198804
2371;4.197570
2372;4.196436
2373;4.196418
2374;4.194791
2375;4.195967
2376;4.195004
2377;4.193425
2378;4.192801
2379;4.197479
2380;4.195549
2381;4.197565
2382;4.196366
2383;4.197187
2384;4.197193
2385;4.198400
2386;4.200091
2387;4.200678
2388;4.205226
2389;4.207039
2390;4.205511
2391;4.206352
2392;4.204411
2393;4.203040
2394;4.201490
2395;4.200607
2396;4.198337
2397;4.196314
2398;4.195226
2399;4.194400
2400;4.193493
2401;4.195224
2402;4.195570
2403;4.194446
2404;4.195172
2405;4.196420
2406;4.198512
2407;4.200288
2408;4.199740
2409;4.199442
2410;4.198839
2411;4.199624
2412;4.199326
2413;4.201158
2414;4.203905
2415;4.207144
2416;4.207150
2417;4.205745
2418;4.203244
2419;4.202402
2420;4.201502
2421;4.200611
2422;4.199361
2423;4.198161
2424;4.198867
2425;4.198153
2426;4.197065
2427;4.196210
2428;4.195546
2429;4.194032
2430;4.194280
2431;4.196742
2432;4.200076
2433;4.201470
2434;4.202516
2435;4.205549
2436;4.206941
2437;4.205033
2438;4.203009
2439;4.201987
2440;4.201180
2441;4.200215
2442;4.199477
2443;4.199683
2444;4.198485
2445;4.196004
2446;4.196811
2447;4.198634
2448;4.197270
2449;4.196181
2450;4.196168
2451;4.194421
2452;4.193124
2453;4.193114
2454;4.194452
2455;4.196833
2456;4.196860
2457;4.195893
2458;4.195671
2459;4.193729
2460;4.193547
2461;4.192277
2462;4.193097
2463;4.191155
2464;4.189528
2465;4.188599
2466;4.190834
2467;4.190842
2468;4.190492
2469;4.189841
2470;4.190509
2471;4.191018
2472;4.192067
2473;4.192711
2474;4.191413
2475;4.191872
2476;4.192860
2477;4.192541
2478;4.193148
2479;4.192546
2480;4.191813
2481;4.191182
2482;4.190135
2483;4.190002
2484;4.189762
2485;4.190759
2486;4.192605
2487;4.192862
2488;4.192405
2489;4.193290
2490;4.195325
2491;4.195813
2492;4.194921
2493;4.195674
2494;4.195137
2495;4.197794
2496;4.199102
2497;4.200312
2498;4.201496
2499;4.202064
2500;4.203596
2501;4.205928
2502;4.208652
2503;4.207945
2504;4.206545
2505;4.204315
2506;4.202907
2507;4.203965
2508;4.202847
2509;4.202163
2510;4.201978
2511;4.205816
2512;4.205515
2513;4.204705
2514;4.205260
2515;4.205803
2516;4.204438
2517;4.204045
2518;4.202392
2519;4.202401
2520;4.201787
2521;4.201284
2522;4.200398
2523;4.199403
2524;4.199283
2525;4.197265
2526;4.195283
2527;4.193584
2528;4.191690
2529;4.190038
2530;4.188401
2531;4.187911
2532;4.189553
2533;4.190106
2534;4.190982
2535;4.191809
2536;4.190355
2537;4.191131
2538;4.191588
2539;4.191391
2540;4.189729
2541;4.188347
2542;4.187070
2543;4.186456
2544;4.186919
2545;4.185980
2546;4.186491
2547;4.187735
2548;4.190706
2549;4.191926
2550;4.194657
2551;4.197903
2552;4.199385
2553;4.199760
2554;4.200148
2555;4.199538
2556;4.200560
2557;4.200379
2558;4.198953
2559;4.198820
2560;4.199034
2561;4.198601
2562;4.197847
2563;4.198770
2564;4.198451
2565;4.198001
2566;4.197278
2567;4.199949
2568;4.200788
2569;4.200339
2570;4.203034
2571;4.206013
2572;4.206232
2573;4.206817
2574;4.208862
2575;4.209304
2576;4.208076
2577;4.207575
2578;4.207111
2579;4.205920
2580;4.205947
2581;4.203228
2582;4.202152
2583;4.200414
2584;4.198261
2585;4.196857
2586;4.195919
2587;4.195758
2588;4.195679
2589;4.196916
2590;4.196983
2591;4.196153
2592;4.194870
2593;4.194623
2594;4.196253
2595;4.197879
2596;4.197408
2597;4.195431
2598;4.194851
2599;4.196550
2600;4.194263
2601;4.193261
2602;4.195539
2603;4.195229
2604;4.194998
2605;4.194382
2606;4.194984
2607;4.196482
2608;4.196732
2609;4.197917
2610;4.198337
2611;4.199452
2612;4.199270
2613;4.199047
2614;4.199850
2615;4.198215
2616;4.197222
2617;4.195182
2618;4.195505
2619;4.194611
2620;4.192518
2621;4.191911
2622;4.195169
2623;4.197812
2624;4.197540
2625;4.197965
2626;4.196143
2627;4.194837
2628;4.192793
2629;4.193503
2630;4.193140
2631;4.192586
2632;4.193236
2633;4.194736
2634;4.196053
2635;4.195101
2636;4.193605
2637;4.194632
2638;4.194747
2639;4.197080
2640;4.197309
2641;4.197901
2642;4.197183
2643;4.195208
2644;4.194148
2645;4.193532
2646;4.192462
2647;4.191349
2648;4.191462
2649;4.192489
2650;4.193493
2651;4.196682
2652;4.199455
2653;4.200775
2654;4.201835
2655;4.202962
2656;4.203692
2657;4.203278
2658;4.201781
2659;4.201325
2660;4.200205
2661;4.200088
2662;4.201991
2663;4.202518
2664;4.202460
2665;4.203756
2666;4.204084
2667;4.204913
2668;4.205079
2669;4.204688
2670;4.207057
2671;4.205027
2672;4.203109
2673;4.200856
2674;4.199915
2675;4.200360
2676;4.200467
2677;4.199382
2678;4.198684
2679;4.197968
2680;4.196652
2681;4.194706
2682;4.192925
2683;4.192746
2684;4.192437
2685;4.193767
2686;4.193131
2687;4.192948
2688;4.195508
2689;4.195925
2690;4.195465
2691;4.195758
2692;4.197329
2693;4.196666
2694;4.195121
2695;4.196115
2696;4.197724
2697;4.199476
2698;4.200154
2699;4.201476
2700;4.200385
2701;4.201881
2702;4.203657
2703;4.204077
2704;4.204381
2705;4.204428
2706;4.205094
2707;4.205748
2708;4.207518
2709;4.207717
2710;4.206552
2711;4.207031
2712;4.208712
2713;4.209080
2714;4.210148
2715;4.208491
2716;4.205692
2717;4.203820
2718;4.200824
2719;4.200769
2720;4.200105
2721;4.199118
2722;4.199936
2723;4.198357
2724;4.201694
2725;4.201217
2726;4.201296
2727;4.202160
2728;4.203063
2729;4.201739
2730;4.200687
2731;4.201005
2732;4.201040
2733;4.200766
2734;4.201823
2735;4.205656
2736;4.205077
2737;4.204676
2738;4.203067
2739;4.202165
2740;4.201212
2741;4.198957
2742;4.197715
2743;4.198020
2744;4.196907
2745;4.197721
2746;4.196065
2747;4.194712
2748;4.194755
2749;4.194252
2750;4.194833
2751;4.196493
2752;4.195722
2753;4.194114
2754;4.192564
2755;4.192681
2756;4.197969
2757;4.196309
2758;4.194335
2759;4.193836
2760;4.194102
2761;4.194328
2762;4.193713
2763;4.195795
2764;4.200520
2765;4.204167
2766;4.208044
2767;4.209995
2768;4.209189
2769;4.209332
2770;4.208489
2771;4.208573
2772;4.207423
2773;4.207123
2774;4.204769
2775;4.203068
2776;4.204869
2777;4.203980
2778;4.207037
2779;4.208702
2780;4.206425
2781;4.204588
2782;4.205808
2783;4.206324
2784;4.207021
2785;4.209578
2786;4.211128
2787;4.211889
2788;4.212005
2789;4.211082
2790;4.209820
2791;4.207661
2792;4.206189
2793;4.205583
2794;4.205452
2795;4.205667
2796;4.205152
2797;4.203847
2798;4.203345
2799;4.202216
2800;4.202771
2801;4.203792
2802;4.205153
2803;4.206200
2804;4.205976
2805;4.207198
2806;4.206952
2807;4.206362
2808;4.206169
2809;4.204980
2810;4.205447
2811;4.203489
2812;4.202513
2813;4.202026
2814;4.202742
2815;4.204416
2816;4.204070
2817;4.203899
2818;4.201745
2819;4.200698
2820;4.202192
2821;4.200292
2822;4.198948
2823;4.198202
2824;4.197060
2825;4.196719
2826;4.195607
2827;4.195988
2828;4.194684
2829;4.193937
2830;4.193398
2831;4.198951
2832;4.200066
2833;4.203345
2834;4.202937
2835;4.202656
2836;4.204665
2837;4.205093
2838;4.203174
2839;4.202337
2840;4.203699
2841;4.204672
2842;4.205030
2843;4.204200
2844;4.201842
2845;4.201093
2846;4.200607
2847;4.201010
2848;4.199059
2849;4.197841
2850;4.196721
2851;4.196726
2852;4.195351
2853;4.195777
2854;4.196361
2855;4.195844
2856;4.195566
2857;4.194539
2858;4.195189
2859;4.194336
2860;4.193598
2861;4.193688
2862;4.193754
2863;4.193501
2864;4.192926
2865;4.192859
2866;4.192583
2867;4.193439
2868;4.193592
2869;4.192565
2870;4.193536
2871;4.196227
2872;4.195319
2873;4.196054
2874;4.196871
2875;4.197284
2876;4.197876
2877;4.196777
2878;4.195833
2879;4.196615
2880;4.200561
2881;4.200478
2882;4.202463
2883;4.204673
2884;4.206746
2885;4.205745
2886;4.205269
2887;4.205093
2888;4.206536
2889;4.204979
2890;4.203835
2891;4.206743
2892;4.208932
2893;4.209826
2894;4.209070
2895;4.207679
2896;4.206582
2897;4.205087
2898;4.202853
2899;4.203324
2900;4.205208
2901;4.205872
2902;4.204698
2903;4.202615
2904;4.201564
2905;4.201122
2906;4.201418
2907;4.202506
2908;4.202384
2909;4.201494
2910;4.202342
2911;4.203034
2912;4.202576
2913;4.202182
2914;4.202305
2915;4.202859
2916;4.203598
2917;4.202979
2918;4.204440
2919;4.207513
2920;4.207787
2921;4.205924
2922;4.206685
2923;4.205886
2924;4.203737
2925;4.202413
2926;4.200601
2927;4.199317
2928;4.198168
2929;4.196451
2930;4.197327
2931;4.197633
2932;4.199620
2933;4.201051
2934;4.201794
2935;4.202119
2936;4.203729
2937;4.205259
2938;4.205947
2939;4.209546
2940;4.207649
2941;4.205711
2942;4.203633
2943;4.201204
2944;4.199377
2945;4.198549
2946;4.196806
2947;4.196954
2948;4.199355
2949;4.198174
2950;4.198071
2951;4.198416
2952;4.196982
2953;4.199474
2954;4.198435
2955;4.196359
2956;4.195081
2957;4.194203
2958;4.194824
2959;4.195704
2960;4.197491
2961;4.198944
2962;4.199837
2963;4.200600
2964;4.200692
2965;4.202225
2966;4.206759
2967;4.208542
2968;4.210774
2969;4.212111
2970;4.213913
2971;4.213625
2972;4.212622
2973;4.212317
2974;4.212512
2975;4.210994
2976;4.210444
2977;4.212172
2978;4.211422
2979;4.209693
2980;4.210732
2981;4.210727
2982;4.211531
2983;4.210723
2984;4.207872
2985;4.208008
2986;4.207968
2987;4.206705
2988;4.204371
2989;4.202395
2990;4.201307
2991;4.201707
2992;4.203014
2993;4.203286
2994;4.202485
2995;4.202885
2996;4.201340
2997;4.202621
2998;4.201432
2999;4.201170
3000;4.201894
3001;4.200723
3002;4.201823
3003;4.199652
3004;4.198828
3005;4.201497
3006;4.202682
3007;4.204541
3008;4.207534
3009;4.205886
3010;4.203532
3011;4.204120
3012;4.204980
3013;4.205463
3014;4.204889
3015;4.203080
3016;4.201962
3017;4.199803
3018;4.198992
3019;4.197438
3020;4.198018
3021;4.197090
3022;4.196360
3023;4.197066
3024;4.196169
3025;4.194802
3026;4.194795
3027;4.195772
3028;4.196119
3029;4.195083
3030;4.193642
3031;4.194511
3032;4.193774
3033;4.196325
3034;4.194367
3035;4.194390
3036;4.193108
3037;4.192597
3038;4.191500
3039;4.192441
3040;4.192871
3041;4.193924
3042;4.192369
3043;4.193301
3044;4.194280
3045;4.195803
3046;4.196768
3047;4.196651
3048;4.198393
3049;4.199946
3050;4.200202
3051;4.198788
3052;4.197676
3053;4.199606
3054;4.202306
3055;4.203492
3056;4.205138
3057;4.204419
3058;4.202634
3059;4.202520
3060;4.203365
3061;4.205246
3062;4.208898
3063;4.210532
3064;4.211859
3065;4.213427
3066;4.215842
3067;4.217297
3068;4.218248
3069;4.217939
3070;4.217783
3071;4.218642
3072;4.218165
3073;4.215753
3074;4.212709
3075;4.209697
3076;4.207033
3077;4.204915
3078;4.203238
3079;4.201224
3080;4.201282
3081;4.199733
3082;4.200340
3083;4.199343
3084;4.197023
3085;4.199067
3086;4.200379
3087;4.200182
3088;4.200183
3089;4.200573
3090;4.201621
3091;4.203474
3092;4.205249
3093;4.204223
3094;4.202414
3095;4.200007
3096;4.200052
3097;4.202929
3098;4.204525
3099;4.203045
3100;4.202826
3101;4.205510
3102;4.206609
3103;4.205637
3104;4.205536
3105;4.205133
3106;4.204932
3107;4.208066
3108;4.208894
3109;4.209972
3110;4.212385
3111;4.216505
3112;4.219304
3113;4.222033
3114;4.223255
3115;4.227398
3116;4.229366
3117;4.232306
3118;4.232221
3119;4.231689
3120;4.229259
3121;4.225192
3122;4.223525
3123;4.218806
3124;4.215325
3125;4.211519
3126;4.212402
3127;4.210489
3128;4.209804
3129;4.209647
3130;4.212253
3131;4.211895
3132;4.213729
3133;4.212953
3134;4.211934
3135;4.211750
3136;4.212924
3137;4.213680
3138;4.214290
3139;4.214201
3140;4.214055
3141;4.211291
3142;4.209979
3143;4.207772
3144;4.206507
3145;4.204077
3146;4.203031
3147;4.200325
3148;4.199084
3149;4.199861
3150;4.198611
3151;4.197880
3152;4.198351
3153;4.197251
3154;4.195857
3155;4.195312
3156;4.195191
3157;4.194617
3158;4.194703
3159;4.196175
3160;4.194835
3161;4.194983
3162;4.194196
3163;4.195322
3164;4.194552
3165;4.194336
3166;4.194322
3167;4.195049
3168;4.195393
3169;4.195139
3170;4.195525
3171;4.193778
3172;4.192904
3173;4.193336
3174;4.194612
3175;4.194303
3176;4.194632
3177;4.194535
3178;4.194396
3179;4.193384
3180;4.192182
3181;4.191491
3182;4.190558
3183;4.190512
3184;4.190107
3185;4.191193
3186;4.190743
3187;4.190179
3188;4.191505
3189;4.192126
3190;4.192107
3191;4.191853
3192;4.191997
3193;4.191410
3194;4.191555
3195;4.191088
3196;4.191027
3197;4.190651
3198;4.190086
3199;4.190300
3200;4.189652
3201;4.189175
3202;4.188789
3203;4.187726
3204;4.187554
3205;4.188601
3206;4.189209
3207;4.188349
3208;4.187808
3209;4.187840
3210;4.189015
3211;4.188843
3212;4.188954
3213;4.191584
3214;4.191405
3215;4.191854
3216;4.193962
3217;4.195406
3218;4.196423
3219;4.195594
3220;4.195178
3221;4.196240
3222;4.196106
3223;4.195449
3224;4.193977
3225;4.195555
3226;4.194913
3227;4.194622
3228;4.195725
3229;4.198552
3230;4.199400
3231;4.200222
3232;4.199909
3233;4.199474
3234;4.198060
3235;4.198749
3236;4.199029
3237;4.200378
3238;4.201799
3239;4.201251
3240;4.200705
3241;4.201684
3242;4.202166
3243;4.203390
3244;4.206792
3245;4.208202
3246;4.209138
3247;4.208323
3248;4.208241
3249;4.209148
3250;4.208615
3251;4.207952
3252;4.207901
3253;4.208709
3254;4.209625
3255;4.207865
3256;4.205600
3257;4.203010
3258;4.200425
3259;4.199353
3260;4.199780
3261;4.199327
3262;4.199362
3263;4.200053
3264;4.201139
3265;4.199919
3266;4.198177
3267;4.196786
3268;4.195014
3269;4.195686
3270;4.197718
3271;4.195558
3272;4.193421
3273;4.192954
3274;4.193632
3275;4.197269
3276;4.198186
3277;4.198094
3278;4.198159
3279;4.196522
3280;4.195343
3281;4.194625
3282;4.196455
3283;4.197401
3284;4.197475
3285;4.197850
3286;4.196508
3287;4.197347
3288;4.197128
3289;4.197596
3290;4.197283
3291;4.195976
3292;4.196782
3293;4.197789
3294;4.197399
3295;4.196386
3296;4.195039
3297;4.193764
3298;4.192727
3299;4.195153
3300;4.194427
3301;4.192732
3302;4.193013
3303;4.193575
3304;4.193256
3305;4.192484
3306;4.191071
3307;4.191244
3308;4.190577
3309;4.190682
3310;4.192306
3311;4.192069
3312;4.192704
3313;4.193018
3314;4.194808
3315;4.194107
3316;4.198892
3317;4.198251
3318;4.198328
3319;4.198656
3320;4.197892
3321;4.198177
3322;4.197995
3323;4.197944
3324;4.197817
3325;4.199004
3326;4.198377
3327;4.198997
3328;4.198930
3329;4.199723
3330;4.199982
3331;4.199837
3332;4.198642
3333;4.197625
3334;4.198897
3335;4.197628
3336;4.198097
3337;4.197759
3338;4.197006
3339;4.197099
3340;4.195920
3341;4.194055
3342;4.192216
3343;4.191604
3344;4.189962
3345;4.189179
3346;4.189883
3347;4.189725
3348;4.190369
3349;4.190722
3350;4.190762
3351;4.190455
3352;4.189597
3353;4.189713
3354;4.190029
3355;4.191302
3356;4.192119
3357;4.193206
3358;4.195180
3359;4.194579
3360;4.195149
3361;4.195799
3362;4.195447
3363;4.196565
3364;4.200000
3365;4.200770
3366;4.201029
3367;4.200878
3368;4.200161
3369;4.199996
3370;4.198771
3371;4.198607
3372;4.200581
3373;4.199879
3374;4.198752
3375;4.196315
3376;4.194288
3377;4.192492
3378;4.192337
3379;4.192011
3380;4.191132
3381;4.190563
3382;4.189818
3383;4.190834
3384;4.189904
3385;4.189570
3386;4.189387
3387;4.189285
3388;4.190133
3389;4.193935
3390;4.194578
3391;4.195958
3392;4.193927
3393;4.192123
3394;4.192383
3395;4.197646
3396;4.199414
3397;4.198664
3398;4.197036
3399;4.194749
3400;4.195037
3401;4.193037
3402;4.191303
3403;4.191110
3404;4.190485
3405;4.190377
3406;4.190295
3407;4.190487
3408;4.190364
3409;4.190512
3410;4.190559
3411;4.190699
3412;4.191117
3413;4.190386
3414;4.190288
3415;4.189185
3416;4.189327
3417;4.189887
3418;4.190580
3419;4.193068
3420;4.194719
3421;4.197722
3422;4.199325
3423;4.200480
3424;4.201502
3425;4.200674
3426;4.203316
3427;4.205154
3428;4.205918
3429;4.205730
3430;4.209096
3431;4.210257
3432;4.210917
3433;4.210268
3434;4.207968
3435;4.208033
3436;4.207253
3437;4.205695
3438;4.203820
3439;4.202963
3440;4.200798
3441;4.198205
3442;4.195810
3443;4.196181
3444;4.196825
3445;4.195599
3446;4.193779
3447;4.193090
3448;4.192885
3449;4.191777
3450;4.193382
3451;4.192772
3452;4.193672
3453;4.192147
3454;4.190523
3455;4.188898
3456;4.189208
3457;4.189562
3458;4.189648
3459;4.188685
3460;4.188367
3461;4.187332
3462;4.187374
3463;4.188094
3464;4.188847
3465;4.189509
3466;4.190989
3467;4.194894
3468;4.195555
3469;4.195318
3470;4.195267
3471;4.195384
3472;4.196188
3473;4.199428
3474;4.197671
3475;4.196964
3476;4.196013
3477;4.194096
3478;4.192204
3479;4.190364
3480;4.190140
3481;4.189804
3482;4.188548
3483;4.188963
3484;4.190414
3485;4.191058
3486;4.192010
3487;4.192814
3488;4.192712
3489;4.196641
3490;4.195092
3491;4.194772
3492;4.196954
3493;4.197804
3494;4.198013
3495;4.198930
3496;4.199194
3497;4.199842
3498;4.202274
3499;4.200841
3500;4.199313
3501;4.199159
3502;4.198827
3503;4.198810
3504;4.198856
3505;4.198940
3506;4.197430
3507;4.197065
3508;4.197492
3509;4.198251
3510;4.198472
3511;4.200463
3512;4.199191
3513;4.198807
3514;4.198038
3515;4.197248
3516;4.194928
3517;4.192833
3518;4.192364
3519;4.191097
3520;4.191515
3521;4.192588
3522;4.191777
3523;4.191705
3524;4.191085
3525;4.189449
3526;4.192402
3527;4.191660
3528;4.190312
3529;4.192265
3530;4.191502
3531;4.192319
3532;4.193086
3533;4.192891
3534;4.194249
3535;4.193162
3536;4.192879
3537;4.193210
3538;4.193589
3539;4.193124
3540;4.193392
3541;4.192821
3542;4.193377
3543;4.192430
3544;4.193185
3545;4.192581
3546;4.192181
3547;4.190231
3548;4.189569
3549;4.187300
3550;4.184968
3551;4.186727
3552;4.186143
3553;4.184491
3554;4.183212
3555;4.182535
3556;4.180884
3557;4.179564
3558;4.177707
3559;4.177179
3560;4.178202
3561;4.179203
3562;4.177745
3563;4.178370
3564;4.181395
3565;4.182332
3566;4.184423
3567;4.183439
3568;4.181680
3569;4.180345
3570;4.179836
3571;4.181390
3572;4.180263
3573;4.183224
3574;4.183865
3575;4.183916
3576;4.183977
3577;4.183844
3578;4.182460
3579;4.181426
3580;4.179594
3581;4.177409
3582;4.175885
3583;4.176667
3584;4.179682
3585;4.178501
3586;4.177059
3587;4.176409
3588;4.175277
3589;4.174749
3590;4.173091
3591;4.173659
3592;4.172989
3593;4.172985
3594;4.171762
3595;4.170907
3596;4.170651
3597;4.171059
3598;4.170209
3599;4.169642
3600;4.174258
3601;4.172911
3602;4.171894
3603;4.173198
3604;4.173608
3605;4.173646
3606;4.174491
3607;4.175410
3608;4.175046
3609;4.175866
3610;4.176576
3611;4.175753
3612;4.175966
3613;4.177279
3614;4.176885
3615;4.177660
3616;4.178833
3617;4.179347
3618;4.179956
3619;4.181647
3620;4.180728
3621;4.178913
3622;4.178726
3623;4.178695
3624;4.177417
3625;4.176368
3626;4.175479
3627;4.175636
3628;4.174863
3629;4.175442
3630;4.178315
3631;4.178259
3632;4.177129
3633;4.177237
3634;4.176788
3635;4.175273
3636;4.174568
3637;4.173214
3638;4.173165
3639;4.173366
3640;4.173784
3641;4.172594
3642;4.172646
3643;4.171453
3644;4.174323
3645;4.173306
3646;4.172586
3647;4.172496
3648;4.172821
3649;4.171798
3650;4.171068
3651;4.170579
3652;4.171581
3653;4.171186
3654;4.171234
3655;4.172195
3656;4.174786
3657;4.175171
3658;4.175253
3659;4.175371
3660;4.174707
3661;4.176571
3662;4.177525
3663;4.176191
3664;4.176874
3665;4.176770
3666;4.177140
3667;4.178390
3668;4.176683
3669;4.175034
3670;4.173855
3671;4.173519
3672;4.173232
3673;4.175386
3674;4.176361
3675;4.175273
3676;4.174387
3677;4.173750
3678;4.174596
3679;4.177201
3680;4.177082
3681;4.176162
3682;4.174513
3683;4.173043
3684;4.171839
3685;4.171177
3686;4.171101
3687;4.170931
3688;4.171118
3689;4.171541
3690;4.171957
3691;4.172597
3692;4.172059
3693;4.171012
3694;4.170056
3695;4.170161
3696;4.169956
3697;4.169500
3698;4.168811
3699;4.169551
3700;4.169930
3701;4.169151
3702;4.172199
3703;4.171528
3704;4.171748
3705;4.171249
3706;4.171015
3707;4.170802
3708;4.169829
3709;4.169845
3710;4.171821
3711;4.172889
3712;4.172066
3713;4.176255
3714;4.177711
3715;4.177830
3716;4.179449
3717;4.182072
3718;4.185653
3719;4.186598
3720;4.186113
3721;4.184468
3722;4.183409
3723;4.181458
3724;4.180366
3725;4.181336
3726;4.181137
3727;4.180486
3728;4.181524
3729;4.180262
3730;4.179471
3731;4.177574
3732;4.177727
3733;4.180744
3734;4.182734
3735;4.184798
3736;4.185995
3737;4.185266
3738;4.184545
3739;4.184451
3740;4.186185
3741;4.185698
3742;4.184608
3743;4.183492
3744;4.182521
3745;4.180408
3746;4.178533
3747;4.180280
3748;4.179105
3749;4.179034
3750;4.177467
3751;4.178567
3752;4.177690
3753;4.177782
3754;4.176500
3755;4.175866
3756;4.175716
3757;4.174983
3758;4.174178
3759;4.173560
3760;4.175188
3761;4.174689
3762;4.174336
3763;4.173365
3764;4.175892
3765;4.175763
3766;4.175548
3767;4.176205
3768;4.176537
3769;4.175599
3770;4.175643
3771;4.176360
3772;4.177380
3773;4.178933
3774;4.178013
3775;4.179952
3776;4.180330
3777;4.179859
3778;4.178702
3779;4.178694
3780;4.180409
3781;4.180684
3782;4.183370
3783;4.182481
3784;4.183565
3785;4.184335
3786;4.184155
3787;4.183315
3788;4.182462
3789;4.182821
3790;4.182913
3791;4.184043
3792;4.182085
3793;4.181750
3794;4.180359
3795;4.178777
3796;4.178435
3797;4.178396
3798;4.179688
3799;4.180507
3800;4.181410
3801;4.181002
3802;4.181198
3803;4.180976
3804;4.181232
3805;4.181639
3806;4.181908
3807;4.181532
3808;4.181735
3809;4.180387
3810;4.179822
3811;4.178493
3812;4.178479
3813;4.179557
3814;4.179857
3815;4.180242
3816;4.179398
3817;4.178302
3818;4.177890
3819;4.179505
3820;4.178349
3821;4.176704
3822;4.175314
3823;4.176128
3824;4.176473
3825;4.178545
3826;4.180384
3827;4.179537
3828;4.178949
3829;4.179651
3830;4.178918
3831;4.177531
3832;4.178846
3833;4.179477
3834;4.179083
3835;4.179269
3836;4.179388
3837;4.178081
3838;4.179605
3839;4.178117
3840;4.177905
3841;4.180321
3842;4.178976
3843;4.180776
3844;4.180757
3845;4.180561
3846;4.179128
3847;4.178859
3848;4.178224
3849;4.178883
3850;4.179516
3851;4.179104
3852;4.178669
3853;4.177693
3854;4.176942
3855;4.177327
3856;4.176385
3857;4.175489
3858;4.174733
3859;4.175299
3860;4.174013
3861;4.177924
3862;4.178026
3863;4.177424
3864;4.177406
3865;4.176935
3866;4.177407
3867;4.178657
3868;4.176731
3869;4.175498
3870;4.175005
3871;4.173856
3872;4.173993
3873;4.172718
3874;4.171234
3875;4.172116
3876;4.172447
3877;4.171281
3878;4.172296
3879;4.176404
3880;4.174910
3881;4.174961
3882;4.174488
3883;4.174445
3884;4.173570
3885;4.172211
3886;4.170815
3887;4.170509
3888;4.170798
3889;4.171533
3890;4.174961
3891;4.175049
3892;4.175967
3893;4.175489
3894;4.174824
3895;4.173981
3896;4.174459
3897;4.174957
3898;4.175268
3899;4.174512
3900;4.174834
3901;4.173830
3902;4.173756
3903;4.174461
3904;4.173968
3905;4.173790
3906;4.175402
3907;4.177595
3908;4.179697
3909;4.179557
3910;4.178931
3911;4.178029
3912;4.178417
3913;4.177596
3914;4.177890
3915;4.180557
3916;4.178875
3917;4.177114
3918;4.176060
3919;4.176527
3920;4.177944
3921;4.177694
3922;4.177392
3923;4.178224
3924;4.177221
3925;4.178237
3926;4.177855
3927;4.178105
3928;4.176878
3929;4.175326
3930;4.175157
3931;4.173727
3932;4.172304
3933;4.172724
3934;4.171746
3935;4.170416
3936;4.170537
3937;4.172066
3938;4.171958
3939;4.171061
3940;4.169565
3941;4.169567
3942;4.169381
3943;4.169329
3944;4.168406
3945;4.167411
3946;4.167077
3947;4.167386
3948;4.167889
3949;4.168472
3950;4.167858
3951;4.171641
3952;4.172263
3953;4.172343
3954;4.174411
3955;4.175565
3956;4.177098
3957;4.178135
3958;4.178225
3959;4.177382
3960;4.178738
3961;4.177396
3962;4.175770
3963;4.174714
3964;4.172831
3965;4.172995
3966;4.172040
3967;4.172379
3968;4.176205
3969;4.174886
3970;4.173976
3971;4.173298
3972;4.175404
3973;4.177160
3974;4.176379
3975;4.175669
3976;4.176738
3977;4.176166
3978;4.177189
3979;4.178217
3980;4.178480
3981;4.177611
3982;4.179030
3983;4.180056
3984;4.179464
3985;4.178936
3986;4.177572
3987;4.177362
3988;4.175834
3989;4.175485
3990;4.175442
3991;4.178206
3992;4.177137
3993;4.177501
3994;4.177582
3995;4.178908
3996;4.182848
3997;4.181682
3998;4.180470
3999;4.180740
4000;4.181246
4001;4.181694
4002;4.182715
4003;4.183398
4004;4.184380
4005;4.185393
4006;4.185665
4007;4.188609
4008;4.188373
4009;4.189898
4010;4.190548
4011;4.194085
4012;4.193453
4013;4.192735
4014;4.190653
4015;4.188849
4016;4.189365
4017;4.189636
4018;4.188220
4019;4.186195
4020;4.184868
4021;4.182564
4022;4.180458
4023;4.178764
4024;4.178858
4025;4.177806
4026;4.179716
4027;4.179647
4028;4.181085
4029;4.184143
4030;4.182489
4031;4.180270
4032;4.182015
4033;4.181252
4034;4.178758
4035;4.178653
4036;4.178285
4037;4.178530
4038;4.176296
4039;4.176304
4040;4.174861
4041;4.174401
4042;4.172744
4043;4.171176
4044;4.170029
4045;4.170376
4046;4.169485
4047;4.169466
4048;4.168915
4049;4.169968
4050;4.169208
4051;4.168482
4052;4.169206
4053;4.169686
4054;4.171426
4055;4.171189
4056;4.169849
4057;4.170838
4058;4.169882
4059;4.170364
4060;4.171077
4061;4.172197
4062;4.173917
4063;4.173188
4064;4.171925
4065;4.174649
4066;4.174794
4067;4.173536
4068;4.173525
4069;4.173333
4070;4.172012
4071;4.171859
4072;4.172510
4073;4.172853
4074;4.172601
4075;4.173060
4076;4.174839
4077;4.178516
4078;4.181899
4079;4.182054
4080;4.181711
4081;4.182368
4082;4.181422
4083;4.182536
4084;4.182420
4085;4.183928
4086;4.183707
4087;4.183222
4088;4.182807
4089;4.182873
4090;4.184233
4091;4.184178
4092;4.183195
4093;4.181699
4094;4.180008
4095;4.180036
4096;4.178664
4097;4.178723
4098;4.179134
4099;4.178092
4100;4.176771
4101;4.176370
4102;4.176573
4103;4.176202
4104;4.175362
4105;4.173016
4106;4.170489
4107;4.167830
4108;4.165219
4109;4.161969
4110;4.158776
4111;4.158082
4112;4.156628
4113;4.155472
4114;4.153129
4115;4.149679
4116;4.146639
4117;4.145876
4118;4.142778
4119;4.139986
4120;4.136401
4121;4.133848
4122;4.132663
4123;4.130283
4124;4.131046
4125;4.129148
4126;4.127324
4127;4.127387
4128;4.127689
4129;4.127471
4130;4.127487
4131;4.128428
4132;4.130916
4133;4.130472
4134;4.131092
4135;4.131780
4136;4.132520
4137;4.132251
4138;4.131437
4139;4.131324
4140;4.131567
4141;4.132919
4142;4.133710
4143;4.132392
4144;4.130693
4145;4.128875
4146;4.128316
4147;4.127603
4148;4.128894
4149;4.127698
4150;4.125704
4151;4.125029
4152;4.125026
4153;4.124965
4154;4.123055
4155;4.121414
4156;4.121692
4157;4.120204
4158;4.119955
4159;4.118254
4160;4.117563
4161;4.117619
4162;4.116441
4163;4.117014
4164;4.119573
4165;4.121861
4166;4.123165
4167;4.121606
4168;4.121687
4169;4.122367
4170;4.123598
4171;4.125597
4172;4.126467
4173;4.129984
4174;4.131881
4175;4.130633
4176;4.129657
4177;4.129249
4178;4.128864
4179;4.128254
4180;4.126830
4181;4.125445
4182;4.125795
4183;4.124518
4184;4.124651
4185;4.123118
4186;4.123230
4187;4.124841
4188;4.124121
4189;4.122888
4190;4.122946
4191;4.121688
4192;4.123222
4193;4.124905
4194;4.123298
4195;4.124628
4196;4.126847
4197;4.128262
4198;4.131286
4199;4.133293
4200;4.134941
4201;4.137722
4202;4.138762
4203;4.136486
4204;4.134538
4205;4.131599
4206;4.130960
4207;4.128989
4208;4.126969
4209;4.126455
4210;4.124620
4211;4.122717
4212;4.123380
4213;4.122307
4214;4.120850
4215;4.119336
4216;4.117851
4217;4.116911
4218;4.115778
4219;4.114879
4220;4.114453
4221;4.115078
4222;4.114720
4223;4.116268
4224;4.122279
4225;4.123498
4226;4.123339
4227;4.122366
4228;4.122641
4229;4.125158
4230;4.129025
4231;4.128825
4232;4.129990
4233;4.132632
4234;4.130850
4235;4.130378
4236;4.130389
4237;4.131601
4238;4.130717
4239;4.128987
4240;4.126646
4241;4.124642
4242;4.122725
4243;4.122324
4244;4.122359
4245;4.121137
4246;4.124173
4247;4.125477
4248;4.125505
4249;4.128030
4250;4.127965
4251;4.126212
4252;4.127833
4253;4.126440
4254;4.126273
4255;4.125152
4256;4.125292
4257;4.124784
4258;4.123755
4259;4.124242
4260;4.123858
4261;4.122806
4262;4.121396
4263;4.123235
4264;4.123196
4265;4.121974
4266;4.120780
4267;4.119477
4268;4.119314
4269;4.118092
4270;4.118201
4271;4.121315
4272;4.120866
4273;4.120748
4274;4.119422
4275;4.119340
4276;4.120168
4277;4.119900
4278;4.119080
4279;4.118007
4280;4.118139
4281;4.117429
4282;4.116390
4283;4.116511
4284;4.115898
4285;4.117557
4286;4.118684
4287;4.118322
4288;4.116638
4289;4.114979
4290;4.113453
4291;4.117169
4292;4.118301
4293;4.120886
4294;4.119610
4295;4.117661
4296;4.116032
4297;4.116825
4298;4.117117
4299;4.116379
4300;4.118125
4301;4.118709
4302;4.121699
4303;4.121767
4304;4.123934
4305;4.125340
4306;4.126580
4307;4.126328
4308;4.125051
4309;4.122827
4310;4.122196
4311;4.122612
4312;4.123280
4313;4.121429
4314;4.122577
4315;4.122991
4316;4.120883
4317;4.119813
4318;4.119558
4319;4.118200
4320;4.117076
4321;4.118965
4322;4.120326
4323;4.119525
4324;4.121819
4325;4.122520
4326;4.121479
4327;4.121608
4328;4.123252
4329;4.123954
4330;4.124650
4331;4.124502
4332;4.126362
4333;4.126039
4334;4.127806
4335;4.126318
4336;4.126368
4337;4.129543
4338;4.129494
4339;4.129525
4340;4.129847
4341;4.130607
4342;4.131194
4343;4.131835
4344;4.132472
4345;4.132324
4346;4.132030
4347;4.130824
4348;4.131786
4349;4.129848
4350;4.127743
4351;4.125553
4352;4.124683
4353;4.122851
4354;4.122734
4355;4.123771
4356;4.123300
4357;4.123063
4358;4.124389
4359;4.122627
4360;4.121387
4361;4.122578
4362;4.123059
4363;4.124856
4364;4.125195
4365;4.125953
4366;4.124093
4367;4.125226
4368;4.125231
4369;4.126610
4370;4.125759
4371;4.126301
4372;4.124366
4373;4.122941
4374;4.122186
4375;4.120616
4376;4.120127
4377;4.119156
4378;4.121064
4379;4.120912
4380;4.119992
4381;4.119625
4382;4.119752
4383;4.118854
4384;4.117890
4385;4.117714
4386;4.118585
4387;4.117676
4388;4.117344
4389;4.119537
4390;4.120179
4391;4.120838
4392;4.121498
4393;4.123421
4394;4.125381
4395;4.124525
4396;4.124047
4397;4.122598
4398;4.121980
4399;4.121861
4400;4.121687
4401;4.123255
4402;4.124599
4403;4.125379
4404;4.128168
4405;4.128893
4406;4.127395
4407;4.128030
4408;4.129137
4409;4.128255
4410;4.127043
4411;4.127292
4412;4.126954
4413;4.125240
4414;4.123629
4415;4.123367
4416;4.121527
4417;4.120189
4418;4.123167
4419;4.125476
4420;4.125814
4421;4.124311
4422;4.125111
4423;4.125946
4424;4.125132
4425;4.125225
4426;4.124548
4427;4.124294
4428;4.123928
4429;4.124234
4430;4.123551
4431;4.125132
4432;4.125100
4433;4.123640
4434;4.121743
4435;4.122420
4436;4.120646
4437;4.122131
4438;4.122441
4439;4.123159
4440;4.125024
4441;4.126608
4442;4.127488
4443;4.130649
4444;4.131645
4445;4.130237
4446;4.128167
4447;4.126975
4448;4.125594
4449;4.126250
4450;4.125116
4451;4.124863
4452;4.125208
4453;4.124891
4454;4.123087
4455;4.121406
4456;4.119819
4457;4.120255
4458;4.119924
4459;4.121259
4460;4.121504
4461;4.121793
4462;4.121496
4463;4.120979
4464;4.119882
4465;4.118508
4466;4.118759
4467;4.117823
4468;4.116809
4469;4.116458
4470;4.121171
4471;4.120858
4472;4.119488
4473;4.119818
4474;4.122199
4475;4.121743
4476;4.121766
4477;4.120132
4478;4.118605
4479;4.119671
4480;4.118841
4481;4.118102
4482;4.119670
4483;4.123005
4484;4.123244
4485;4.122082
4486;4.120864
4487;4.120646
4488;4.122718
4489;4.123278
4490;4.124413
4491;4.125512
4492;4.124389
4493;4.123385
4494;4.123732
4495;4.121872
4496;4.120188
4497;4.119434
4498;4.117947
4499;4.118238
4500;4.117586
4501;4.117398
4502;4.117486
4503;4.120102
4504;4.122610
4505;4.121374
4506;4.119747
4507;4.120681
4508;4.119439
4509;4.120106
4510;4.120206
4511;4.120287
4512;4.124540
4513;4.126972
4514;4.125593
4515;4.126921
4516;4.126755
4517;4.124993
4518;4.126979
4519;4.126910
4520;4.126617
4521;4.127747
4522;4.126114
4523;4.124254
4524;4.122385
4525;4.120536
4526;4.118982
4527;4.119147
4528;4.118205
4529;4.119716
4530;4.122783
4531;4.121454
4532;4.120235
4533;4.119614
4534;4.118027
4535;4.117300
4536;4.116411
4537;4.115150
4538;4.115954
4539;4.115720
4540;4.118290
4541;4.118252
4542;4.117091
4543;4.115799
4544;4.114569
4545;4.114945
4546;4.117021
4547;4.123340
4548;4.124534
4549;4.126062
4550;4.127438
4551;4.127492
4552;4.130487
4553;4.129231
4554;4.129627
4555;4.130331
4556;4.128338
4557;4.126309
4558;4.124483
4559;4.124246
4560;4.123521
4561;4.121768
4562;4.120236
4563;4.120173
4564;4.118700
4565;4.117969
4566;4.117474
4567;4.117903
4568;4.118657
4569;4.119770
4570;4.120536
4571;4.120801
4572;4.121323
4573;4.124776
4574;4.126132
4575;4.128561
4576;4.128181
4577;4.126203
4578;4.127008
4579;4.128358
4580;4.128761
4581;4.127862
4582;4.126457
4583;4.127444
4584;4.129005
4585;4.127457
4586;4.126677
4587;4.126421
4588;4.124266
4589;4.124179
4590;4.123034
4591;4.122888
4592;4.123511
4593;4.123742
4594;4.125910
4595;4.124934
4596;4.124944
4597;4.123871
4598;4.125469
4599;4.127732
4600;4.130142
4601;4.129960
4602;4.128234
4603;4.129438
4604;4.128363
4605;4.127181
4606;4.125792
4607;4.125609
4608;4.126638
4609;4.126627
4610;4.125255
4611;4.123534
4612;4.122311
4613;4.120984
4614;4.121590
4615;4.120324
4616;4.120229
4617;4.119506
4618;4.121070
4619;4.119450
4620;4.120920
4621;4.119245
4622;4.119228
4623;4.119370
4624;4.118642
4625;4.119685
4626;4.120424
4627;4.122527
4628;4.123252
4629;4.125210
4630;4.129588
4631;4.131396
4632;4.130480
4633;4.130198
4634;4.130896
4635;4.133438
4636;4.135555
4637;4.134024
4638;4.134027
4639;4.134480
4640;4.131637
4641;4.129440
4642;4.129113
4643;4.130252
4644;4.130525
4645;4.129373
4646;4.128650
4647;4.128093
4648;4.127463
4649;4.127112
4650;4.126761
4651;4.125351
4652;4.123616
4653;4.122314
4654;4.122204
4655;4.121536
4656;4.119854
4657;4.119487
4658;4.119368
4659;4.118044
4660;4.116885
4661;4.117521
4662;4.119992
4663;4.120781
4664;4.121695
4665;4.120972
4666;4.121779
4667;4.124171
4668;4.126153
4669;4.128046
4670;4.128627
4671;4.127793
4672;4.127507
4673;4.128465
4674;4.129976
4675;4.131461
4676;4.133798
4677;4.136795
4678;4.136373
4679;4.137295
4680;4.138964
4681;4.137977
4682;4.137312
4683;4.136078
4684;4.136329
4685;4.135128
4686;4.133624
4687;4.132054
4688;4.132915
4689;4.133510
4690;4.131644
4691;4.131074
4692;4.131838
4693;4.130032
4694;4.129497
4695;4.127215
4696;4.127936
4697;4.126714
4698;4.124966
4699;4.123217
4700;4.123421
4701;4.122716
4702;4.125554
4703;4.124023
4704;4.122437
4705;4.120720
4706;4.120988
4707;4.120686
4708;4.124387
4709;4.126620
4710;4.127651
4711;4.127672
4712;4.126170
4713;4.123996
4714;4.121967
4715;4.122308
4716;4.121307
4717;4.119950
4718;4.120174
4719;4.118895
4720;4.119669
4721;4.118604
4722;4.117482
4723;4.116657
4724;4.117112
4725;4.116713
4726;4.117486
4727;4.118162
4728;4.118173
4729;4.117403
4730;4.117165
4731;4.117513
4732;4.118265
4733;4.117600
4734;4.116631
4735;4.115783
4736;4.116368
4737;4.117569
4738;4.118070
4739;4.118343
4740;4.117419
4741;4.118470
4742;4.119449
4743;4.120341
4744;4.119057
4745;4.117803
4746;4.118041
4747;4.118746
4748;4.118285
4749;4.118614
4750;4.117689
4751;4.120170
4752;4.119616
4753;4.121224
4754;4.120214
4755;4.118771
4756;4.119212
4757;4.118185
4758;4.118534
4759;4.118831
4760;4.118986
4761;4.119092
4762;4.118120
4763;4.117188
4764;4.116672
4765;4.115693
4766;4.114638
4767;4.113800
4768;4.118093
4769;4.117906
4770;4.120692
4771;4.123711
4772;4.124434
4773;4.123845
4774;4.123979
4775;4.126182
4776;4.126581
4777;4.127314
4778;4.126467
4779;4.126201
4780;4.126010
4781;4.124613
4782;4.122829
4783;4.121202
4784;4.121417
4785;4.120624
4786;4.120961
4787;4.120803
4788;4.119164
4789;4.117800
4790;4.117869
4791;4.117597
4792;4.116667
4793;4.115354
4794;4.115568
4795;4.114995
4796;4.114502
4797;4.114778
4798;4.117802
4799;4.118608
4800;4.119798
4801;4.119383
4802;4.124698
4803;4.126502
4804;4.126148
4805;4.124651
4806;4.122554
4807;4.123892
4808;4.124908
4809;4.128643
4810;4.130323
4811;4.130730
4812;4.132783
4813;4.131716
4814;4.134144
4815;4.133897
4816;4.131791
4817;4.132508
4818;4.131850
4819;4.130627
4820;4.128386
4821;4.130826
4822;4.128552
4823;4.129578
4824;4.129272
4825;4.129305
4826;4.129856
4827;4.132116
4828;4.131853
4829;4.131301
4830;4.129210
4831;4.128297
4832;4.126515
4833;4.125483
4834;4.125210
4835;4.126263
4836;4.127241
4837;4.128893
4838;4.133368
4839;4.131868
4840;4.130911
4841;4.129854
4842;4.129833
4843;4.129473
4844;4.128023
4845;4.126250
4846;4.124361
4847;4.128248
4848;4.127966
4849;4.127159
4850;4.126558
4851;4.124312
4852;4.122855
4853;4.121386
4854;4.123192
4855;4.123760
4856;4.122753
4857;4.121099
4858;4.121160
4859;4.119789
4860;4.120271
4861;4.122714
4862;4.124621
4863;4.125360
4864;4.124574
4865;4.123630
4866;4.123329
4867;4.123924
4868;4.124118
4869;4.122680
4870;4.121444
4871;4.120007
4872;4.119087
4873;4.119277
4874;4.118005
4875;4.116859
4876;4.118403
4877;4.117707
4878;4.118829
4879;4.118688
4880;4.117503
4881;4.117679
4882;4.116348
4883;4.117009
4884;4.116589
4885;4.115605
4886;4.115950
4887;4.118821
4888;4.118409
4889;4.118500
4890;4.117423
4891;4.119537
4892;4.120561
4893;4.119821
4894;4.120927
4895;4.125719
4896;4.128877
4897;4.130783
4898;4.130498
4899;4.130190
4900;4.129547
4901;4.129697
4902;4.130862
4903;4.132075
4904;4.132853
4905;4.131574
4906;4.133273
4907;4.131618
4908;4.130917
4909;4.131979
4910;4.133760
4911;4.132431
4912;4.131363
4913;4.129428
4914;4.130298
4915;4.130200
4916;4.131357
4917;4.135273
4918;4.134345
4919;4.132637
4920;4.130641
4921;4.128695
4922;4.126858
4923;4.125161
4924;4.123509
4925;4.125023
4926;4.123406
4927;4.122699
4928;4.122648
4929;4.123224
4930;4.123116
4931;4.122079
4932;4.123440
4933;4.122563
4934;4.121716
4935;4.125619
4936;4.125627
4937;4.124311
4938;4.122826
4939;4.122248
4940;4.122426
4941;4.123574
4942;4.124004
4943;4.123786
4944;4.122360
4945;4.125043
4946;4.123576
4947;4.123297
4948;4.121667
4949;4.121261
4950;4.119966
4951;4.121856
4952;4.121832
4953;4.122287
4954;4.123145
4955;4.123555
4956;4.122545
4957;4.122671
4958;4.121455
4959;4.121608
4960;4.120246
4961;4.118956
4962;4.119473
4963;4.118251
4964;4.117079
4965;4.117608
4966;4.120715
4967;4.121471
4968;4.122636
4969;4.123418
4970;4.122038
4971;4.120494
4972;4.119007
4973;4.120626
4974;4.119393
4975;4.118397
4976;4.117101
4977;4.117686
4978;4.120876
4979;4.120622
4980;4.121399
4981;4.121233
4982;4.122525
4983;4.123590
4984;4.125274
4985;4.124017
4986;4.124844
4987;4.123953
4988;4.125425
4989;4.123904
4990;4.122116
4991;4.123336
4992;4.125069
4993;4.124476
4994;4.126374
4995;4.127875
4996;4.127257
4997;4.128191
4998;4.126849
4999;4.125842
