Zeit [s];y_1;y_2
Winkel [rad];-;-
0;1;1
0;8888FF;34a8eb
0;1.14E-13;5.68E-14
0.02;1.14E-13;5.68E-14
0.04;1.14E-13;5.68E-14
0.06;1.14E-13;5.68E-14
0.08;1.14E-13;5.68E-14
0.1;1.14E-13;5.68E-14
0.12;1.14E-13;5.68E-14
0.14;1.14E-13;5.68E-14
0.16;1.14E-13;5.68E-14
0.18;1.14E-13;5.68E-14
0.2;1.14E-13;5.68E-14
0.22;1.14E-13;5.68E-14
0.24;1.14E-13;5.68E-14
0.26;1.14E-13;5.68E-14
0.28;1.14E-13;5.68E-14
0.3;1.14E-13;5.68E-14
0.32;1.14E-13;5.68E-14
0.34;1.14E-13;5.68E-14
0.36;1.14E-13;5.68E-14
0.38;1.14E-13;5.68E-14
0.4;1.14E-13;5.68E-14
0.42;1.14E-13;5.68E-14
0.44;1.14E-13;5.68E-14
0.46;1.14E-13;5.68E-14
0.48;1.14E-13;5.68E-14
0.5;1.14E-13;5.68E-14
0.52;0.009424778;5.68E-14
0.54;0.021991149;5.68E-14
0.56;0.04712389;-0.003141593
0.58;0.075398224;-0.006283185
0.6;0.113097336;-0.012566371
0.62;0.194778745;-0.040840704
0.64;0.241902634;-0.065973446
0.66;0.30787608;-0.116238928
0.68;0.351858377;-0.160221225
0.7;0.398982267;-0.210486708
0.72;0.493230047;-0.333008821
0.74;0.562345085;-0.424115008
0.76;0.606327382;-0.483805269
0.78;0.672300828;-0.574911456
0.8;0.810530905;-0.738274274
0.82;0.898495499;-0.832522053
0.84;0.980176908;-0.917345055
0.86;1.083849465;-1.014734427
0.88;1.291194581;-1.196946801
0.9;1.410575101;-1.303760951
0.92;1.583362697;-1.460840584
0.94;1.721592774;-1.580221105
0.96;1.831548517;-1.690176848
0.98;1.966637001;-1.822123739
1;2.217964413;-2.082875929
1.02;2.375044046;-2.24938034
1.04;2.532123679;-2.425309529
1.06;2.66407057;-2.585530754
1.08;2.780309498;-2.730044016
1.1;2.91225639;-2.893406834
1.12;3.144734246;-3.194999729
1.14;3.292389101;-3.37407051
1.16;3.405486436;-3.512300587
1.18;3.521725365;-3.628539515
1.2;3.773052777;-3.876725335
1.22;3.917566039;-3.999247448
1.24;4.087212042;-4.137477525
1.26;4.225442119;-4.23800849
1.28;4.351105825;-4.338539455
1.3;4.60557483;-4.552167755
1.32;4.737521722;-4.662123498
1.34;4.882034984;-4.80663676
1.36;4.988849134;-4.916592503
1.38;5.101946469;-5.045397802
1.4;5.290442029;-5.284158843
1.42;5.394114586;-5.412964142
1.44;5.482079181;-5.526061478
1.46;5.664291554;-5.745972963
1.48;5.774247297;-5.855928706
1.5;5.865353484;-5.956459671
1.52;6.016149932;-6.100972933
1.54;6.126105675;-6.188937528
1.56;6.242344603;-6.2863269
1.58;6.465397681;-6.462256088
1.6;6.575353424;-6.556503868
1.62;6.719866686;-6.672742796
1.64;6.817256058;-6.766990576
1.66;6.908362245;-6.85495517
1.68;7.087433026;-7.043450729
1.7;7.175397621;-7.147123287
1.72;7.247654252;-7.235087881
1.74;7.332477253;-7.338760439
1.76;7.41101707;-7.436149811
1.78;7.586946258;-7.646636519
1.8;7.678052445;-7.737742706
1.82;7.756592262;-7.809999337
1.84;7.847698449;-7.894822338
1.86;8.020486045;-8.042477193
1.88;8.105309046;-8.114733824
1.9;8.224689567;-8.215264789
1.92;8.296946198;-8.284379828
1.94;8.388052385;-8.362919644
1.96;8.529424054;-8.510574499
1.98;8.604822278;-8.592255908
2;8.708494836;-8.70221165
2.02;8.780751467;-8.783893059
2.04;8.840441727;-8.853008098
2.06;8.906415173;-8.928406322
2.08;9.032078879;-9.063494806
2.1;9.10433551;-9.132609844
2.12;9.167167363;-9.192300104
2.14;9.239423994;-9.25827355
2.16;9.343096552;-9.35252133
2.18;9.409069998;-9.41221159
2.2;9.528450518;-9.525308926
2.22;9.591282371;-9.588140779
2.24;9.644689447;-9.644689447
2.26;9.729512448;-9.735795633
2.28;9.782919523;-9.795485894
2.3;9.839468191;-9.855176154
2.32;9.939999156;-9.958848712
2.34;9.996547824;-10.01539738
2.36;10.04053012;-10.05623808
2.38;10.09707879;-10.10964516
2.4;10.19446816;-10.20075135
2.42;10.24787524;-10.25415842
2.44;10.29185753;-10.29185753
2.46;10.37668053;-10.37982213
2.48;10.42066283;-10.42694602
2.5;10.45836194;-10.46150354
2.52;10.49920265;-10.50548583
2.54;10.58088406;-10.59345043
2.56;10.62172476;-10.63429113
2.58;10.65628228;-10.66884865
2.6;10.7316805;-10.74110528
2.62;10.77252121;-10.78194599
2.64;10.80707873;-10.81336191
2.66;10.85420262;-10.8604858
2.68;10.88876014;-10.89504332
2.7;10.95473358;-10.92960084
2.72;10.9892911;-10.99557429
2.74;11.02070703;-11.02699021
2.76;11.04898136;-11.05526455
2.78;11.08039729;-11.08668047
2.8;11.14008755;-11.14951233
2.82;11.16836188;-11.17778666
2.84;11.19035303;-11.2029194
2.86;11.21862737;-11.22805214
2.88;11.26575126;-11.27517603
2.9;11.290884;-11.30030877
2.92;11.31287515;-11.31915833
2.94;11.33486629;-11.34429107
2.96;11.37884859;-11.38199018
2.98;11.39769815;-11.40398133
3;11.4165477;-11.42283089
3.02;11.43539726;-11.44168044
3.04;11.46681319;-11.47623796
3.06;11.48566274;-11.49508752
3.08;11.49822911;-11.51079548
3.1;11.51393708;-11.52650345
3.12;11.54221141;-11.55163619
3.14;11.55477778;-11.56420256
3.16;11.56734415;-11.57676893
3.18;11.5893353;-11.5893353
3.2;11.59876008;-11.60818486
3.22;11.60818486;-11.61760963
3.24;11.61760963;-11.62389282
3.26;11.62389282;-11.6333176
3.28;11.63960078;-11.64588397
3.3;11.64274237;-11.65216715
3.32;11.64902556;-11.65530874
3.34;11.65530874;-11.66473352
3.36;11.65845034;-11.66787512
3.38;11.65845034;-11.67101671
3.4;11.66159193;-11.67101671
3.42;11.66159193;-11.67101671
3.44;11.66159193;-11.67101671
3.46;11.66159193;-11.66787512
3.48;11.66159193;-11.66787512
3.5;11.65845034;-11.66473352
3.52;11.65845034;-11.66159193
3.54;11.65845034;-11.66159193
3.56;11.65845034;-11.66159193
3.58;11.65845034;-11.66159193
3.6;11.65845034;-11.66159193
3.62;11.65845034;-11.66159193
3.64;11.65845034;-11.66159193
3.66;11.65845034;-11.66159193
3.68;11.65845034;-11.66159193
3.7;11.65845034;-11.66159193
3.72;11.65845034;-11.66159193
3.74;11.65845034;-11.66159193
3.76;11.65845034;-11.66159193
3.78;11.65845034;-11.66159193
3.8;11.65845034;-11.66159193
3.82;11.65845034;-11.66159193
3.84;11.65845034;-11.66159193
3.86;11.65845034;-11.66159193
3.88;11.65845034;-11.66159193
3.9;11.65845034;-11.66159193
3.92;11.65845034;-11.66159193
3.94;11.65845034;-11.66159193
3.96;11.65845034;-11.66159193
3.98;11.65845034;-11.66159193
4;11.65845034;-11.66159193
4.02;11.65845034;-11.66159193
4.04;11.65845034;-11.66159193
4.06;11.65845034;-11.66159193
4.08;11.65845034;-11.66159193
4.1;11.65845034;-11.66159193
4.12;11.65845034;-11.66159193
4.14;11.65845034;-11.66159193
4.16;11.65845034;-11.66159193
4.18;11.65845034;-11.66159193
4.2;11.65845034;-11.66159193
4.22;11.65845034;-11.66159193
4.24;11.65845034;-11.66159193
4.26;11.65845034;-11.66159193
4.28;11.65845034;-11.66159193
4.3;11.65845034;-11.66159193
4.32;11.65845034;-11.66159193
4.34;11.65845034;-11.66159193
4.36;11.65845034;-11.66159193
4.38;11.65845034;-11.66159193
4.4;11.65845034;-11.66159193
4.42;11.65845034;-11.66159193
4.44;11.65845034;-11.66159193
4.46;11.65845034;-11.66159193
4.48;11.65845034;-11.66159193
4.5;11.65845034;-11.66159193
4.52;11.65845034;-11.66159193
4.54;11.65845034;-11.66159193
4.56;11.65845034;-11.66159193
4.58;11.65845034;-11.66159193
4.6;11.65845034;-11.66159193
4.62;11.65845034;-11.66159193
4.64;11.65845034;-11.66159193
4.66;11.65845034;-11.66159193
4.68;11.65845034;-11.66159193
4.7;11.65845034;-11.66159193
4.72;11.65845034;-11.66159193
4.74;11.65845034;-11.66159193
4.76;11.65845034;-11.66159193
4.78;11.65845034;-11.66159193
4.8;11.65845034;-11.66159193
4.82;11.65845034;-11.66159193
4.84;11.65845034;-11.66159193
4.86;11.65845034;-11.66159193
4.88;11.65845034;-11.66159193
4.9;11.65845034;-11.66159193
4.92;11.65845034;-11.66159193
4.94;11.65845034;-11.66159193
4.96;11.65845034;-11.66159193
4.98;11.65845034;-11.66159193
5;11.65845034;-11.66159193
5.02;11.65845034;-11.66159193
5.04;11.64588397;-11.66159193
5.06;11.60818486;-11.65845034
5.08;11.57362734;-11.65530874
5.1;11.53906982;-11.64902556
5.12;11.44796363;-11.62075123
5.14;11.39769815;-11.59247689
5.16;11.34743266;-11.55477778
5.18;11.30030877;-11.51707867
5.2;11.2469017;-11.46053
5.22;11.14322914;-11.31915833
5.24;11.08668047;-11.24061851
5.26;11.0332734;-11.15893711
5.28;10.91075129;-10.98614951
5.3;10.83221147;-10.87933536
5.32;10.75681325;-10.79451236
5.34;10.65942387;-10.6908398
5.36;10.46150354;-10.50548583
5.38;10.33898142;-10.39867168
5.4;10.23216727;-10.3075655
5.42;10.0907956;-10.19760975
5.44;9.842609784;-9.993406231
5.46;9.698096522;-9.867742525
5.48;9.569291223;-9.751503597
5.5;9.421636368;-9.610131927
5.52;9.157742585;-9.333671774
5.54;9.028937286;-9.167167363
5.56;8.925264729;-9.025795694
5.58;8.705353243;-8.853008098
5.6;8.592255908;-8.529424054
5.62;8.479158572;-8.375486014
5.64;8.369202829;-8.243539123
5.66;8.12101701;-7.96707897
5.68;7.992211711;-7.835132078
5.7;7.863406412;-7.728317928
5.72;7.712609965;-7.608937407
5.74;7.429866626;-7.404733885
5.76;7.291636549;-7.297919734
5.78;7.16283125;-7.206813547
5.8;7.024601173;-7.087433026
5.82;6.785840132;-6.880087911
5.84;6.666459611;-6.757565798
5.86;6.572211831;-6.650751648
5.88;6.462256088;-6.521946349
5.9;6.276902122;-6.276902122
5.92;6.176371157;-6.14495523
5.94;6.088406563;-6.031857895
5.96;5.987875598;-5.906194189
5.98;5.789955261;-5.686282703
6;5.676857925;-5.585751738
6.02;5.573185367;-5.494645551
6.04;5.453804847;-5.397256179
6.06;5.233893361;-5.230751768
6.08;5.120796025;-5.136503989
6.1;5.017123468;-5.05482258
6.12;4.812919945;-4.888318169
6.14;4.709247388;-4.781504019
6.16;4.618141201;-4.684114647
6.18;4.536459792;-4.589866867
6.2;4.369955381;-4.388804937
6.22;4.291415565;-4.278849194
6.24;4.219158934;-4.181459822
6.26;4.134335932;-4.074645672
6.28;3.970973114;-3.892433298
6.3;3.88300852;-3.798185518
6.32;3.78876074;-3.716504109
6.34;3.700796146;-3.644247478
6.36;3.609689959;-3.568849254
6.38;3.418052807;-3.418052807
6.4;3.32694662;-3.345796176
6.42;3.245265211;-3.276681138
6.44;3.081902393;-3.122743098
6.46;3.000220984;-3.041061689
6.48;2.927964353;-2.95938028
6.5;2.861990907;-2.880840463
6.52;2.726902423;-2.796017462
6.54;2.657787385;-2.635796236
6.56;2.591813939;-2.55725642
6.58;2.532123679;-2.488141382
6.6;2.393893602;-2.349911305
6.62;2.318495378;-2.280796267
6.64;2.252521933;-2.221106006
6.66;2.173982116;-2.15513256
6.68;2.051460003;-2.042035225
6.7;1.982344964;-1.979203372
6.72;1.922654704;-1.922654704
6.74;1.859822851;-1.859822851
6.76;1.746725515;-1.743583923
6.78;1.690176848;-1.677610477
6.8;1.643052958;-1.624203402
6.82;1.58650429;-1.564513141
6.84;1.485973325;-1.460840584
6.86;1.429424657;-1.407433509
6.88;1.382300768;-1.360309619
6.9;1.328893692;-1.310044137
6.92;1.234645913;-1.222079542
6.94;1.18438043;-1.17181406
6.96;1.140398133;-1.130973355
6.98;1.093274243;-1.083849465
7;1.011592834;-1.002168056
7.02;0.97075213;-0.958185759
7.04;0.933053018;-0.920486648
7.06;0.892212314;-0.87650435
7.08;0.823097275;-0.804247719
7.1;0.788539756;-0.7696902
7.12;0.753982237;-0.735132681
7.14;0.684867198;-0.669159235
7.16;0.650309679;-0.637743309
7.18;0.61575216;-0.606327382
7.2;0.587477826;-0.578053048
7.22;0.530929158;-0.546637122
7.24;0.499513232;-0.490088454
7.26;0.471238898;-0.46181412
7.28;0.449247749;-0.436681379
7.3;0.398982267;-0.408407045
7.32;0.373849526;-0.361283155
7.34;0.348716785;-0.336150414
7.36;0.329867229;-0.317300858
7.38;0.285884931;-0.273318561
7.4;0.263893783;-0.251327412
7.42;0.245044227;-0.232477856
7.44;0.226194671;-0.216769893
7.46;0.191637152;-0.182212374
7.48;0.172787596;-0.163362818
7.5;0.157079633;-0.150796447
7.52;0.141371669;-0.131946891
7.54;0.113097336;-0.103672558
7.56;0.100530965;-0.091106187
7.58;0.087964594;-0.078539816
7.6;0.075398224;-0.065973446
7.62;0.053407075;-0.043982297
7.64;0.043982297;-0.034557519
7.66;0.034557519;-0.025132741
7.68;0.025132741;-0.015707963
7.7;0.009424778;5.68E-14
7.72;0.003141593;0.006283185
7.74;-0.003141593;0.012566371
7.76;-0.009424778;0.015707963
7.78;-0.018849556;0.025132741
7.8;-0.021991149;0.031415927
7.82;-0.021991149;0.031415927
7.84;-0.025132741;0.037699112
7.86;-0.028274334;0.037699112
7.88;-0.028274334;0.037699112
7.9;-0.028274334;0.037699112
7.92;-0.025132741;0.034557519
7.94;-0.025132741;0.031415927
7.96;-0.025132741;0.031415927
7.98;-0.025132741;0.028274334
8;-0.025132741;0.028274334
8.02;-0.025132741;0.028274334
8.04;-0.025132741;0.025132741
8.06;-0.025132741;0.025132741
8.08;-0.025132741;0.028274334
8.1;-0.025132741;0.028274334
8.12;-0.025132741;0.028274334
8.14;-0.025132741;0.028274334
8.16;-0.025132741;0.028274334
8.18;-0.025132741;0.028274334
8.2;-0.025132741;0.028274334
8.22;-0.025132741;0.028274334
8.24;-0.025132741;0.028274334
8.26;-0.025132741;0.028274334
8.28;-0.025132741;0.028274334
8.3;-0.025132741;0.028274334
8.32;-0.025132741;0.028274334
8.34;-0.025132741;0.028274334
8.36;-0.025132741;0.028274334
8.38;-0.025132741;0.028274334
8.4;-0.025132741;0.028274334
8.42;-0.025132741;0.028274334
8.44;-0.025132741;0.028274334
8.46;-0.025132741;0.028274334
8.48;-0.025132741;0.028274334
8.5;-0.025132741;0.028274334
8.52;-0.025132741;0.028274334
8.54;-0.025132741;0.028274334
8.56;-0.025132741;0.028274334
8.58;-0.025132741;0.028274334
8.6;-0.025132741;0.028274334
8.62;-0.025132741;0.028274334
8.64;-0.025132741;0.028274334
8.66;-0.025132741;0.028274334
8.68;-0.025132741;0.028274334
8.7;-0.025132741;0.028274334
8.72;-0.025132741;0.028274334
8.74;-0.025132741;0.028274334
8.76;-0.025132741;0.028274334
8.78;-0.025132741;0.028274334
8.8;-0.025132741;0.028274334
8.82;-0.025132741;0.028274334
8.84;-0.025132741;0.028274334
8.86;-0.025132741;0.028274334
8.88;-0.025132741;0.028274334
8.9;-0.025132741;0.028274334
8.92;-0.025132741;0.028274334
8.94;-0.025132741;0.028274334
8.96;-0.025132741;0.028274334
8.98;-0.025132741;0.028274334
9;-0.025132741;0.028274334
9.02;-0.025132741;0.028274334
9.04;-0.025132741;0.028274334
9.06;-0.025132741;0.028274334
9.08;-0.025132741;0.028274334
9.1;-0.025132741;0.028274334
9.12;-0.025132741;0.028274334
9.14;-0.025132741;0.028274334
9.16;-0.025132741;0.028274334
9.18;-0.025132741;0.028274334
9.2;-0.025132741;0.028274334
9.22;-0.025132741;0.028274334
9.24;-0.025132741;0.028274334
9.26;-0.025132741;0.028274334
9.28;-0.025132741;0.028274334
9.3;-0.025132741;0.028274334
9.32;-0.025132741;0.028274334
9.34;-0.025132741;0.028274334
9.36;-0.025132741;0.028274334
9.38;-0.025132741;0.028274334
9.4;-0.025132741;0.028274334
9.42;-0.025132741;0.028274334
9.44;-0.025132741;0.028274334
9.46;-0.025132741;0.028274334
9.48;-0.025132741;0.028274334
9.5;-0.025132741;0.028274334
9.52;-0.025132741;0.028274334
9.54;-0.025132741;0.028274334
9.56;-0.025132741;0.028274334
9.58;-0.025132741;0.028274334
9.6;-0.025132741;0.028274334
9.62;-0.025132741;0.028274334
9.64;-0.025132741;0.028274334
9.66;-0.025132741;0.028274334
9.68;-0.025132741;0.028274334
9.7;-0.025132741;0.028274334
9.72;-0.025132741;0.028274334
9.74;-0.025132741;0.028274334
9.76;-0.025132741;0.028274334
9.78;-0.025132741;0.028274334
9.8;-0.025132741;0.028274334
9.82;-0.025132741;0.028274334
9.84;-0.025132741;0.028274334
9.86;-0.025132741;0.028274334
9.88;-0.025132741;0.028274334
9.9;-0.025132741;0.028274334
9.92;-0.025132741;0.028274334
9.94;-0.025132741;0.028274334
9.96;-0.025132741;0.028274334
9.98;-0.025132741;0.028274334
10;-0.025132741;0.028274334
10.02;-0.025132741;0.028274334
10.04;-0.025132741;0.028274334
10.06;-0.025132741;0.028274334
10.08;-0.025132741;0.028274334
10.1;-0.025132741;0.028274334
10.12;-0.025132741;0.028274334
10.14;-0.025132741;0.028274334
10.16;-0.025132741;0.028274334
10.18;-0.025132741;0.028274334
10.2;-0.025132741;0.028274334
10.22;-0.025132741;0.028274334
10.24;-0.025132741;0.028274334
10.26;-0.025132741;0.028274334
10.28;-0.025132741;0.028274334
10.3;-0.025132741;0.028274334
10.32;-0.025132741;0.028274334
10.34;-0.025132741;0.028274334
10.36;-0.025132741;0.028274334
10.38;-0.025132741;0.028274334
10.4;-0.025132741;0.028274334
10.42;-0.025132741;0.028274334
10.44;-0.025132741;0.028274334
10.46;-0.025132741;0.028274334
10.48;-0.025132741;0.028274334
10.5;-0.025132741;0.028274334
10.52;-0.025132741;0.028274334
10.54;-0.025132741;0.028274334
10.56;-0.025132741;0.028274334
10.58;-0.025132741;0.028274334
10.6;-0.025132741;0.028274334
10.62;-0.025132741;0.028274334
10.64;-0.025132741;0.028274334
10.66;-0.025132741;0.028274334
10.68;-0.025132741;0.028274334
10.7;-0.025132741;0.028274334
10.72;-0.025132741;0.028274334
10.74;-0.025132741;0.028274334
10.76;-0.025132741;0.028274334
10.78;-0.025132741;0.028274334
10.8;-0.025132741;0.028274334
10.82;-0.025132741;0.028274334
10.84;-0.025132741;0.028274334
10.86;-0.025132741;0.028274334
10.88;-0.025132741;0.028274334
10.9;-0.025132741;0.028274334
10.92;-0.025132741;0.028274334
10.94;-0.025132741;0.028274334
10.96;-0.025132741;0.028274334
10.98;-0.025132741;0.028274334
11;-0.025132741;0.028274334
11.02;-0.025132741;0.028274334
11.04;-0.025132741;0.040840704
11.06;-0.025132741;0.053407075
11.08;-0.028274334;0.069115038
11.1;-0.034557519;0.109955743
11.12;-0.040840704;0.135088484
11.14;-0.053407075;0.160221225
11.16;-0.069115038;0.185353967
11.18;-0.113097336;0.232477856
11.2;-0.144513262;0.257610598
11.22;-0.179070781;0.279601746
11.24;-0.216769893;0.304734487
11.26;-0.295309709;0.35499997
11.28;-0.342433599;0.389557489
11.3;-0.386415896;0.420973416
11.32;-0.433539786;0.464955713
11.34;-0.518362788;0.552920307
11.36;-0.56862827;0.609468975
11.38;-0.612610567;0.659734457
11.4;-0.666017643;0.72256631
11.42;-0.763407015;0.845088424
11.44;-0.823097275;0.917345055
11.46;-0.87650435;0.973893723
11.48;-0.939336203;1.039867168
11.5;-1.07756628;1.174955652
11.52;-1.149822911;1.244070691
11.54;-1.225221135;1.303760951
11.56;-1.382300768;1.423141472
11.58;-1.470265362;1.482831732
11.6;-1.545663586;1.536238808
11.62;-1.630486587;1.595929068
11.64;-1.774999849;1.712167996
11.66;-1.84725648;1.781283035
11.68;-1.903805148;1.837831702
11.7;-1.966637001;1.910088333
11.72;-2.073451151;2.054601595
11.74;-2.123716634;2.123716634
11.76;-2.170840524;2.192831672
11.78;-2.271371489;2.265088303
11.8;-2.331061749;2.397035195
11.82;-2.387610417;2.456725455
11.84;-2.437875899;2.506990938
11.86;-2.560398013;2.601238717
11.88;-2.626371458;2.654645792
11.9;-2.686061719;2.698628089
11.92;-2.752035165;2.745751979
11.94;-2.8651325;2.836858166
11.96;-2.921681168;2.890265241
11.98;-2.968805058;2.937389131
12;-3.015928947;2.990796206
12.02;-3.100751949;3.097610356
12.04;-3.147875839;3.154159024
12.06;-3.182433358;3.201282914
12.08;-3.223274063;3.251548396
12.1;-3.304955472;3.339512991
12.12;-3.352079361;3.386636881
12.14;-3.392920066;3.424335992
12.16;-3.440043956;3.465176697
12.18;-3.52800855;3.537433328
12.2;-3.571990847;3.57513244
12.22;-3.609689959;3.606548366
12.24;-3.650530663;3.647389071
12.26;-3.719645702;3.719645702
12.28;-3.754203221;3.760486406
12.3;-3.782477555;3.795043926
12.32;-3.813893481;3.832743037
12.34;-3.870442149;3.898716483
12.36;-3.901858076;3.93013241
12.38;-3.933274002;3.958406744
12.4;-3.964689929;3.986681077
12.42;-4.024380189;4.040088153
12.44;-4.052654523;4.065220894
12.46;-4.077787264;4.087212042
12.48;-4.106061598;4.112344784
12.5;-4.150043895;4.159468673
12.52;-4.168893451;4.184601415
12.54;-4.187743007;4.206592563
12.56;-4.225442119;4.244291675
12.58;-4.244291675;4.263141231
12.6;-4.263141231;4.281990787
12.62;-4.278849194;4.29769875
12.64;-4.310265121;4.325973084
12.66;-4.325973084;4.341681047
12.68;-4.338539455;4.351105825
12.7;-4.351105825;4.363672196
12.72;-4.369955381;4.385663344
12.74;-4.379380159;4.398229715
12.76;-4.385663344;4.407654493
12.78;-4.39194653;4.413937678
12.8;-4.4045129;4.423362456
12.82;-4.410796086;4.429645642
12.84;-4.413937678;4.429645642
12.86;-4.417079271;4.432787234
12.88;-4.420220864;4.435928827
12.9;-4.420220864;4.435928827
12.92;-4.417079271;4.435928827
12.94;-4.417079271;4.435928827
12.96;-4.417079271;4.429645642
12.98;-4.417079271;4.429645642
13;-4.417079271;4.426504049
13.02;-4.417079271;4.426504049
13.04;-4.417079271;4.423362456
13.06;-4.413937678;4.423362456
13.08;-4.413937678;4.423362456
13.1;-4.413937678;4.426504049
13.12;-4.417079271;4.426504049
13.14;-4.417079271;4.426504049
13.16;-4.417079271;4.426504049
13.18;-4.413937678;4.426504049
13.2;-4.417079271;4.426504049
13.22;-4.417079271;4.426504049
13.24;-4.413937678;4.426504049
13.26;-4.413937678;4.426504049
13.28;-4.417079271;4.426504049
13.3;-4.413937678;4.426504049
13.32;-4.417079271;4.426504049
13.34;-4.413937678;4.426504049
13.36;-4.413937678;4.426504049
13.38;-4.413937678;4.426504049
13.4;-4.413937678;4.426504049
13.42;-4.413937678;4.426504049
13.44;-4.413937678;4.426504049
13.46;-4.413937678;4.426504049
13.48;-4.413937678;4.426504049
13.5;-4.413937678;4.426504049
13.52;-4.413937678;4.426504049
13.54;-4.413937678;4.426504049
13.56;-4.413937678;4.426504049
13.58;-4.413937678;4.426504049
13.6;-4.413937678;4.426504049
13.62;-4.413937678;4.426504049
13.64;-4.413937678;4.426504049
13.66;-4.413937678;4.426504049
13.68;-4.413937678;4.426504049
13.7;-4.413937678;4.426504049
13.72;-4.413937678;4.426504049
13.74;-4.413937678;4.426504049
13.76;-4.413937678;4.426504049
13.78;-4.413937678;4.426504049
13.8;-4.417079271;4.426504049
13.82;-4.413937678;4.426504049
13.84;-4.413937678;4.426504049
13.86;-4.413937678;4.426504049
13.88;-4.417079271;4.426504049
13.9;-4.417079271;4.426504049
13.92;-4.413937678;4.426504049
13.94;-4.413937678;4.426504049
13.96;-4.413937678;4.426504049
13.98;-4.417079271;4.426504049
14;-4.413937678;4.426504049
14.02;-4.417079271;4.426504049
14.04;-4.417079271;4.426504049
14.06;-4.417079271;4.426504049
14.08;-4.417079271;4.426504049
14.1;-4.413937678;4.426504049
14.12;-4.417079271;4.426504049
14.14;-4.417079271;4.426504049
14.16;-4.417079271;4.426504049
14.18;-4.413937678;4.426504049
14.2;-4.417079271;4.426504049
14.22;-4.413937678;4.426504049
14.24;-4.413937678;4.426504049
14.26;-4.417079271;4.426504049
14.28;-4.417079271;4.426504049
14.3;-4.417079271;4.426504049
14.32;-4.413937678;4.426504049
14.34;-4.413937678;4.426504049
14.36;-4.413937678;4.426504049
14.38;-4.417079271;4.426504049
14.4;-4.417079271;4.426504049
14.42;-4.413937678;4.426504049
14.44;-4.413937678;4.426504049
14.46;-4.413937678;4.426504049
14.48;-4.413937678;4.426504049
14.5;-4.413937678;4.426504049
14.52;-4.417079271;4.426504049
14.54;-4.413937678;4.426504049
14.56;-4.413937678;4.426504049
14.58;-4.417079271;4.426504049
14.6;-4.417079271;4.426504049
14.62;-4.417079271;4.426504049
14.64;-4.417079271;4.426504049
14.66;-4.417079271;4.426504049
14.68;-4.413937678;4.426504049
14.7;-4.417079271;4.426504049
14.72;-4.413937678;4.426504049
14.74;-4.413937678;4.426504049
14.76;-4.413937678;4.426504049
14.78;-4.417079271;4.426504049
14.8;-4.413937678;4.426504049
14.82;-4.413937678;4.426504049
14.84;-4.413937678;4.426504049
14.86;-4.417079271;4.426504049
14.88;-4.413937678;4.426504049
14.9;-4.413937678;4.426504049
14.92;-4.413937678;4.426504049
14.94;-4.413937678;4.426504049
14.96;-4.417079271;4.426504049
14.98;-4.413937678;4.426504049
15;-4.417079271;4.426504049
15.02;-4.413937678;4.426504049
15.04;-4.417079271;4.426504049
15.06;-4.413937678;4.426504049
15.08;-4.413937678;4.426504049
15.1;-4.417079271;4.426504049
15.12;-4.413937678;4.426504049
15.14;-4.417079271;4.426504049
15.16;-4.417079271;4.426504049
15.18;-4.417079271;4.426504049
15.2;-4.417079271;4.426504049
15.22;-4.413937678;4.426504049
15.24;-4.413937678;4.426504049
15.26;-4.417079271;4.426504049
15.28;-4.417079271;4.426504049
15.3;-4.417079271;4.426504049
15.32;-4.417079271;4.426504049
15.34;-4.413937678;4.426504049
15.36;-4.417079271;4.426504049
15.38;-4.413937678;4.426504049
15.4;-4.413937678;4.426504049
15.42;-4.413937678;4.426504049
15.44;-4.413937678;4.426504049
15.46;-4.417079271;4.426504049
15.48;-4.413937678;4.426504049
15.5;-4.413937678;4.426504049
15.52;-4.417079271;4.426504049
15.54;-4.413937678;4.417079271
15.56;-4.413937678;4.410796086
15.58;-4.413937678;4.382521752
15.6;-4.410796086;4.360530603
15.62;-4.4045129;4.338539455
15.64;-4.398229715;4.310265121
15.66;-4.369955381;4.256858046
15.68;-4.347964233;4.228583712
15.7;-4.322831491;4.203450971
15.72;-4.259999638;4.153185488
15.74;-4.219158934;4.124911154
15.76;-4.175176637;4.093495228
15.78;-4.134335932;4.065220894
15.8;-4.08407045;4.027521782
15.82;-3.98982267;3.948981966
15.84;-3.945840373;3.901858076
15.86;-3.898716483;3.857875779
15.88;-3.801327111;3.74163685
15.9;-3.747920036;3.678804997
15.92;-3.694512961;3.615973144
15.94;-3.644247478;3.556282884
15.96;-3.52800855;3.430619178
15.98;-3.452610326;3.358362547
16;-3.392920066;3.298672286
16.02;-3.317521842;3.226415655
16.04;-3.169866987;3.103893542
16.06;-3.088185578;3.041061689
16.08;-3.015928947;2.993937799
16.1;-2.934247538;2.934247538
16.12;-2.792875869;2.824291796
16.14;-2.720619238;2.761459943
16.16;-2.66407057;2.698628089
16.18;-2.601238717;2.635796236
16.2;-2.494424567;2.51013253
16.22;-2.444159084;2.447300677
16.24;-2.397035195;2.384468824
16.26;-2.34362812;2.318495378
16.28;-2.243097155;2.199114858
16.3;-2.195973265;2.145707782
16.32;-2.145707782;2.098583893
16.34;-2.042035225;2.00119452
16.36;-1.985486557;1.954070631
16.38;-1.928937889;1.910088333
16.4;-1.875530814;1.869247629
16.42;-1.778141442;1.784424627
16.44;-1.724734367;1.74044233
16.46;-1.68075207;1.696460033
16.48;-1.639911365;1.655619328
16.5;-1.564513141;1.567654734
16.52;-1.523672437;1.517389252
16.54;-1.489114918;1.476548547
16.56;-1.451415806;1.429424657
16.58;-1.38544236;1.347743248
16.6;-1.347743248;1.306902544
16.62;-1.316327322;1.275486617
16.64;-1.244070691;1.212654764
16.66;-1.203229986;1.178097245
16.68;-1.165530874;1.149822911
16.7;-1.134114948;1.121548577
16.72;-1.06499991;1.06499991
16.74;-1.03044239;1.036725576
16.76;-1.002168056;1.005309649
16.78;-0.977035315;0.980176908
16.8;-0.92362824;0.920486648
16.82;-0.898495499;0.889070721
16.84;-0.87650435;0.857654794
16.86;-0.857654794;0.835663646
16.88;-0.813672497;0.782256571
16.9;-0.788539756;0.760265422
16.92;-0.766548607;0.738274274
16.94;-0.741415866;0.716283125
16.96;-0.697433569;0.681725606
16.98;-0.675442421;0.666017643
17;-0.656592865;0.650309679
17.02;-0.637743309;0.634601716
17.04;-0.603185789;0.603185789
17.06;-0.587477826;0.584336234
17.08;-0.574911456;0.56862827
17.1;-0.562345085;0.552920307
17.12;-0.543495529;0.52150438
17.14;-0.530929158;0.50893801
17.16;-0.52150438;0.496371639
17.18;-0.512079603;0.486946861
17.2;-0.493230047;0.468097305
17.22;-0.480663676;0.46181412
17.24;-0.471238898;0.455530935
17.26;-0.46181412;0.449247749
17.28;-0.449247749;0.442964564
17.3;-0.442964564;0.436681379
17.32;-0.439822972;0.433539786
17.34;-0.433539786;0.427256601
17.36;-0.433539786;0.424115008
17.38;-0.433539786;0.420973416
17.4;-0.436681379;0.417831823
17.42;-0.436681379;0.417831823
17.44;-0.436681379;0.417831823
17.46;-0.436681379;0.420973416
17.48;-0.436681379;0.420973416
17.5;-0.436681379;0.427256601
17.52;-0.436681379;0.427256601
17.54;-0.436681379;0.430398194
17.56;-0.436681379;0.430398194
17.58;-0.439822972;0.433539786
17.6;-0.439822972;0.433539786
17.62;-0.439822972;0.433539786
17.64;-0.439822972;0.430398194
17.66;-0.439822972;0.430398194
17.68;-0.439822972;0.430398194
17.7;-0.439822972;0.430398194
17.72;-0.439822972;0.430398194
17.74;-0.439822972;0.430398194
17.76;-0.439822972;0.430398194
17.78;-0.439822972;0.430398194
17.8;-0.439822972;0.430398194
17.82;-0.439822972;0.430398194
17.84;-0.439822972;0.430398194
17.86;-0.439822972;0.430398194
17.88;-0.439822972;0.430398194
17.9;-0.439822972;0.430398194
17.92;-0.439822972;0.430398194
17.94;-0.439822972;0.430398194
17.96;-0.439822972;0.430398194
17.98;-0.439822972;0.430398194
18;-0.439822972;0.430398194
18.02;-0.439822972;0.430398194
18.04;-0.439822972;0.430398194
18.06;-0.439822972;0.430398194
18.08;-0.439822972;0.430398194
18.1;-0.439822972;0.430398194
18.12;-0.439822972;0.430398194
18.14;-0.439822972;0.430398194
18.16;-0.439822972;0.430398194
18.18;-0.439822972;0.430398194
18.2;-0.439822972;0.430398194
18.22;-0.439822972;0.430398194
18.24;-0.439822972;0.430398194
18.26;-0.439822972;0.430398194
18.28;-0.439822972;0.430398194
18.3;-0.439822972;0.430398194
18.32;-0.439822972;0.430398194
18.34;-0.439822972;0.430398194
18.36;-0.439822972;0.430398194
18.38;-0.439822972;0.430398194
18.4;-0.439822972;0.430398194
18.42;-0.439822972;0.430398194
18.44;-0.439822972;0.430398194
18.46;-0.439822972;0.430398194
18.48;-0.439822972;0.430398194
18.5;-0.439822972;0.430398194
18.52;-0.439822972;0.430398194
18.54;-0.439822972;0.430398194
18.56;-0.439822972;0.430398194
18.58;-0.439822972;0.430398194
18.6;-0.439822972;0.430398194
18.62;-0.439822972;0.430398194
18.64;-0.439822972;0.430398194
18.66;-0.439822972;0.430398194
18.68;-0.439822972;0.430398194
18.7;-0.439822972;0.430398194
18.72;-0.439822972;0.430398194
18.74;-0.439822972;0.430398194
18.76;-0.439822972;0.430398194
18.78;-0.439822972;0.430398194
18.8;-0.439822972;0.430398194
18.82;-0.439822972;0.430398194
18.84;-0.439822972;0.430398194
18.86;-0.439822972;0.430398194
18.88;-0.439822972;0.430398194
18.9;-0.439822972;0.430398194
18.92;-0.439822972;0.430398194
18.94;-0.439822972;0.430398194
18.96;-0.439822972;0.430398194
18.98;-0.439822972;0.430398194
19;-0.439822972;0.430398194
19.02;-0.439822972;0.430398194
19.04;-0.439822972;0.430398194
19.06;-0.439822972;0.430398194
19.08;-0.439822972;0.430398194
19.1;-0.439822972;0.430398194
19.12;-0.439822972;0.430398194
19.14;-0.439822972;0.430398194
19.16;-0.439822972;0.430398194
19.18;-0.439822972;0.430398194
19.2;-0.439822972;0.430398194
19.22;-0.439822972;0.430398194
19.24;-0.439822972;0.430398194
19.26;-0.439822972;0.430398194
19.28;-0.439822972;0.430398194
19.3;-0.439822972;0.430398194
19.32;-0.439822972;0.430398194
19.34;-0.439822972;0.430398194
19.36;-0.439822972;0.430398194
19.38;-0.439822972;0.430398194
19.4;-0.439822972;0.430398194
19.42;-0.439822972;0.430398194
19.44;-0.439822972;0.430398194
19.46;-0.439822972;0.430398194
19.48;-0.439822972;0.430398194
19.5;-0.439822972;0.430398194
19.52;-0.439822972;0.430398194
19.54;-0.439822972;0.430398194
19.56;-0.439822972;0.430398194
19.58;-0.439822972;0.430398194
19.6;-0.439822972;0.430398194
19.62;-0.439822972;0.430398194
19.64;-0.439822972;0.430398194
19.66;-0.439822972;0.430398194
19.68;-0.439822972;0.430398194
19.7;-0.439822972;0.430398194
19.72;-0.439822972;0.430398194
19.74;-0.439822972;0.430398194
19.76;-0.439822972;0.430398194
19.78;-0.439822972;0.430398194
19.8;-0.439822972;0.430398194
19.82;-0.439822972;0.430398194
19.84;-0.439822972;0.430398194
19.86;-0.439822972;0.430398194
19.88;-0.439822972;0.430398194
19.9;-0.439822972;0.430398194
19.92;-0.439822972;0.430398194
19.94;-0.439822972;0.430398194
19.96;-0.439822972;0.430398194
19.98;-0.439822972;0.430398194
20;-0.439822972;0.430398194
20.02;-0.439822972;0.430398194
20.04;-0.439822972;0.430398194
20.06;-0.439822972;0.430398194
20.08;-0.439822972;0.430398194
20.1;-0.439822972;0.430398194
20.12;-0.439822972;0.430398194
20.14;-0.439822972;0.430398194
20.16;-0.439822972;0.430398194
20.18;-0.439822972;0.430398194
20.2;-0.439822972;0.430398194
20.22;-0.439822972;0.430398194
20.24;-0.439822972;0.430398194
20.26;-0.439822972;0.430398194
20.28;-0.439822972;0.430398194
20.3;-0.439822972;0.430398194
20.32;-0.439822972;0.430398194
20.34;-0.439822972;0.430398194
20.36;-0.439822972;0.430398194
20.38;-0.439822972;0.430398194
20.4;-0.439822972;0.430398194
20.42;-0.439822972;0.430398194
20.44;-0.439822972;0.430398194
20.46;-0.439822972;0.430398194
20.48;-0.439822972;0.430398194
20.5;-0.439822972;0.430398194
20.52;-0.427256601;0.430398194
20.54;-0.420973416;0.430398194
20.56;-0.392699082;0.430398194
20.58;-0.364424748;0.427256601
20.6;-0.289026524;0.408407045
20.62;-0.24818582;0.392699082
20.64;-0.204203522;0.370707933
20.66;-0.150796447;0.336150414
20.68;-0.05969026;0.251327412
20.7;-0.009424778;0.191637152
20.72;0.034557519;0.131946891
20.74;0.097389372;0.056548668
20.76;0.204203522;-0.09424778
20.78;0.276460154;-0.185353967
20.8;0.345575192;-0.270176968
20.82;0.427256601;-0.364424748
20.84;0.593761012;-0.543495529
20.86;0.706858347;-0.644026494
20.88;0.807389312;-0.731991088
20.9;0.926769833;-0.835663646
20.92;1.152964504;-1.036725576
20.94;1.294336173;-1.156106097
20.96;1.404291916;-1.256637061
20.98;1.542521993;-1.394867138
21;1.796990998;-1.652477736
21.02;1.94150426;-1.803274183
21.04;2.070309559;-1.938362667
21.06;2.217964413;-2.089159115
21.08;2.503849345;-2.365619268
21.1;2.660928978;-2.513274123
21.12;2.80544224;-2.648362607
21.14;2.968805058;-2.802300647
21.16;3.26725636;-3.088185578
21.18;3.430619178;-3.248406804
21.2;3.581415625;-3.392920066
21.22;3.744778443;-3.556282884
21.24;4.040088153;-3.861017371
21.26;4.206592563;-4.030663375
21.28;4.351105825;-4.181459822
21.3;4.517610236;-4.351105825
21.32;4.825486316;-4.658981905
21.34;4.998273912;-4.828627909
21.36;5.152211952;-4.979424356
21.38;5.324999548;-5.149070359
21.4;5.636017221;-5.453804847
21.42;5.815088002;-5.626592443
21.44;5.972167634;-5.783672075
21.46;6.138672045;-5.959601264
21.48;6.468539274;-6.289468492
21.5;6.638185277;-6.462256088
21.52;6.798406502;-6.622477314
21.54;7.112565768;-6.94920295
21.56;7.2696454;-7.147123287
21.58;7.404733885;-7.310486105
21.6;7.549247147;-7.489556886
21.62;7.809999337;-7.800574559
21.64;7.951371006;-7.963937377
21.66;8.07389312;-8.099025861
21.68;8.212123196;-8.24039753
21.7;8.466592201;-8.466592201
21.72;8.607963871;-8.592255908
21.74;8.727344392;-8.686503687
21.76;8.859291283;-8.793317837
21.78;9.082344362;-8.978671804
21.8;9.195441697;-9.079202769
21.82;9.280264699;-9.160884178
21.84;9.371370886;-9.261415143
21.86;9.534733704;-9.440485924
21.88;9.606990335;-9.528450518
21.9;9.67296378;-9.606990335
21.92;9.742078819;-9.691813336
21.94;9.864600932;-9.836326598
21.96;9.9211496;-9.899158451
21.98;9.974556675;-9.952565527
22;10.08451242;-10.04681331
22.02;10.1347779;-10.0907956
22.04;10.18190179;-10.13163631
22.06;10.22588409;-10.1756186
22.08;10.30128231;-10.2635832
22.1;10.33898142;-10.31384868
22.12;10.37039735;-10.35783098
22.14;10.40181328;-10.40495487
22.16;10.46150354;-10.48977787
22.18;10.49291946;-10.53061857
22.2;10.52433539;-10.56831769
22.22;10.55889291;-10.60287521
22.24;10.63114954;-10.66256547
22.26;10.66884865;-10.6908398
22.28;10.70340617;-10.71283095
22.3;10.74424688;-10.73796369
22.32;10.81022032;-10.78508758
22.34;10.84477784;-10.81022032
22.36;10.87305217;-10.83849465
22.38;10.90132651;-10.8636274
22.4;10.94530881;-10.92017606
22.42;10.96415836;-10.9484504
22.44;10.97986632;-10.97672473
22.46;10.99871588;-11.00499907
22.48;11.0332734;-11.05840614
22.5;11.05212296;-11.08039729
22.52;11.07097251;-11.10238844
22.54;11.10867162;-11.13380436
22.56;11.13066277;-11.14951233
22.58;11.15265392;-11.1620787
22.6;11.17464507;-11.17464507
22.62;11.21234418;-11.19663622
22.64;11.22805214;-11.20920259
22.66;11.24376011;-11.22176896
22.68;11.25632648;-11.23433533
22.7;11.27831763;-11.25946807
22.72;11.28460081;-11.27517603
22.74;11.290884;-11.2877424
22.76;11.29716718;-11.30345037
22.78;11.30659196;-11.32544152
22.8;11.31287515;-11.33486629
22.82;11.31915833;-11.34114948
22.84;11.32544152;-11.34429107
22.86;11.33800789;-11.35057426
22.88;11.34429107;-11.35057426
22.9;11.35057426;-11.35057426
22.92;11.35685744;-11.35057426
22.94;11.35999904;-11.34743266
22.96;11.35999904;-11.34743266
22.98;11.35999904;-11.35057426
23;11.35999904;-11.35057426
23.02;11.35685744;-11.35057426
23.04;11.35371585;-11.35057426
23.06;11.35371585;-11.35057426
23.08;11.35371585;-11.35057426
23.1;11.35371585;-11.34743266
23.12;11.35371585;-11.34743266
23.14;11.35371585;-11.34743266
23.16;11.35371585;-11.34743266
23.18;11.35371585;-11.34743266
23.2;11.35371585;-11.34743266
23.22;11.35371585;-11.34743266
23.24;11.35371585;-11.34743266
23.26;11.35371585;-11.34743266
23.28;11.35371585;-11.34743266
23.3;11.35371585;-11.34743266
23.32;11.35371585;-11.34743266
23.34;11.35371585;-11.34743266
23.36;11.35371585;-11.34743266
23.38;11.35371585;-11.34743266
23.4;11.35371585;-11.34743266
23.42;11.35371585;-11.34743266
23.44;11.35371585;-11.34743266
23.46;11.35371585;-11.34743266
23.48;11.35371585;-11.34743266
23.5;11.35371585;-11.34743266
23.52;11.35371585;-11.34743266
23.54;11.35371585;-11.34743266
23.56;11.35371585;-11.34743266
23.58;11.35371585;-11.34743266
23.6;11.35371585;-11.34743266
23.62;11.35371585;-11.34743266
23.64;11.35371585;-11.34743266
23.66;11.35371585;-11.34743266
23.68;11.35371585;-11.34743266
23.7;11.35371585;-11.34743266
23.72;11.35371585;-11.34743266
23.74;11.35371585;-11.34743266
23.76;11.35371585;-11.34743266
23.78;11.35371585;-11.34743266
23.8;11.35371585;-11.34743266
23.82;11.35371585;-11.34743266
23.84;11.35371585;-11.34743266
23.86;11.35371585;-11.34743266
23.88;11.35371585;-11.34743266
23.9;11.35371585;-11.34743266
23.92;11.35371585;-11.34743266
23.94;11.35371585;-11.34743266
23.96;11.35371585;-11.34743266
23.98;11.35371585;-11.34743266
24;11.35371585;-11.34743266
24.02;11.35371585;-11.34743266
24.04;11.35371585;-11.34743266
24.06;11.35371585;-11.34743266
24.08;11.35371585;-11.34743266
24.1;11.35371585;-11.34743266
24.12;11.35371585;-11.34743266
24.14;11.35371585;-11.34743266
24.16;11.35371585;-11.34743266
24.18;11.35371585;-11.34743266
24.2;11.35371585;-11.34743266
24.22;11.35371585;-11.34743266
24.24;11.35371585;-11.34743266
24.26;11.35371585;-11.34743266
24.28;11.35371585;-11.34743266
24.3;11.35371585;-11.34743266
24.32;11.35371585;-11.34743266
24.34;11.35371585;-11.34743266
24.36;11.35371585;-11.34743266
24.38;11.35371585;-11.34743266
24.4;11.35371585;-11.34743266
24.42;11.35371585;-11.34743266
24.44;11.35371585;-11.34743266
24.46;11.35371585;-11.34743266
24.48;11.35371585;-11.34743266
24.5;11.35371585;-11.34743266
24.52;11.35371585;-11.34743266
24.54;11.35371585;-11.34743266
24.56;11.35371585;-11.34743266
24.58;11.35371585;-11.34743266
24.6;11.35371585;-11.34743266
24.62;11.35371585;-11.34743266
24.64;11.35371585;-11.34743266
24.66;11.35371585;-11.34743266
24.68;11.35371585;-11.34743266
24.7;11.35371585;-11.34743266
24.72;11.35371585;-11.34743266
24.74;11.35371585;-11.34743266
24.76;11.35371585;-11.34743266
24.78;11.35371585;-11.34743266
24.8;11.35371585;-11.34743266
24.82;11.35371585;-11.34743266
24.84;11.35371585;-11.34743266
24.86;11.35371585;-11.34743266
24.88;11.35371585;-11.34743266
24.9;11.35371585;-11.34743266
24.92;11.35371585;-11.34743266
24.94;11.35371585;-11.34743266
24.96;11.35371585;-11.34743266
24.98;11.35371585;-11.34743266
25;11.35371585;-11.34743266
