Zeit [s];r [rad];u2
;-;-
0;4;3
0;ebbd34;e0162e
0.01;0;0
0.03;0;0
0.05;0;0
0.07;0;0
0.09;0;0
0.11;0;0
0.13;0;0
0.15;0;0
0.17;0;0
0.19;0;0
0.21;0;0
0.23;0;0
0.25;0;0
0.27;0;0
0.29;0;0
0.31;0;0
0.33;0;0
0.35;0;0
0.37;0;0
0.39;0;0
0.41;0;0
0.43;0;0
0.45;0;0
0.47;0;0
0.49;0;0
0.51;31.415927;0
0.53;31.415927;0
0.55;31.415927;0
0.57;31.415927;0
0.59;31.415927;0
0.61;31.415927;0
0.63;31.415927;0
0.65;31.415927;0
0.67;31.415927;0
0.69;31.415927;0
0.71;31.415927;0
0.73;31.415927;0
0.75;31.415927;0
0.77;31.415927;0
0.79;31.415927;0
0.81;31.415927;0
0.83;31.415927;0
0.85;31.415927;0
0.87;31.415927;0
0.89;31.415927;0
0.91;31.415927;0
0.93;31.415927;0
0.95;31.415927;0
0.97;31.415927;0
0.99;31.415927;0
1.01;31.415927;0
1.03;31.415927;0
1.05;31.415927;0
1.07;31.415927;0
1.09;31.415927;0
1.11;31.415927;0
1.13;31.415927;0
1.15;31.415927;0
1.17;31.415927;0
1.19;31.415927;0
1.21;31.415927;0
1.23;31.415927;0
1.25;31.415927;0
1.27;31.415927;0
1.29;31.415927;0
1.31;31.415927;0
1.33;31.415927;0
1.35;31.415927;0
1.37;31.415927;0
1.39;31.415927;0
1.41;31.415927;0
1.43;31.415927;0
1.45;31.415927;0
1.47;31.415927;0
1.49;31.415927;0
1.51;31.415927;0
1.53;31.415927;0
1.55;31.415927;0
1.57;31.415927;0
1.59;31.415927;0
1.61;31.415927;0
1.63;31.415927;0
1.65;31.415927;0
1.67;31.415927;0
1.69;31.415927;0
1.71;31.415927;0
1.73;31.415927;0
1.75;31.415927;0
1.77;31.415927;0
1.79;31.415927;0
1.81;31.415927;0
1.83;31.415927;0
1.85;31.415927;0
1.87;31.415927;0
1.89;31.415927;0
1.91;31.415927;0
1.93;31.415927;0
1.95;31.415927;0
1.97;31.415927;0
1.99;31.415927;0
2.01;31.415927;0
2.03;31.415927;0
2.05;31.415927;0
2.07;31.415927;0
2.09;31.415927;0
2.11;31.415927;0
2.13;31.415927;0
2.15;31.415927;0
2.17;31.415927;0
2.19;31.415927;0
2.21;31.415927;0
2.23;31.415927;0
2.25;31.415927;0
2.27;31.415927;0
2.29;31.415927;0
2.31;31.415927;0
2.33;31.415927;0
2.35;31.415927;0
2.37;31.415927;0
2.39;31.415927;0
2.41;31.415927;0
2.43;31.415927;0
2.45;31.415927;0
2.47;31.415927;0
2.49;31.415927;0
2.51;31.415927;0
2.53;31.415927;0
2.55;31.415927;0
2.57;31.415927;0
2.59;31.415927;0
2.61;31.415927;0
2.63;31.415927;0
2.65;31.415927;0
2.67;31.415927;0
2.69;31.415927;0
2.71;31.415927;0
2.73;31.415927;0
2.75;31.415927;0
2.77;31.415927;0
2.79;31.415927;0
2.81;31.415927;0
2.83;31.415927;0
2.85;31.415927;0
2.87;31.415927;0
2.89;31.415927;0
2.91;31.415927;0
2.93;31.415927;0
2.95;31.415927;0
2.97;31.415927;0
2.99;31.415927;0
3.01;31.415927;0
3.03;31.415927;0
3.05;31.415927;0
3.07;31.415927;0
3.09;31.415927;0
3.11;31.415927;0
3.13;31.415927;0
3.15;31.415927;0
3.17;31.415927;0
3.19;31.415927;0
3.21;31.415927;0
3.23;31.415927;0
3.25;31.415927;0
3.27;31.415927;0
3.29;31.415927;0
3.31;31.415927;0
3.33;31.415927;0
3.35;31.415927;0
3.37;31.415927;0
3.39;31.415927;0
3.41;31.415927;0
3.43;31.415927;0
3.45;31.415927;0
3.47;31.415927;0
3.49;31.415927;0
3.51;31.415927;0
3.53;31.415927;0
3.55;31.415927;0
3.57;31.415927;0
3.59;31.415927;0
3.61;31.415927;0
3.63;31.415927;0
3.65;31.415927;0
3.67;31.415927;0
3.69;31.415927;0
3.71;31.415927;0
3.73;31.415927;0
3.75;31.415927;0
3.77;31.415927;0
3.79;31.415927;0
3.81;31.415927;0
3.83;31.415927;0
3.85;31.415927;0
3.87;31.415927;0
3.89;31.415927;0
3.91;31.415927;0
3.93;31.415927;0
3.95;31.415927;0
3.97;31.415927;0
3.99;31.415927;0
4.01;31.415927;0
4.03;31.415927;0
4.05;31.415927;0
4.07;31.415927;0
4.09;31.415927;0
4.11;31.415927;0
4.13;31.415927;0
4.15;31.415927;0
4.17;31.415927;0
4.19;31.415927;0
4.21;31.415927;0
4.23;31.415927;0
4.25;31.415927;0
4.27;31.415927;0
4.29;31.415927;0
4.31;31.415927;0
4.33;31.415927;0
4.35;31.415927;0
4.37;31.415927;0
4.39;31.415927;0
4.41;31.415927;0
4.43;31.415927;0
4.45;31.415927;0
4.47;31.415927;0
4.49;31.415927;0
4.51;31.415927;0
4.53;31.415927;0
4.55;31.415927;0
4.57;31.415927;0
4.59;31.415927;0
4.61;31.415927;0
4.63;31.415927;0
4.65;31.415927;0
4.67;31.415927;0
4.69;31.415927;0
4.71;31.415927;0
4.73;31.415927;0
4.75;31.415927;0
4.77;31.415927;0
4.79;31.415927;0
4.81;31.415927;0
4.83;31.415927;0
4.85;31.415927;0
4.87;31.415927;0
4.89;31.415927;0
4.91;31.415927;0
4.93;31.415927;0
4.95;31.415927;0
4.97;31.415927;0
4.99;31.415927;0
5.01;31.415927;0
5.03;31.415927;0
5.05;31.415927;0
5.07;31.415927;0
5.09;31.415927;0
5.11;31.415927;0
5.13;31.415927;0
5.15;31.415927;0
5.17;31.415927;0
5.19;31.415927;0
5.21;31.415927;0
5.23;31.415927;0
5.25;31.415927;0
5.27;31.415927;0
5.29;31.415927;0
5.31;31.415927;0
5.33;31.415927;0
5.35;31.415927;0
5.37;31.415927;0
5.39;31.415927;0
5.41;31.415927;0
5.43;31.415927;0
5.45;31.415927;0
5.47;31.415927;0
5.49;31.415927;0
5.51;31.415927;0
5.53;31.415927;0
5.55;31.415927;0
5.57;31.415927;0
5.59;31.415927;0
5.61;31.415927;0
5.63;31.415927;0
5.65;31.415927;0
5.67;31.415927;0
5.69;31.415927;0
5.71;31.415927;0
5.73;31.415927;0
5.75;31.415927;0
5.77;31.415927;0
5.79;31.415927;0
5.81;31.415927;0
5.83;31.415927;0
5.85;31.415927;0
5.87;31.415927;0
5.89;31.415927;0
5.91;31.415927;0
5.93;31.415927;0
5.95;31.415927;0
5.97;31.415927;0
5.99;31.415927;0
6.01;31.415927;0
6.03;31.415927;0
6.05;31.415927;0
6.07;31.415927;0
6.09;31.415927;0
6.11;31.415927;0
6.13;31.415927;0
6.15;31.415927;0
6.17;31.415927;0
6.19;31.415927;0
6.21;31.415927;0
6.23;31.415927;0
6.25;31.415927;0
6.27;31.415927;0
6.29;31.415927;0
6.31;31.415927;0
6.33;31.415927;0
6.35;31.415927;0
6.37;31.415927;0
6.39;31.415927;0
6.41;31.415927;0
6.43;31.415927;0
6.45;31.415927;0
6.47;31.415927;0
6.49;31.415927;0
6.51;31.415927;0
6.53;31.415927;0
6.55;31.415927;0
6.57;31.415927;0
6.59;31.415927;0
6.61;31.415927;0
6.63;31.415927;0
6.65;31.415927;0
6.67;31.415927;0
6.69;31.415927;0
6.71;31.415927;0
6.73;31.415927;0
6.75;31.415927;0
6.77;31.415927;0
6.79;31.415927;0
6.81;31.415927;0
6.83;31.415927;0
6.85;31.415927;0
6.87;31.415927;0
6.89;31.415927;0
6.91;31.415927;0
6.93;31.415927;0
6.95;31.415927;0
6.97;31.415927;0
6.99;31.415927;0
7.01;31.415927;0
7.03;31.415927;0
7.05;31.415927;0
7.07;31.415927;0
7.09;31.415927;0
7.11;31.415927;0
7.13;31.415927;0
7.15;31.415927;0
7.17;31.415927;0
7.19;31.415927;0
7.21;31.415927;0
7.23;31.415927;0
7.25;31.415927;0
7.27;31.415927;0
7.29;31.415927;0
7.31;31.415927;0
7.33;31.415927;0
7.35;31.415927;0
7.37;31.415927;0
7.39;31.415927;0
7.41;31.415927;0
7.43;31.415927;0
7.45;31.415927;0
7.47;31.415927;0
7.49;31.415927;0
7.51;31.415927;0
7.53;31.415927;0
7.55;31.415927;0
7.57;31.415927;0
7.59;31.415927;0
7.61;31.415927;0
7.63;31.415927;0
7.65;31.415927;0
7.67;31.415927;0
7.69;31.415927;0
7.71;31.415927;0
7.73;31.415927;0
7.75;31.415927;0
7.77;31.415927;0
7.79;31.415927;0
7.81;31.415927;0
7.83;31.415927;0
7.85;31.415927;0
7.87;31.415927;0
7.89;31.415927;0
7.91;31.415927;0
7.93;31.415927;0
7.95;31.415927;0
7.97;31.415927;0
7.99;31.415927;0
8.01;31.415927;0
8.03;31.415927;0
8.05;31.415927;0
8.07;31.415927;0
8.09;31.415927;0
8.11;31.415927;0
8.13;31.415927;0
8.15;31.415927;0
8.17;31.415927;0
8.19;31.415927;0
8.21;31.415927;0
8.23;31.415927;0
8.25;31.415927;0
8.27;31.415927;0
8.29;31.415927;0
8.31;31.415927;0
8.33;31.415927;0
8.35;31.415927;0
8.37;31.415927;0
8.39;31.415927;0
8.41;31.415927;0
8.43;31.415927;0
8.45;31.415927;0
8.47;31.415927;0
8.49;31.415927;0
8.51;31.415927;0
8.53;31.415927;0
8.55;31.415927;0
8.57;31.415927;0
8.59;31.415927;0
8.61;31.415927;0
8.63;31.415927;0
8.65;31.415927;0
8.67;31.415927;0
8.69;31.415927;0
8.71;31.415927;0
8.73;31.415927;0
8.75;31.415927;0
8.77;31.415927;0
8.79;31.415927;0
8.81;31.415927;0
8.83;31.415927;0
8.85;31.415927;0
8.87;31.415927;0
8.89;31.415927;0
8.91;31.415927;0
8.93;31.415927;0
8.95;31.415927;0
8.97;31.415927;0
8.99;31.415927;0
9.01;31.415927;0
9.03;31.415927;0
9.05;31.415927;0
9.07;31.415927;0
9.09;31.415927;0
9.11;31.415927;0
9.13;31.415927;0
9.15;31.415927;0
9.17;31.415927;0
9.19;31.415927;0
9.21;31.415927;0
9.23;31.415927;0
9.25;31.415927;0
9.27;31.415927;0
9.29;31.415927;0
9.31;31.415927;0
9.33;31.415927;0
9.35;31.415927;0
9.37;31.415927;0
9.39;31.415927;0
9.41;31.415927;0
9.43;31.415927;0
9.45;31.415927;0
9.47;31.415927;0
9.49;31.415927;0
9.51;31.415927;0
9.53;31.415927;0
9.55;31.415927;0
9.57;31.415927;0
9.59;31.415927;0
9.61;31.415927;0
9.63;31.415927;0
9.65;31.415927;0
9.67;31.415927;0
9.69;31.415927;0
9.71;31.415927;0
9.73;31.415927;0
9.75;31.415927;0
9.77;31.415927;0
9.79;31.415927;0
9.81;31.415927;0
9.83;31.415927;0
9.85;31.415927;0
9.87;31.415927;0
9.89;31.415927;0
9.91;31.415927;0
9.93;31.415927;0
9.95;31.415927;0
9.97;31.415927;0
9.99;31.415927;0
10.01;12.566371;0
10.03;12.566371;0
10.05;12.566371;0
10.07;12.566371;0
10.09;12.566371;0
10.11;12.566371;0
10.13;12.566371;0
10.15;12.566371;0
10.17;12.566371;0
10.19;12.566371;0
10.21;12.566371;0
10.23;12.566371;0
10.25;12.566371;0
10.27;12.566371;0
10.29;12.566371;0
10.31;12.566371;0
10.33;12.566371;0
10.35;12.566371;0
10.37;12.566371;0
10.39;12.566371;0
10.41;12.566371;0
10.43;12.566371;0
10.45;12.566371;0
10.47;12.566371;0
10.49;12.566371;0
10.51;12.566371;0
10.53;12.566371;0
10.55;12.566371;0
10.57;12.566371;0
10.59;12.566371;0
10.61;12.566371;0
10.63;12.566371;0
10.65;12.566371;0
10.67;12.566371;0
10.69;12.566371;0
10.71;12.566371;0
10.73;12.566371;0
10.75;12.566371;0
10.77;12.566371;0
10.79;12.566371;0
10.81;12.566371;0
10.83;12.566371;0
10.85;12.566371;0
10.87;12.566371;0
10.89;12.566371;0
10.91;12.566371;0
10.93;12.566371;0
10.95;12.566371;0
10.97;12.566371;0
10.99;12.566371;0
11.01;12.566371;0
11.03;12.566371;0
11.05;12.566371;0
11.07;12.566371;0
11.09;12.566371;0
11.11;12.566371;0
11.13;12.566371;0
11.15;12.566371;0
11.17;12.566371;0
11.19;12.566371;0
11.21;12.566371;0
11.23;12.566371;0
11.25;12.566371;0
11.27;12.566371;0
11.29;12.566371;0
11.31;12.566371;0
11.33;12.566371;0
11.35;12.566371;0
11.37;12.566371;0
11.39;12.566371;0
11.41;12.566371;0
11.43;12.566371;0
11.45;12.566371;0
11.47;12.566371;0
11.49;12.566371;0
11.51;12.566371;0
11.53;12.566371;0
11.55;12.566371;0
11.57;12.566371;0
11.59;12.566371;0
11.61;12.566371;0
11.63;12.566371;0
11.65;12.566371;0
11.67;12.566371;0
11.69;12.566371;0
11.71;12.566371;0
11.73;12.566371;0
11.75;12.566371;0
11.77;12.566371;0
11.79;12.566371;0
11.81;12.566371;0
11.83;12.566371;0
11.85;12.566371;0
11.87;12.566371;0
11.89;12.566371;0
11.91;12.566371;0
11.93;12.566371;0
11.95;12.566371;0
11.97;12.566371;0
11.99;12.566371;0
12.01;12.566371;0
12.03;12.566371;0
12.05;12.566371;0
12.07;12.566371;0
12.09;12.566371;0
12.11;12.566371;0
12.13;12.566371;0
12.15;12.566371;0
12.17;12.566371;0
12.19;12.566371;0
12.21;12.566371;0
12.23;12.566371;0
12.25;12.566371;0
12.27;12.566371;0
12.29;12.566371;0
12.31;12.566371;0
12.33;12.566371;0
12.35;12.566371;0
12.37;12.566371;0
12.39;12.566371;0
12.41;12.566371;0
12.43;12.566371;0
12.45;12.566371;0
12.47;12.566371;0
12.49;12.566371;0
12.51;12.566371;0
12.53;12.566371;0
12.55;12.566371;0
12.57;12.566371;0
12.59;12.566371;0
12.61;12.566371;0
12.63;12.566371;0
12.65;12.566371;0
12.67;12.566371;0
12.69;12.566371;0
12.71;12.566371;0
12.73;12.566371;0
12.75;12.566371;0
12.77;12.566371;0
12.79;12.566371;0
12.81;12.566371;0
12.83;12.566371;0
12.85;12.566371;0
12.87;12.566371;0
12.89;12.566371;0
12.91;12.566371;0
12.93;12.566371;0
12.95;12.566371;0
12.97;12.566371;0
12.99;12.566371;0
13.01;12.566371;0
13.03;12.566371;0
13.05;12.566371;0
13.07;12.566371;0
13.09;12.566371;0
13.11;12.566371;0
13.13;12.566371;0
13.15;12.566371;0
13.17;12.566371;0
13.19;12.566371;0
13.21;12.566371;0
13.23;12.566371;0
13.25;12.566371;0
13.27;12.566371;0
13.29;12.566371;0
13.31;12.566371;0
13.33;12.566371;0
13.35;12.566371;0
13.37;12.566371;0
13.39;12.566371;0
13.41;12.566371;0
13.43;12.566371;0
13.45;12.566371;0
13.47;12.566371;0
13.49;12.566371;0
13.51;12.566371;0
13.53;12.566371;0
13.55;12.566371;0
13.57;12.566371;0
13.59;12.566371;0
13.61;12.566371;0
13.63;12.566371;0
13.65;12.566371;0
13.67;12.566371;0
13.69;12.566371;0
13.71;12.566371;0
13.73;12.566371;0
13.75;12.566371;0
13.77;12.566371;0
13.79;12.566371;0
13.81;12.566371;0
13.83;12.566371;0
13.85;12.566371;0
13.87;12.566371;0
13.89;12.566371;0
13.91;12.566371;0
13.93;12.566371;0
13.95;12.566371;0
13.97;12.566371;0
13.99;12.566371;0
14.01;12.566371;10
14.03;12.566371;10
14.05;12.566371;10
14.07;12.566371;10
14.09;12.566371;10
14.11;12.566371;10
14.13;12.566371;10
14.15;12.566371;10
14.17;12.566371;10
14.19;12.566371;10
14.21;12.566371;10
14.23;12.566371;10
14.25;12.566371;10
14.27;12.566371;10
14.29;12.566371;10
14.31;12.566371;10
14.33;12.566371;10
14.35;12.566371;10
14.37;12.566371;10
14.39;12.566371;10
14.41;12.566371;10
14.43;12.566371;10
14.45;12.566371;10
14.47;12.566371;10
14.49;12.566371;10
14.51;12.566371;10
14.53;12.566371;10
14.55;12.566371;10
14.57;12.566371;10
14.59;12.566371;10
14.61;12.566371;10
14.63;12.566371;10
14.65;12.566371;10
14.67;12.566371;10
14.69;12.566371;10
14.71;12.566371;10
14.73;12.566371;10
14.75;12.566371;10
14.77;12.566371;10
14.79;12.566371;10
14.81;12.566371;10
14.83;12.566371;10
14.85;12.566371;10
14.87;12.566371;10
14.89;12.566371;10
14.91;12.566371;10
14.93;12.566371;10
14.95;12.566371;10
14.97;12.566371;10
14.99;12.566371;10
15.01;12.566371;10
15.03;12.566371;10
15.05;12.566371;10
15.07;12.566371;10
15.09;12.566371;10
15.11;12.566371;10
15.13;12.566371;10
15.15;12.566371;10
15.17;12.566371;10
15.19;12.566371;10
15.21;12.566371;10
15.23;12.566371;10
15.25;12.566371;10
15.27;12.566371;10
15.29;12.566371;10
15.31;12.566371;10
15.33;12.566371;10
15.35;12.566371;10
15.37;12.566371;10
15.39;12.566371;10
15.41;12.566371;10
15.43;12.566371;10
15.45;12.566371;10
15.47;12.566371;10
15.49;12.566371;10
15.51;12.566371;10
15.53;12.566371;10
15.55;12.566371;10
15.57;12.566371;10
15.59;12.566371;10
15.61;12.566371;10
15.63;12.566371;10
15.65;12.566371;10
15.67;12.566371;10
15.69;12.566371;10
15.71;12.566371;10
15.73;12.566371;10
15.75;12.566371;10
15.77;12.566371;10
15.79;12.566371;10
15.81;12.566371;10
15.83;12.566371;10
15.85;12.566371;10
15.87;12.566371;10
15.89;12.566371;10
15.91;12.566371;10
15.93;12.566371;10
15.95;12.566371;10
15.97;12.566371;10
15.99;12.566371;10
16.01;12.566371;10
16.03;12.566371;10
16.05;12.566371;10
16.07;12.566371;10
16.09;12.566371;10
16.11;12.566371;10
16.13;12.566371;10
16.15;12.566371;10
16.17;12.566371;10
16.19;12.566371;10
16.21;12.566371;10
16.23;12.566371;10
16.25;12.566371;10
16.27;12.566371;10
16.29;12.566371;10
16.31;12.566371;10
16.33;12.566371;10
16.35;12.566371;10
16.37;12.566371;10
16.39;12.566371;10
16.41;12.566371;10
16.43;12.566371;10
16.45;12.566371;10
16.47;12.566371;10
16.49;12.566371;10
16.51;12.566371;10
16.53;12.566371;10
16.55;12.566371;10
16.57;12.566371;10
16.59;12.566371;10
16.61;12.566371;10
16.63;12.566371;10
16.65;12.566371;10
16.67;12.566371;10
16.69;12.566371;10
16.71;12.566371;10
16.73;12.566371;10
16.75;12.566371;10
16.77;12.566371;10
16.79;12.566371;10
16.81;12.566371;10
16.83;12.566371;10
16.85;12.566371;10
16.87;12.566371;10
16.89;12.566371;10
16.91;12.566371;10
16.93;12.566371;10
16.95;12.566371;10
16.97;12.566371;10
16.99;12.566371;10
17.01;12.566371;10
17.03;12.566371;10
17.05;12.566371;10
17.07;12.566371;10
17.09;12.566371;10
17.11;12.566371;10
17.13;12.566371;10
17.15;12.566371;10
17.17;12.566371;10
17.19;12.566371;10
17.21;12.566371;10
17.23;12.566371;10
17.25;12.566371;10
17.27;12.566371;10
17.29;12.566371;10
17.31;12.566371;10
17.33;12.566371;10
17.35;12.566371;10
17.37;12.566371;10
17.39;12.566371;10
17.41;12.566371;10
17.43;12.566371;10
17.45;12.566371;10
17.47;12.566371;10
17.49;12.566371;10
17.51;12.566371;10
17.53;12.566371;10
17.55;12.566371;10
17.57;12.566371;10
17.59;12.566371;10
17.61;12.566371;10
17.63;12.566371;10
17.65;12.566371;10
17.67;12.566371;10
17.69;12.566371;10
17.71;12.566371;10
17.73;12.566371;10
17.75;12.566371;10
17.77;12.566371;10
17.79;12.566371;10
17.81;12.566371;10
17.83;12.566371;10
17.85;12.566371;10
17.87;12.566371;10
17.89;12.566371;10
17.91;12.566371;10
17.93;12.566371;10
17.95;12.566371;10
17.97;12.566371;10
17.99;12.566371;10
18.01;12.566371;0
18.03;12.566371;0
18.05;12.566371;0
18.07;12.566371;0
18.09;12.566371;0
18.11;12.566371;0
18.13;12.566371;0
18.15;12.566371;0
18.17;12.566371;0
18.19;12.566371;0
18.21;12.566371;0
18.23;12.566371;0
18.25;12.566371;0
18.27;12.566371;0
18.29;12.566371;0
18.31;12.566371;0
18.33;12.566371;0
18.35;12.566371;0
18.37;12.566371;0
18.39;12.566371;0
18.41;12.566371;0
18.43;12.566371;0
18.45;12.566371;0
18.47;12.566371;0
18.49;12.566371;0
18.51;12.566371;0
18.53;12.566371;0
18.55;12.566371;0
18.57;12.566371;0
18.59;12.566371;0
18.61;12.566371;0
18.63;12.566371;0
18.65;12.566371;0
18.67;12.566371;0
18.69;12.566371;0
18.71;12.566371;0
18.73;12.566371;0
18.75;12.566371;0
18.77;12.566371;0
18.79;12.566371;0
18.81;12.566371;0
18.83;12.566371;0
18.85;12.566371;0
18.87;12.566371;0
18.89;12.566371;0
18.91;12.566371;0
18.93;12.566371;0
18.95;12.566371;0
18.97;12.566371;0
18.99;12.566371;0
19.01;12.566371;0
19.03;12.566371;0
19.05;12.566371;0
19.07;12.566371;0
19.09;12.566371;0
19.11;12.566371;0
19.13;12.566371;0
19.15;12.566371;0
19.17;12.566371;0
19.19;12.566371;0
19.21;12.566371;0
19.23;12.566371;0
19.25;12.566371;0
19.27;12.566371;0
19.29;12.566371;0
19.31;12.566371;0
19.33;12.566371;0
19.35;12.566371;0
19.37;12.566371;0
19.39;12.566371;0
19.41;12.566371;0
19.43;12.566371;0
19.45;12.566371;0
19.47;12.566371;0
19.49;12.566371;0
19.51;12.566371;0
19.53;12.566371;0
19.55;12.566371;0
19.57;12.566371;0
19.59;12.566371;0
19.61;12.566371;0
19.63;12.566371;0
19.65;12.566371;0
19.67;12.566371;0
19.69;12.566371;0
19.71;12.566371;0
19.73;12.566371;0
19.75;12.566371;0
19.77;12.566371;0
19.79;12.566371;0
19.81;12.566371;0
19.83;12.566371;0
19.85;12.566371;0
19.87;12.566371;0
19.89;12.566371;0
19.91;12.566371;0
19.93;12.566371;0
19.95;12.566371;0
19.97;12.566371;0
19.99;12.566371;0
20.01;0;0
20.03;0;0
20.05;0;0
20.07;0;0
20.09;0;0
20.11;0;0
20.13;0;0
20.15;0;0
20.17;0;0
20.19;0;0
20.21;0;0
20.23;0;0
20.25;0;0
20.27;0;0
20.29;0;0
20.31;0;0
20.33;0;0
20.35;0;0
20.37;0;0
20.39;0;0
20.41;0;0
20.43;0;0
20.45;0;0
20.47;0;0
20.49;0;0
20.51;0;0
20.53;0;0
20.55;0;0
20.57;0;0
20.59;0;0
20.61;0;0
20.63;0;0
20.65;0;0
20.67;0;0
20.69;0;0
20.71;0;0
20.73;0;0
20.75;0;0
20.77;0;0
20.79;0;0
20.81;0;0
20.83;0;0
20.85;0;0
20.87;0;0
20.89;0;0
20.91;0;0
20.93;0;0
20.95;0;0
20.97;0;0
20.99;0;0
21.01;0;0
21.03;0;0
21.05;0;0
21.07;0;0
21.09;0;0
21.11;0;0
21.13;0;0
21.15;0;0
21.17;0;0
21.19;0;0
21.21;0;0
21.23;0;0
21.25;0;0
21.27;0;0
21.29;0;0
21.31;0;0
21.33;0;0
21.35;0;0
21.37;0;0
21.39;0;0
21.41;0;0
21.43;0;0
21.45;0;0
21.47;0;0
21.49;0;0
21.51;0;0
21.53;0;0
21.55;0;0
21.57;0;0
21.59;0;0
21.61;0;0
21.63;0;0
21.65;0;0
21.67;0;0
21.69;0;0
21.71;0;0
21.73;0;0
21.75;0;0
21.77;0;0
21.79;0;0
21.81;0;0
21.83;0;0
21.85;0;0
21.87;0;0
21.89;0;0
21.91;0;0
21.93;0;0
21.95;0;0
21.97;0;0
21.99;0;0
22.01;0;0
22.03;0;0
22.05;0;0
22.07;0;0
22.09;0;0
22.11;0;0
22.13;0;0
22.15;0;0
22.17;0;0
22.19;0;0
22.21;0;0
22.23;0;0
22.25;0;0
22.27;0;0
22.29;0;0
22.31;0;0
22.33;0;0
22.35;0;0
22.37;0;0
22.39;0;0
22.41;0;0
22.43;0;0
22.45;0;0
22.47;0;0
22.49;0;0
22.51;0;0
22.53;0;0
22.55;0;0
22.57;0;0
22.59;0;0
22.61;0;0
22.63;0;0
22.65;0;0
22.67;0;0
22.69;0;0
22.71;0;0
22.73;0;0
22.75;0;0
22.77;0;0
22.79;0;0
22.81;0;0
22.83;0;0
22.85;0;0
22.87;0;0
22.89;0;0
22.91;0;0
22.93;0;0
22.95;0;0
22.97;0;0
22.99;0;0
23.01;0;0
23.03;0;0
23.05;0;0
23.07;0;0
23.09;0;0
23.11;0;0
23.13;0;0
23.15;0;0
23.17;0;0
23.19;0;0
23.21;0;0
23.23;0;0
23.25;0;0
23.27;0;0
23.29;0;0
23.31;0;0
23.33;0;0
23.35;0;0
23.37;0;0
23.39;0;0
23.41;0;0
23.43;0;0
23.45;0;0
23.47;0;0
23.49;0;0
23.51;0;0
23.53;0;0
23.55;0;0
23.57;0;0
23.59;0;0
23.61;0;0
23.63;0;0
23.65;0;0
23.67;0;0
23.69;0;0
23.71;0;0
23.73;0;0
23.75;0;0
23.77;0;0
23.79;0;0
23.81;0;0
23.83;0;0
23.85;0;0
23.87;0;0
23.89;0;0
23.91;0;0
23.93;0;0
23.95;0;0
23.97;0;0
23.99;0;0
24.01;0;0
24.03;0;0
24.05;0;0
24.07;0;0
24.09;0;0
24.11;0;0
24.13;0;0
24.15;0;0
24.17;0;0
24.19;0;0
24.21;0;0
24.23;0;0
24.25;0;0
24.27;0;0
24.29;0;0
24.31;0;0
24.33;0;0
24.35;0;0
24.37;0;0
24.39;0;0
24.41;0;0
24.43;0;0
24.45;0;0
24.47;0;0
24.49;0;0
24.51;0;0
24.53;0;0
24.55;0;0
24.57;0;0
24.59;0;0
24.61;0;0
24.63;0;0
24.65;0;0
24.67;0;0
24.69;0;0
24.71;0;0
24.73;0;0
24.75;0;0
24.77;0;0
24.79;0;0
24.81;0;0
24.83;0;0
24.85;0;0
24.87;0;0
24.89;0;0
24.91;0;0
24.93;0;0
24.95;0;0
24.97;0;0
24.99;0;0
25.01;0;0
25.03;0;0
25.05;0;0
25.07;0;0
25.09;0;0
25.11;0;0
25.13;0;0
25.15;0;0
25.17;0;0
25.19;0;0
25.21;0;0
25.23;0;0
25.25;0;0
25.27;0;0
25.29;0;0
25.31;0;0
25.33;0;0
25.35;0;0
25.37;0;0
25.39;0;0
25.41;0;0
25.43;0;0
25.45;0;0
25.47;0;0
25.49;0;0
25.51;0;0
25.53;0;0
25.55;0;0
25.57;0;0
25.59;0;0
25.61;0;0
25.63;0;0
25.65;0;0
25.67;0;0
25.69;0;0
25.71;0;0
25.73;0;0
25.75;0;0
25.77;0;0
25.79;0;0
25.81;0;0
25.83;0;0
25.85;0;0
25.87;0;0
25.89;0;0
25.91;0;0
25.93;0;0
25.95;0;0
25.97;0;0
25.99;0;0
26.01;0;0
26.03;0;0
26.05;0;0
26.07;0;0
26.09;0;0
26.11;0;0
26.13;0;0
26.15;0;0
26.17;0;0
26.19;0;0
26.21;0;0
26.23;0;0
26.25;0;0
26.27;0;0
26.29;0;0
26.31;0;0
26.33;0;0
26.35;0;0
26.37;0;0
26.39;0;0
26.41;0;0
26.43;0;0
26.45;0;0
26.47;0;0
26.49;0;0
26.51;0;0
26.53;0;0
26.55;0;0
26.57;0;0
26.59;0;0
26.61;0;0
26.63;0;0
26.65;0;0
26.67;0;0
26.69;0;0
26.71;0;0
26.73;0;0
26.75;0;0
26.77;0;0
26.79;0;0
26.81;0;0
26.83;0;0
26.85;0;0
26.87;0;0
26.89;0;0
26.91;0;0
26.93;0;0
26.95;0;0
26.97;0;0
26.99;0;0
27.01;0;0
27.03;0;0
27.05;0;0
27.07;0;0
27.09;0;0
27.11;0;0
27.13;0;0
27.15;0;0
27.17;0;0
27.19;0;0
27.21;0;0
27.23;0;0
27.25;0;0
27.27;0;0
27.29;0;0
27.31;0;0
27.33;0;0
27.35;0;0
27.37;0;0
27.39;0;0
27.41;0;0
27.43;0;0
27.45;0;0
27.47;0;0
27.49;0;0
27.51;0;0
27.53;0;0
27.55;0;0
27.57;0;0
27.59;0;0
27.61;0;0
27.63;0;0
27.65;0;0
27.67;0;0
27.69;0;0
27.71;0;0
27.73;0;0
27.75;0;0
27.77;0;0
27.79;0;0
27.81;0;0
27.83;0;0
27.85;0;0
27.87;0;0
27.89;0;0
27.91;0;0
27.93;0;0
27.95;0;0
27.97;0;0
27.99;0;0
28.01;0;0
28.03;0;0
28.05;0;0
28.07;0;0
28.09;0;0
28.11;0;0
28.13;0;0
28.15;0;0
28.17;0;0
28.19;0;0
28.21;0;0
28.23;0;0
28.25;0;0
28.27;0;0
28.29;0;0
28.31;0;0
28.33;0;0
28.35;0;0
28.37;0;0
28.39;0;0
28.41;0;0
28.43;0;0
28.45;0;0
28.47;0;0
28.49;0;0
28.51;0;0
28.53;0;0
28.55;0;0
28.57;0;0
28.59;0;0
28.61;0;0
28.63;0;0
28.65;0;0
28.67;0;0
28.69;0;0
28.71;0;0
28.73;0;0
28.75;0;0
28.77;0;0
28.79;0;0
28.81;0;0
28.83;0;0
28.85;0;0
28.87;0;0
28.89;0;0
28.91;0;0
28.93;0;0
28.95;0;0
28.97;0;0
28.99;0;0
29.01;0;0
29.03;0;0
29.05;0;0
29.07;0;0
29.09;0;0
29.11;0;0
29.13;0;0
29.15;0;0
29.17;0;0
29.19;0;0
29.21;0;0
29.23;0;0
29.25;0;0
29.27;0;0
29.29;0;0
29.31;0;0
29.33;0;0
29.35;0;0
29.37;0;0
29.39;0;0
29.41;0;0
29.43;0;0
29.45;0;0
29.47;0;0
29.49;0;0
29.51;0;0
29.53;0;0
29.55;0;0
29.57;0;0
29.59;0;0
29.61;0;0
29.63;0;0
29.65;0;0
29.67;0;0
29.69;0;0
29.71;0;0
29.73;0;0
29.75;0;0
29.77;0;0
29.79;0;0
29.81;0;0
29.83;0;0
29.85;0;0
29.87;0;0
29.89;0;0
29.91;0;0
29.93;0;0
29.95;0;0
29.97;0;0
29.99;0;0
30.01;-18.849556;0
30.03;-18.849556;0
30.05;-18.849556;0
30.07;-18.849556;0
30.09;-18.849556;0
30.11;-18.849556;0
30.13;-18.849556;0
30.15;-18.849556;0
30.17;-18.849556;0
30.19;-18.849556;0
30.21;-18.849556;0
30.23;-18.849556;0
30.25;-18.849556;0
30.27;-18.849556;0
30.29;-18.849556;0
30.31;-18.849556;0
30.33;-18.849556;0
30.35;-18.849556;0
30.37;-18.849556;0
30.39;-18.849556;0
30.41;-18.849556;0
30.43;-18.849556;0
30.45;-18.849556;0
30.47;-18.849556;0
30.49;-18.849556;0
30.51;-18.849556;0
30.53;-18.849556;0
30.55;-18.849556;0
30.57;-18.849556;0
30.59;-18.849556;0
30.61;-18.849556;0
30.63;-18.849556;0
30.65;-18.849556;0
30.67;-18.849556;0
30.69;-18.849556;0
30.71;-18.849556;0
30.73;-18.849556;0
30.75;-18.849556;0
30.77;-18.849556;0
30.79;-18.849556;0
30.81;-18.849556;0
30.83;-18.849556;0
30.85;-18.849556;0
30.87;-18.849556;0
30.89;-18.849556;0
30.91;-18.849556;0
30.93;-18.849556;0
30.95;-18.849556;0
30.97;-18.849556;0
30.99;-18.849556;0
31.01;-18.849556;0
31.03;-18.849556;0
31.05;-18.849556;0
31.07;-18.849556;0
31.09;-18.849556;0
31.11;-18.849556;0
31.13;-18.849556;0
31.15;-18.849556;0
31.17;-18.849556;0
31.19;-18.849556;0
31.21;-18.849556;0
31.23;-18.849556;0
31.25;-18.849556;0
31.27;-18.849556;0
31.29;-18.849556;0
31.31;-18.849556;0
31.33;-18.849556;0
31.35;-18.849556;0
31.37;-18.849556;0
31.39;-18.849556;0
31.41;-18.849556;0
31.43;-18.849556;0
31.45;-18.849556;0
31.47;-18.849556;0
31.49;-18.849556;0
31.51;-18.849556;0
31.53;-18.849556;0
31.55;-18.849556;0
31.57;-18.849556;0
31.59;-18.849556;0
31.61;-18.849556;0
31.63;-18.849556;0
31.65;-18.849556;0
31.67;-18.849556;0
31.69;-18.849556;0
31.71;-18.849556;0
31.73;-18.849556;0
31.75;-18.849556;0
31.77;-18.849556;0
31.79;-18.849556;0
31.81;-18.849556;0
31.83;-18.849556;0
31.85;-18.849556;0
31.87;-18.849556;0
31.89;-18.849556;0
31.91;-18.849556;0
31.93;-18.849556;0
31.95;-18.849556;0
31.97;-18.849556;0
31.99;-18.849556;0
32.01;-18.849556;0
32.03;-18.849556;0
32.05;-18.849556;0
32.07;-18.849556;0
32.09;-18.849556;0
32.11;-18.849556;0
32.13;-18.849556;0
32.15;-18.849556;0
32.17;-18.849556;0
32.19;-18.849556;0
32.21;-18.849556;0
32.23;-18.849556;0
32.25;-18.849556;0
32.27;-18.849556;0
32.29;-18.849556;0
32.31;-18.849556;0
32.33;-18.849556;0
32.35;-18.849556;0
32.37;-18.849556;0
32.39;-18.849556;0
32.41;-18.849556;0
32.43;-18.849556;0
32.45;-18.849556;0
32.47;-18.849556;0
32.49;-18.849556;0
32.51;-18.849556;0
32.53;-18.849556;0
32.55;-18.849556;0
32.57;-18.849556;0
32.59;-18.849556;0
32.61;-18.849556;0
32.63;-18.849556;0
32.65;-18.849556;0
32.67;-18.849556;0
32.69;-18.849556;0
32.71;-18.849556;0
32.73;-18.849556;0
32.75;-18.849556;0
32.77;-18.849556;0
32.79;-18.849556;0
32.81;-18.849556;0
32.83;-18.849556;0
32.85;-18.849556;0
32.87;-18.849556;0
32.89;-18.849556;0
32.91;-18.849556;0
32.93;-18.849556;0
32.95;-18.849556;0
32.97;-18.849556;0
32.99;-18.849556;0
33.01;-18.849556;0
33.03;-18.849556;0
33.05;-18.849556;0
33.07;-18.849556;0
33.09;-18.849556;0
33.11;-18.849556;0
33.13;-18.849556;0
33.15;-18.849556;0
33.17;-18.849556;0
33.19;-18.849556;0
33.21;-18.849556;0
33.23;-18.849556;0
33.25;-18.849556;0
33.27;-18.849556;0
33.29;-18.849556;0
33.31;-18.849556;0
33.33;-18.849556;0
33.35;-18.849556;0
33.37;-18.849556;0
33.39;-18.849556;0
33.41;-18.849556;0
33.43;-18.849556;0
33.45;-18.849556;0
33.47;-18.849556;0
33.49;-18.849556;0
33.51;-18.849556;0
33.53;-18.849556;0
33.55;-18.849556;0
33.57;-18.849556;0
33.59;-18.849556;0
33.61;-18.849556;0
33.63;-18.849556;0
33.65;-18.849556;0
33.67;-18.849556;0
33.69;-18.849556;0
33.71;-18.849556;0
33.73;-18.849556;0
33.75;-18.849556;0
33.77;-18.849556;0
33.79;-18.849556;0
33.81;-18.849556;0
33.83;-18.849556;0
33.85;-18.849556;0
33.87;-18.849556;0
33.89;-18.849556;0
33.91;-18.849556;0
33.93;-18.849556;0
33.95;-18.849556;0
33.97;-18.849556;0
33.99;-18.849556;0
34.01;-18.849556;0
34.03;-18.849556;0
34.05;-18.849556;0
34.07;-18.849556;0
34.09;-18.849556;0
34.11;-18.849556;0
34.13;-18.849556;0
34.15;-18.849556;0
34.17;-18.849556;0
34.19;-18.849556;0
34.21;-18.849556;0
34.23;-18.849556;0
34.25;-18.849556;0
34.27;-18.849556;0
34.29;-18.849556;0
34.31;-18.849556;0
34.33;-18.849556;0
34.35;-18.849556;0
34.37;-18.849556;0
34.39;-18.849556;0
34.41;-18.849556;0
34.43;-18.849556;0
34.45;-18.849556;0
34.47;-18.849556;0
34.49;-18.849556;0
34.51;-18.849556;0
34.53;-18.849556;0
34.55;-18.849556;0
34.57;-18.849556;0
34.59;-18.849556;0
34.61;-18.849556;0
34.63;-18.849556;0
34.65;-18.849556;0
34.67;-18.849556;0
34.69;-18.849556;0
34.71;-18.849556;0
34.73;-18.849556;0
34.75;-18.849556;0
34.77;-18.849556;0
34.79;-18.849556;0
34.81;-18.849556;0
34.83;-18.849556;0
34.85;-18.849556;0
34.87;-18.849556;0
34.89;-18.849556;0
34.91;-18.849556;0
34.93;-18.849556;0
34.95;-18.849556;0
34.97;-18.849556;0
34.99;-18.849556;0
35.01;-18.849556;0
35.03;-18.849556;0
35.05;-18.849556;0
35.07;-18.849556;0
35.09;-18.849556;0
35.11;-18.849556;0
35.13;-18.849556;0
35.15;-18.849556;0
35.17;-18.849556;0
35.19;-18.849556;0
35.21;-18.849556;0
35.23;-18.849556;0
35.25;-18.849556;0
35.27;-18.849556;0
35.29;-18.849556;0
35.31;-18.849556;0
35.33;-18.849556;0
35.35;-18.849556;0
35.37;-18.849556;0
35.39;-18.849556;0
35.41;-18.849556;0
35.43;-18.849556;0
35.45;-18.849556;0
35.47;-18.849556;0
35.49;-18.849556;0
35.51;-18.849556;0
35.53;-18.849556;0
35.55;-18.849556;0
35.57;-18.849556;0
35.59;-18.849556;0
35.61;-18.849556;0
35.63;-18.849556;0
35.65;-18.849556;0
35.67;-18.849556;0
35.69;-18.849556;0
35.71;-18.849556;0
35.73;-18.849556;0
35.75;-18.849556;0
35.77;-18.849556;0
35.79;-18.849556;0
35.81;-18.849556;0
35.83;-18.849556;0
35.85;-18.849556;0
35.87;-18.849556;0
35.89;-18.849556;0
35.91;-18.849556;0
35.93;-18.849556;0
35.95;-18.849556;0
35.97;-18.849556;0
35.99;-18.849556;0
36.01;-18.849556;0
36.03;-18.849556;0
36.05;-18.849556;0
36.07;-18.849556;0
36.09;-18.849556;0
36.11;-18.849556;0
36.13;-18.849556;0
36.15;-18.849556;0
36.17;-18.849556;0
36.19;-18.849556;0
36.21;-18.849556;0
36.23;-18.849556;0
36.25;-18.849556;0
36.27;-18.849556;0
36.29;-18.849556;0
36.31;-18.849556;0
36.33;-18.849556;0
36.35;-18.849556;0
36.37;-18.849556;0
36.39;-18.849556;0
36.41;-18.849556;0
36.43;-18.849556;0
36.45;-18.849556;0
36.47;-18.849556;0
36.49;-18.849556;0
36.51;-18.849556;0
36.53;-18.849556;0
36.55;-18.849556;0
36.57;-18.849556;0
36.59;-18.849556;0
36.61;-18.849556;0
36.63;-18.849556;0
36.65;-18.849556;0
36.67;-18.849556;0
36.69;-18.849556;0
36.71;-18.849556;0
36.73;-18.849556;0
36.75;-18.849556;0
36.77;-18.849556;0
36.79;-18.849556;0
36.81;-18.849556;0
36.83;-18.849556;0
36.85;-18.849556;0
36.87;-18.849556;0
36.89;-18.849556;0
36.91;-18.849556;0
36.93;-18.849556;0
36.95;-18.849556;0
36.97;-18.849556;0
36.99;-18.849556;0
37.01;-18.849556;0
37.03;-18.849556;0
37.05;-18.849556;0
37.07;-18.849556;0
37.09;-18.849556;0
37.11;-18.849556;0
37.13;-18.849556;0
37.15;-18.849556;0
37.17;-18.849556;0
37.19;-18.849556;0
37.21;-18.849556;0
37.23;-18.849556;0
37.25;-18.849556;0
37.27;-18.849556;0
37.29;-18.849556;0
37.31;-18.849556;0
37.33;-18.849556;0
37.35;-18.849556;0
37.37;-18.849556;0
37.39;-18.849556;0
37.41;-18.849556;0
37.43;-18.849556;0
37.45;-18.849556;0
37.47;-18.849556;0
37.49;-18.849556;0
37.51;-18.849556;0
37.53;-18.849556;0
37.55;-18.849556;0
37.57;-18.849556;0
37.59;-18.849556;0
37.61;-18.849556;0
37.63;-18.849556;0
37.65;-18.849556;0
37.67;-18.849556;0
37.69;-18.849556;0
37.71;-18.849556;0
37.73;-18.849556;0
37.75;-18.849556;0
37.77;-18.849556;0
37.79;-18.849556;0
37.81;-18.849556;0
37.83;-18.849556;0
37.85;-18.849556;0
37.87;-18.849556;0
37.89;-18.849556;0
37.91;-18.849556;0
37.93;-18.849556;0
37.95;-18.849556;0
37.97;-18.849556;0
37.99;-18.849556;0
38.01;-18.849556;0
38.03;-18.849556;0
38.05;-18.849556;0
38.07;-18.849556;0
38.09;-18.849556;0
38.11;-18.849556;0
38.13;-18.849556;0
38.15;-18.849556;0
38.17;-18.849556;0
38.19;-18.849556;0
38.21;-18.849556;0
38.23;-18.849556;0
38.25;-18.849556;0
38.27;-18.849556;0
38.29;-18.849556;0
38.31;-18.849556;0
38.33;-18.849556;0
38.35;-18.849556;0
38.37;-18.849556;0
38.39;-18.849556;0
38.41;-18.849556;0
38.43;-18.849556;0
38.45;-18.849556;0
38.47;-18.849556;0
38.49;-18.849556;0
38.51;-18.849556;0
38.53;-18.849556;0
38.55;-18.849556;0
38.57;-18.849556;0
38.59;-18.849556;0
38.61;-18.849556;0
38.63;-18.849556;0
38.65;-18.849556;0
38.67;-18.849556;0
38.69;-18.849556;0
38.71;-18.849556;0
38.73;-18.849556;0
38.75;-18.849556;0
38.77;-18.849556;0
38.79;-18.849556;0
38.81;-18.849556;0
38.83;-18.849556;0
38.85;-18.849556;0
38.87;-18.849556;0
38.89;-18.849556;0
38.91;-18.849556;0
38.93;-18.849556;0
38.95;-18.849556;0
38.97;-18.849556;0
38.99;-18.849556;0
39.01;-18.849556;0
39.03;-18.849556;0
39.05;-18.849556;0
39.07;-18.849556;0
39.09;-18.849556;0
39.11;-18.849556;0
39.13;-18.849556;0
39.15;-18.849556;0
39.17;-18.849556;0
39.19;-18.849556;0
39.21;-18.849556;0
39.23;-18.849556;0
39.25;-18.849556;0
39.27;-18.849556;0
39.29;-18.849556;0
39.31;-18.849556;0
39.33;-18.849556;0
39.35;-18.849556;0
39.37;-18.849556;0
39.39;-18.849556;0
39.41;-18.849556;0
39.43;-18.849556;0
39.45;-18.849556;0
39.47;-18.849556;0
39.49;-18.849556;0
39.51;-18.849556;0
39.53;-18.849556;0
39.55;-18.849556;0
39.57;-18.849556;0
39.59;-18.849556;0
39.61;-18.849556;0
39.63;-18.849556;0
39.65;-18.849556;0
39.67;-18.849556;0
39.69;-18.849556;0
39.71;-18.849556;0
39.73;-18.849556;0
39.75;-18.849556;0
39.77;-18.849556;0
39.79;-18.849556;0
39.81;-18.849556;0
39.83;-18.849556;0
39.85;-18.849556;0
39.87;-18.849556;0
39.89;-18.849556;0
39.91;-18.849556;0
39.93;-18.849556;0
39.95;-18.849556;0
39.97;-18.849556;0
39.99;-18.849556;0
40.01;12.566371;0
40.03;12.566371;0
40.05;12.566371;0
40.07;12.566371;0
40.09;12.566371;0
40.11;12.566371;0
40.13;12.566371;0
40.15;12.566371;0
40.17;12.566371;0
40.19;12.566371;0
40.21;12.566371;0
40.23;12.566371;0
40.25;12.566371;0
40.27;12.566371;0
40.29;12.566371;0
40.31;12.566371;0
40.33;12.566371;0
40.35;12.566371;0
40.37;12.566371;0
40.39;12.566371;0
40.41;12.566371;0
40.43;12.566371;0
40.45;12.566371;0
40.47;12.566371;0
40.49;12.566371;0
40.51;12.566371;0
40.53;12.566371;0
40.55;12.566371;0
40.57;12.566371;0
40.59;12.566371;0
40.61;12.566371;0
40.63;12.566371;0
40.65;12.566371;0
40.67;12.566371;0
40.69;12.566371;0
40.71;12.566371;0
40.73;12.566371;0
40.75;12.566371;0
40.77;12.566371;0
40.79;12.566371;0
40.81;12.566371;0
40.83;12.566371;0
40.85;12.566371;0
40.87;12.566371;0
40.89;12.566371;0
40.91;12.566371;0
40.93;12.566371;0
40.95;12.566371;0
40.97;12.566371;0
40.99;12.566371;0
41.01;12.566371;0
41.03;12.566371;0
41.05;12.566371;0
41.07;12.566371;0
41.09;12.566371;0
41.11;12.566371;0
41.13;12.566371;0
41.15;12.566371;0
41.17;12.566371;0
41.19;12.566371;0
41.21;12.566371;0
41.23;12.566371;0
41.25;12.566371;0
41.27;12.566371;0
41.29;12.566371;0
41.31;12.566371;0
41.33;12.566371;0
41.35;12.566371;0
41.37;12.566371;0
41.39;12.566371;0
41.41;12.566371;0
41.43;12.566371;0
41.45;12.566371;0
41.47;12.566371;0
41.49;12.566371;0
41.51;12.566371;0
41.53;12.566371;0
41.55;12.566371;0
41.57;12.566371;0
41.59;12.566371;0
41.61;12.566371;0
41.63;12.566371;0
41.65;12.566371;0
41.67;12.566371;0
41.69;12.566371;0
41.71;12.566371;0
41.73;12.566371;0
41.75;12.566371;0
41.77;12.566371;0
41.79;12.566371;0
41.81;12.566371;0
41.83;12.566371;0
41.85;12.566371;0
41.87;12.566371;0
41.89;12.566371;0
41.91;12.566371;0
41.93;12.566371;0
41.95;12.566371;0
41.97;12.566371;0
41.99;12.566371;0
42.01;12.566371;0
42.03;12.566371;0
42.05;12.566371;0
42.07;12.566371;0
42.09;12.566371;0
42.11;12.566371;0
42.13;12.566371;0
42.15;12.566371;0
42.17;12.566371;0
42.19;12.566371;0
42.21;12.566371;0
42.23;12.566371;0
42.25;12.566371;0
42.27;12.566371;0
42.29;12.566371;0
42.31;12.566371;0
42.33;12.566371;0
42.35;12.566371;0
42.37;12.566371;0
42.39;12.566371;0
42.41;12.566371;0
42.43;12.566371;0
42.45;12.566371;0
42.47;12.566371;0
42.49;12.566371;0
42.51;12.566371;0
42.53;12.566371;0
42.55;12.566371;0
42.57;12.566371;0
42.59;12.566371;0
42.61;12.566371;0
42.63;12.566371;0
42.65;12.566371;0
42.67;12.566371;0
42.69;12.566371;0
42.71;12.566371;0
42.73;12.566371;0
42.75;12.566371;0
42.77;12.566371;0
42.79;12.566371;0
42.81;12.566371;0
42.83;12.566371;0
42.85;12.566371;0
42.87;12.566371;0
42.89;12.566371;0
42.91;12.566371;0
42.93;12.566371;0
42.95;12.566371;0
42.97;12.566371;0
42.99;12.566371;0
43.01;12.566371;0
43.03;12.566371;0
43.05;12.566371;0
43.07;12.566371;0
43.09;12.566371;0
43.11;12.566371;0
43.13;12.566371;0
43.15;12.566371;0
43.17;12.566371;0
43.19;12.566371;0
43.21;12.566371;0
43.23;12.566371;0
43.25;12.566371;0
43.27;12.566371;0
43.29;12.566371;0
43.31;12.566371;0
43.33;12.566371;0
43.35;12.566371;0
43.37;12.566371;0
43.39;12.566371;0
43.41;12.566371;0
43.43;12.566371;0
43.45;12.566371;0
43.47;12.566371;0
43.49;12.566371;0
43.51;12.566371;0
43.53;12.566371;0
43.55;12.566371;0
43.57;12.566371;0
43.59;12.566371;0
43.61;12.566371;0
43.63;12.566371;0
43.65;12.566371;0
43.67;12.566371;0
43.69;12.566371;0
43.71;12.566371;0
43.73;12.566371;0
43.75;12.566371;0
43.77;12.566371;0
43.79;12.566371;0
43.81;12.566371;0
43.83;12.566371;0
43.85;12.566371;0
43.87;12.566371;0
43.89;12.566371;0
43.91;12.566371;0
43.93;12.566371;0
43.95;12.566371;0
43.97;12.566371;0
43.99;12.566371;0
44.01;12.566371;0
44.03;12.566371;0
44.05;12.566371;0
44.07;12.566371;0
44.09;12.566371;0
44.11;12.566371;0
44.13;12.566371;0
44.15;12.566371;0
44.17;12.566371;0
44.19;12.566371;0
44.21;12.566371;0
44.23;12.566371;0
44.25;12.566371;0
44.27;12.566371;0
44.29;12.566371;0
44.31;12.566371;0
44.33;12.566371;0
44.35;12.566371;0
44.37;12.566371;0
44.39;12.566371;0
44.41;12.566371;0
44.43;12.566371;0
44.45;12.566371;0
44.47;12.566371;0
44.49;12.566371;0
44.51;12.566371;0
44.53;12.566371;0
44.55;12.566371;0
44.57;12.566371;0
44.59;12.566371;0
44.61;12.566371;0
44.63;12.566371;0
44.65;12.566371;0
44.67;12.566371;0
44.69;12.566371;0
44.71;12.566371;0
44.73;12.566371;0
44.75;12.566371;0
44.77;12.566371;0
44.79;12.566371;0
44.81;12.566371;0
44.83;12.566371;0
44.85;12.566371;0
44.87;12.566371;0
44.89;12.566371;0
44.91;12.566371;0
44.93;12.566371;0
44.95;12.566371;0
44.97;12.566371;0
44.99;12.566371;0
45.01;0;0
45.03;0;0
45.05;0;0
45.07;0;0
45.09;0;0
45.11;0;0
45.13;0;0
45.15;0;0
45.17;0;0
45.19;0;0
45.21;0;0
45.23;0;0
45.25;0;0
45.27;0;0
45.29;0;0
45.31;0;0
45.33;0;0
45.35;0;0
45.37;0;0
45.39;0;0
45.41;0;0
45.43;0;0
45.45;0;0
45.47;0;0
45.49;0;0
45.51;0;0
45.53;0;0
45.55;0;0
45.57;0;0
45.59;0;0
45.61;0;0
45.63;0;0
45.65;0;0
45.67;0;0
45.69;0;0
45.71;0;0
45.73;0;0
45.75;0;0
45.77;0;0
45.79;0;0
45.81;0;0
45.83;0;0
45.85;0;0
45.87;0;0
45.89;0;0
45.91;0;0
45.93;0;0
45.95;0;0
45.97;0;0
45.99;0;0
46.01;0;0
46.03;0;0
46.05;0;0
46.07;0;0
46.09;0;0
46.11;0;0
46.13;0;0
46.15;0;0
46.17;0;0
46.19;0;0
46.21;0;0
46.23;0;0
46.25;0;0
46.27;0;0
46.29;0;0
46.31;0;0
46.33;0;0
46.35;0;0
46.37;0;0
46.39;0;0
46.41;0;0
46.43;0;0
46.45;0;0
46.47;0;0
46.49;0;0
46.51;0;0
46.53;0;0
46.55;0;0
46.57;0;0
46.59;0;0
46.61;0;0
46.63;0;0
46.65;0;0
46.67;0;0
46.69;0;0
46.71;0;0
46.73;0;0
46.75;0;0
46.77;0;0
46.79;0;0
46.81;0;0
46.83;0;0
46.85;0;0
46.87;0;0
46.89;0;0
46.91;0;0
46.93;0;0
46.95;0;0
46.97;0;0
46.99;0;0
47.01;0;0
47.03;0;0
47.05;0;0
47.07;0;0
47.09;0;0
47.11;0;0
47.13;0;0
47.15;0;0
47.17;0;0
47.19;0;0
47.21;0;0
47.23;0;0
47.25;0;0
47.27;0;0
47.29;0;0
47.31;0;0
47.33;0;0
47.35;0;0
47.37;0;0
47.39;0;0
47.41;0;0
47.43;0;0
47.45;0;0
47.47;0;0
47.49;0;0
47.51;0;0
47.53;0;0
47.55;0;0
47.57;0;0
47.59;0;0
47.61;0;0
47.63;0;0
47.65;0;0
47.67;0;0
47.69;0;0
47.71;0;0
47.73;0;0
47.75;0;0
47.77;0;0
47.79;0;0
47.81;0;0
47.83;0;0
47.85;0;0
47.87;0;0
47.89;0;0
47.91;0;0
47.93;0;0
47.95;0;0
47.97;0;0
47.99;0;0
48.01;0;0
48.03;0;0
48.05;0;0
48.07;0;0
48.09;0;0
48.11;0;0
48.13;0;0
48.15;0;0
48.17;0;0
48.19;0;0
48.21;0;0
48.23;0;0
48.25;0;0
48.27;0;0
48.29;0;0
48.31;0;0
48.33;0;0
48.35;0;0
48.37;0;0
48.39;0;0
48.41;0;0
48.43;0;0
48.45;0;0
48.47;0;0
48.49;0;0
48.51;0;0
48.53;0;0
48.55;0;0
48.57;0;0
48.59;0;0
48.61;0;0
48.63;0;0
48.65;0;0
48.67;0;0
48.69;0;0
48.71;0;0
48.73;0;0
48.75;0;0
48.77;0;0
48.79;0;0
48.81;0;0
48.83;0;0
48.85;0;0
48.87;0;0
48.89;0;0
48.91;0;0
48.93;0;0
48.95;0;0
48.97;0;0
48.99;0;0
49.01;0;0
49.03;0;0
49.05;0;0
49.07;0;0
49.09;0;0
49.11;0;0
49.13;0;0
49.15;0;0
49.17;0;0
49.19;0;0
49.21;0;0
49.23;0;0
49.25;0;0
49.27;0;0
49.29;0;0
49.31;0;0
49.33;0;0
49.35;0;0
49.37;0;0
49.39;0;0
49.41;0;0
49.43;0;0
49.45;0;0
49.47;0;0
49.49;0;0
49.51;0;0
49.53;0;0
49.55;0;0
49.57;0;0
49.59;0;0
49.61;0;0
49.63;0;0
49.65;0;0
49.67;0;0
49.69;0;0
49.71;0;0
49.73;0;0
49.75;0;0
49.77;0;0
49.79;0;0
49.81;0;0
49.83;0;0
49.85;0;0
49.87;0;0
49.89;0;0
49.91;0;0
49.93;0;0
49.95;0;0
49.97;0;0
49.99;0;0
