time;u;z;y1;y2
0;0;0;8.5265128291212e-14;-2.8421709430404e-14
0.02;0;0;8.5265128291212e-14;-2.8421709430404e-14
0.04;0;0;8.5265128291212e-14;-2.8421709430404e-14
0.06;0;0;8.5265128291212e-14;-2.8421709430404e-14
0.08;0;0;8.5265128291212e-14;-2.8421709430404e-14
0.1;0;0;8.5265128291212e-14;-2.8421709430404e-14
0.12;0;0;8.5265128291212e-14;-2.8421709430404e-14
0.14;0;0;8.5265128291212e-14;-2.8421709430404e-14
0.16;0;0;8.5265128291212e-14;-2.8421709430404e-14
0.18;0;0;8.5265128291212e-14;-2.8421709430404e-14
0.2;0;0;8.5265128291212e-14;-2.8421709430404e-14
0.22;0;0;8.5265128291212e-14;-2.8421709430404e-14
0.24;0;0;8.5265128291212e-14;-2.8421709430404e-14
0.26;0;0;8.5265128291212e-14;-2.8421709430404e-14
0.28;0;0;8.5265128291212e-14;-2.8421709430404e-14
0.3;0;0;8.5265128291212e-14;-2.8421709430404e-14
0.32;0;0;8.5265128291212e-14;-2.8421709430404e-14
0.34;0;0;8.5265128291212e-14;-2.8421709430404e-14
0.36;0;0;8.5265128291212e-14;-2.8421709430404e-14
0.38;0;0;8.5265128291212e-14;-2.8421709430404e-14
0.4;0;0;8.5265128291212e-14;-2.8421709430404e-14
0.42;0;0;8.5265128291212e-14;-2.8421709430404e-14
0.44;0;0;8.5265128291212e-14;-2.8421709430404e-14
0.46;0;0;8.5265128291212e-14;-2.8421709430404e-14
0.48;0;0;8.5265128291212e-14;-2.8421709430404e-14
0.5;2500;0;8.5265128291212e-14;-2.8421709430404e-14
0.52;2500;0;8.5265128291212e-14;-2.8421709430404e-14
0.54;2500;0;0.0094247779608736;-2.8421709430404e-14
0.56;2500;0;0.0376991118431818;-2.8421709430404e-14
0.58;2500;0;0.0691150383790671;-0.00314159265360558
0.6;2500;0;0.113097335529318;-0.00942477796078833
0.62;2500;0;0.207345115137031;-0.0345575191895193
0.64;2500;0;0.260752190248041;-0.0596902604182219
0.66;2500;0;0.336150413934206;-0.103672557568501
0.68;2500;0;0.38641589639164;-0.147654854718752
0.7;2500;0;0.505796417228055;-0.270176968208744
0.72;2500;0;0.568628270299854;-0.354999969855669
0.74;2500;0;0.647168086639596;-0.458672527424142
0.76;2500;0;0.691150383789847;-0.524645973149518
0.78;2500;0;0.835663645854964;-0.725707902979281
0.8;2500;0;0.835663645854964;-0.725707902979281
0.82;2500;0;1.02415920507036;-0.955044166691323
0.84;2500;0;1.21893794959294;-1.16553087448185
0.86;2500;0;1.35088484104369;-1.28176980266466
0.88;2500;0;1.48283173249447;-1.40115032350107
0.9;2500;0;1.61477862394526;-1.52053084433749
0.92;2500;0;1.9069467407291;-1.75929188601032
0.94;2500;0;1.9069467407291;-1.75929188601032
0.96;2500;0;2.29650422977423;-2.10172548525159
0.98;2500;0;2.47243341837526;-2.27451308119905
1;0;0;2.62951305105474;-2.41902634326416
1.02;0;0;2.80544223965578;-2.61066349513314
1.04;0;0;3.11331831970759;-2.96880505764238
1.06;0;0;3.25783158177271;-3.14787583889699
1.08;0;0;3.25783158177271;-3.14787583889699
1.1;0;0;3.64738907081784;-3.69765455327521
1.12;0;0;3.79504392553656;-3.89871648310495
1.14;0;0;3.92070763168016;-4.05893770843804
1.16;0;0;4.10292000558837;-4.28199078684293
1.18;0;0;4.40765449298658;-4.58358368158753
1.2;0;0;4.57415890362682;-4.74380490692062
1.22;0;0;4.73438012895991;-4.8757517983714
1.24;0;0;4.90716772490734;-5.01084028247575
1.26;0;0;5.15849513719454;-5.18991106373036
1.28;0;0;5.4726544025535;-5.42238892009601
1.3;0;0;5.63601722054017;-5.55433581154679
1.32;0;0;5.83079596506275;-5.72398181484064
1.34;0;0;5.97216763447429;-5.859070298945
1.36;0;0;6.23606141737582;-6.00672515366372
1.38;0;0;6.38371627209455;-6.349158752905
1.4;0;0;6.50623838558457;-6.50623838558448
1.42;0;0;6.6193357211138;-6.64446846234245
1.44;0;0;6.74499942725737;-6.81411446563629
1.46;0;0;6.98061887627662;-7.10628258242014
1.48;0;0;7.14084010160968;-7.29163654898193
1.5;0;0;7.27278699306046;-7.41415866247195
1.52;0;0;7.40159229185764;-7.53353918330836
1.54;0;0;7.54296396126918;-7.65920288945193
1.56;0;0;7.85084004132099;-7.89796393112476
1.58;0;0;8.0047780813469;-8.00477808134681
1.6;0;0;8.13044178749047;-8.09902586095453
1.62;0;0;8.27809664220919;-8.2246895670981
1.64;0;0;8.39433557039203;-8.3157957540522
1.66;0;0;8.67707890921511;-8.60168068552889
1.68;0;0;8.79645943005153;-8.73991076228683
1.7;0;0;8.89699039496639;-8.85300809781606
1.72;0;0;9.00694613784202;-8.99123817457402
1.74;0;0;9.20486647501818;-9.24256558686119
1.76;0;0;9.31168062524023;-9.38393725627273
1.78;0;0;9.44991070199819;-9.53473370364506
1.8;0;0;9.54415848160588;-9.64468944652069
1.82;0;0;9.66039740978871;-9.76092837470352
1.84;0;0;9.87402571023281;-9.95570711922608
1.86;0;0;10.0059726016836;-10.0562380841409
1.88;0;0;10.1536274564023;-10.1756186049774
1.9;0;0;10.2541584213172;-10.2635831992779
1.92;0;0;10.3735389421536;-10.3641141641928
1.94;0;0;10.5746008719833;-10.5431849454474
1.96;0;0;10.6782734295518;-10.6437159103622
1.98;0;0;10.8039371356954;-10.7819459871202
2;0;0;10.8824769520351;-10.8730521740743
2.02;0;0;11.0552645479826;-11.074114103904
2.04;0;0;11.1620786982046;-11.1997778100476
2.06;0;0;11.2469016998515;-11.2940255896553
2.08;0;0;11.3254415161913;-11.3819901839558
2.1;0;0;11.4165477031454;-11.4762379635635
2.12;0;0;11.5233618533674;-11.5861937064392
2.14;0;0;11.7024326346221;-11.7495565244259
2.16;0;0;11.7841140436154;-11.8218131554584
2.18;0;0;11.8783618232231;-11.9034945644518
2.2;0;0;12.0480078265169;-12.0480078265169
2.22;0;0;12.139114013471;-12.1328308281638
2.24;0;0;12.139114013471;-12.1328308281638
2.26;0;0;12.3527423139152;-12.3370343506471
2.28;0;0;12.4344237229085;-12.4218573522941
2.3;0;0;12.4344237229085;-12.4218573522941
2.32;0;0;12.6323440600846;-12.644910430699
2.34;0;0;12.7046006911172;-12.7297334323459
2.36;0;0;12.7642909515354;-12.8019900633784
2.38;0;0;12.8428307678752;-12.8836714723718
2.4;0;0;12.905662620947;-12.9559281034043
2.42;0;0;13.0596006609729;-13.1067245507766
2.44;0;0;13.134998884659;-13.1758395891556
2.46;0;0;13.1978307377308;-13.2323882569202
2.48;0;0;13.2857953320313;-13.3140696659136
2.5;0;0;13.4208838161357;-13.4303085940964
2.52;0;0;13.4899988545147;-13.4931404471682
2.54;0;0;13.5496891149329;-13.5528307075864
2.56;0;0;13.6156625606583;-13.6156625606582
2.58;0;0;13.7287598961875;-13.731901488841
2.6;0;0;13.7853085639521;-13.7915917492592
2.62;0;0;13.8387156390631;-13.8481404170238
2.64;0;0;13.9172554554029;-13.9455297892851
2.66;0;0;13.9738041231675;-14.0052200497033
2.68;0;0;14.0806182733895;-14.115175792579
2.7;0;0;14.1340253485006;-14.16858286769
2.72;0;0;14.184290830958;-14.2188483501474
2.74;0;0;14.2408394987226;-14.275397017912
2.76;0;0;14.2942465738336;-14.3225209077159
2.78;0;0;14.3696447975198;-14.3884943534413
2.8;0;0;14.4701757624347;-14.482742133049
2.82;0;0;14.5204412448921;-14.5267244301992
2.84;0;0;14.5644235420424;-14.5707067273495
2.86;0;0;14.6555297289965;-14.6618129143036
2.88;0;0;14.7026536188003;-14.7089368041075
2.9;0;0;14.7403527306434;-14.7529191012577
2.92;0;0;14.7874766204473;-14.8063261763687
2.94;0;0;14.866016436787;-14.8880075853621
2.96;0;0;14.9099987339372;-14.9351314751659
2.98;0;0;14.9476978457803;-14.972830587009
3;0;0;14.9916801429306;-15.0136712915057
3.02;0;0;15.0702199592703;-15.0859279225382
3.04;0;0;15.111060663767;-15.1267686270349
3.06;0;0;15.1487597756101;-15.1581845535708
3.08;0;0;15.1864588874531;-15.1958836654138
3.1;0;0;15.2555739258321;-15.2649987037928
3.12;0;0;15.2901314450216;-15.3026978156359
3.14;0;0;15.3184057789039;-15.3372553348254
3.16;0;0;15.3529632980934;-15.3718128540149
3.18;0;0;15.4157951511652;-15.4377862997403
3.2;0;0;15.4472110777011;-15.4692022262762
3.22;0;0;15.4754854115834;-15.4974765601585
3.24;0;0;15.5037597454657;-15.5257508940408
3.26;0;0;15.5634500058839;-15.5791579691518
3.28;0;0;15.5917243397662;-15.6074323030341
3.3;0;0;15.6137154883414;-15.6294234516093
3.32;0;0;15.6671225634524;-15.6796889340667
3.34;0;0;15.6953968973347;-15.707963267949
3.36;0;0;15.7173880459098;-15.7330960091777
3.38;0;0;15.7362376018314;-15.7550871577528
3.4;0;0;15.7802198989816;-15.8022110475567
3.42;0;0;15.8022110475567;-15.8242021961318
3.44;0;0;15.8242021961319;-15.8461933447069
3.46;0;0;15.8430517520534;-15.8619013079749
3.48;0;0;15.8807508638965;-15.899600419818
3.5;0;0;15.899600419818;-15.9184499757395
3.52;0;0;15.9184499757396;-15.9341579390075
3.54;0;0;15.9310163463539;-15.9467243096218
3.56;0;0;15.9624322728898;-15.9749986435041
3.58;0;0;15.9749986435042;-15.9907066067721
3.6;0;0;15.9875650141186;-16.00641457004
3.62;0;0;16.0001313847329;-16.0189809406544
3.64;0;0;16.022122533308;-16.0441136818831
3.66;0;0;16.0315473112688;-16.0535384598439
3.68;0;0;16.0409720892296;-16.0629632378046
3.7;0;0;16.0503968671904;-16.0723880157654
3.72;0;0;16.0661048304583;-16.0849543863798
3.74;0;0;16.0755296084191;-16.0912375716869
3.76;0;0;16.0786712010727;-16.0975207569941
3.78;0;0;16.091237571687;-16.1038039423013
3.8;0;0;16.0943791643406;-16.1100871276085
3.82;0;0;16.0943791643406;-16.1132287202621
3.84;0;0;16.0975207569942;-16.1163703129157
3.86;0;0;16.0975207569942;-16.1163703129157
3.88;0;0;16.0975207569942;-16.1195119055693
3.9;0;0;16.0975207569942;-16.1163703129157
3.92;0;0;16.0943791643406;-16.1163703129157
3.94;0;0;16.0943791643406;-16.1100871276085
3.96;0;0;16.0943791643406;-16.1100871276085
3.98;0;0;16.0943791643406;-16.1069455349549
4;0;0;16.0943791643406;-16.1069455349549
4.02;0;0;16.0943791643406;-16.1069455349549
4.04;0;0;16.0943791643406;-16.1069455349549
4.06;0;0;16.0943791643406;-16.1069455349549
4.08;0;0;16.0943791643406;-16.1069455349549
4.1;0;0;16.0943791643406;-16.1100871276085
4.12;0;0;16.0943791643406;-16.1100871276085
4.14;0;0;16.0943791643406;-16.1100871276085
4.16;0;0;16.0943791643406;-16.1100871276085
4.18;0;0;16.0943791643406;-16.1100871276085
4.2;0;0;16.0943791643406;-16.1069455349549
4.22;0;0;16.0943791643406;-16.1069455349549
4.24;0;0;16.0943791643406;-16.1069455349549
4.26;0;0;16.0943791643406;-16.1069455349549
4.28;0;0;16.0943791643406;-16.1069455349549
4.3;0;0;16.0943791643406;-16.1100871276085
4.32;0;0;16.0943791643406;-16.1100871276085
4.34;0;0;16.0943791643406;-16.1100871276085
4.36;0;0;16.0943791643406;-16.1100871276085
4.38;0;0;16.0943791643406;-16.1100871276085
4.4;0;0;16.0943791643406;-16.1100871276085
4.42;0;0;16.0943791643406;-16.1100871276085
4.44;0;0;16.0943791643406;-16.1100871276085
4.46;0;0;16.0943791643406;-16.1100871276085
4.48;0;0;16.0943791643406;-16.1069455349549
4.5;0;0;16.0943791643406;-16.1100871276085
4.52;0;0;16.0943791643406;-16.1100871276085
4.54;0;0;16.0943791643406;-16.1100871276085
4.56;0;0;16.0943791643406;-16.1100871276085
4.58;0;0;16.0943791643406;-16.1100871276085
4.6;0;0;16.0943791643406;-16.1100871276085
4.62;0;0;16.0943791643406;-16.1100871276085
4.64;0;0;16.0943791643406;-16.1100871276085
4.66;0;0;16.0943791643406;-16.1100871276085
4.68;0;0;16.0943791643406;-16.1100871276085
4.7;0;0;16.0943791643406;-16.1100871276085
4.72;0;0;16.0943791643406;-16.1100871276085
4.74;0;0;16.0943791643406;-16.1100871276085
4.76;0;0;16.0943791643406;-16.1100871276085
4.78;0;0;16.0943791643406;-16.1100871276085
4.8;0;0;16.0943791643406;-16.1100871276085
4.82;0;0;16.0943791643406;-16.1100871276085
4.84;0;0;16.0943791643406;-16.1100871276085
4.86;0;0;16.0943791643406;-16.1100871276085
4.88;0;0;16.0943791643406;-16.1100871276085
4.9;0;0;16.0943791643406;-16.1100871276085
4.92;0;0;16.0943791643406;-16.1100871276085
4.94;0;0;16.0943791643406;-16.1100871276085
4.96;0;0;16.0943791643406;-16.1100871276085
4.98;0;0;16.0943791643406;-16.1100871276085
5;-2500;0;16.0943791643406;-16.1100871276085
5.02;-2500;0;16.0943791643406;-16.1100871276085
5.04;-2500;0;16.0661048304583;-16.1069455349549
5.06;-2500;0;16.0441136818832;-16.1069455349549
5.08;-2500;0;16.0064145700401;-16.1006623496477
5.1;-2500;0;15.9624322728898;-16.0912375716869
5.12;-2500;0;15.8650429006285;-16.0566800524975
5.14;-2500;0;15.8053526402103;-16.0252641259616
5.16;-2500;0;15.7519455650993;-15.9907066067721
5.18;-2500;0;15.6357066369165;-15.8807508638964
5.2;-2500;0;15.5697331911911;-15.8053526402103
5.22;-2500;0;15.5163261160801;-15.7362376018313
5.24;-2500;0;15.4503526703547;-15.6419898222236
5.26;-2500;0;15.3152641862503;-15.4534942630082
5.28;-2500;0;15.2367243699106;-15.340396927479
5.3;-2500;0;15.1550429609173;-15.2398659625641
5.32;-2500;0;15.0545119960024;-15.1236270343813
5.34;-2500;0;14.8471668808654;-14.9099987339372
5.36;-2500;0;14.7246447673755;-14.796901398408
5.38;-2500;0;14.6115474318462;-14.6995120261467
5.4;-2500;0;14.4638925771275;-14.5769899126567
5.42;-2500;0;14.16858286769;-14.3350872783303
5.44;-2500;0;14.0146448276642;-14.2062819795331
5.46;-2500;0;13.8669899729454;-14.0774766807359
5.48;-2500;0;13.694202376998;-13.92353864071
5.5;0;0;13.3674767410247;-13.5968130047366
5.52;0;0;13.1978307377308;-13.43345018675
5.54;0;0;13.0470342903585;-13.2543794054954
5.56;0;0;12.889954657679;-13.0627422536264
5.58;0;0;12.6103529115095;-12.6669015792741
5.6;0;0;12.4784060200587;-12.4658396494443
5.62;0;0;12.3496007212616;-12.2836272755361
5.64;0;0;12.0668573824385;-11.9192025277197
5.66;0;0;11.9160609350662;-11.7338485611579
5.68;0;0;11.7778308583082;-11.5893352990928
5.7;0;0;11.5987600770536;-11.4228308884525
5.72;0;0;11.2626096631195;-11.1495123275902
5.74;0;0;11.0709725112505;-11.0049990655251
5.76;0;0;10.9013265079567;-10.8824769520351
5.78;0;0;10.7096893560877;-10.7442468752771
5.8;0;0;10.3766805348072;-10.4866362776827
5.82;0;0;10.194468160899;-10.338981422964
5.84;0;0;10.0530964914874;-10.2007513462061
5.86;0;0;9.91172482207588;-10.040530120873
5.88;0;0;9.65411422448153;-9.7389372261284
5.9;0;0;9.52845051833793;-9.57871600079531
5.92;0;0;9.4153531828087;-9.4247779607694
5.94;0;0;9.2896894766651;-9.25199036482198
5.96;0;0;9.04150365703151;-8.94411428477017
5.98;0;0;8.91269835823434;-8.79960102270505
6;0;0;8.79017624474434;-8.67079572390784
6.02;0;0;8.64252139002562;-8.53256564714991
6.04;0;0;8.35977805120254;-8.28437982751632
6.06;0;0;8.21526478913739;-8.17442408464066
6.08;0;0;8.08017630503304;-8.07075152707222
6.1;0;0;7.92937985766073;-7.95451259888938
6.12;0;0;7.6623444821056;-7.73774270579167
6.14;0;0;7.53353918330842;-7.62150377760886
6.16;0;0;7.414158662472;-7.50840644207963
6.18;0;0;7.19110558406712;-7.2696454004068
6.2;0;0;7.07486665588431;-7.13141532364887
6.22;0;0;6.97433569096944;-7.01203480281245
6.24;0;0;6.87380472605457;-6.88008791136167
6.26;0;0;6.67274279622481;-6.63190209172808
6.28;0;0;6.56278705334918;-6.4999552002773
6.3;0;0;6.46225608843429;-6.38999945740167
6.32;0;0;6.34601716025148;-6.26747734391165
6.34;0;0;6.12296408184659;-6.06327382142834
6.36;0;0;5.98787559774223;-5.95017648589911
6.38;0;0;5.89362781813455;-5.86849507690576
6.4;0;0;5.76482251933737;-5.76796411199089
6.42;0;0;5.53234466297172;-5.57632696012192
6.44;0;0;5.42867210540325;-5.48522077316781
6.46;0;0;5.32499954783478;-5.3941145862137
6.48;0;0;5.12393761800504;-5.18676947107679
6.5;0;0;5.02026506043657;-5.07367213554755
6.52;0;0;4.92915887348246;-4.96685798532548
6.54;0;0;4.84433587183554;-4.86004383510343
6.56;0;0;4.75322968488146;-4.7500880922278
6.58;0;0;4.57730049628043;-4.53331819913009
6.6;0;0;4.49876067994069;-4.45163679013677
6.62;0;0;4.4013713076794;-4.34168104726112
6.64;0;0;4.22544211907837;-4.17203504396727
6.66;0;0;4.12176956150989;-4.08721204232035
6.68;0;0;4.03066337455579;-4.00553063332703
6.7;0;0;3.93013240964092;-3.9207076316801
6.72;0;0;3.7479200357327;-3.76362799900059
6.74;0;0;3.65367225612502;-3.67566340470009
6.76;0;0;3.5719908471317;-3.60026518101392
6.78;0;0;3.48402625283117;-3.50915899405982
6.8;0;0;3.33322980545887;-3.34579617607315
6.82;0;0;3.25154839646552;-3.25468998911904
6.84;0;0;3.18243335808654;-3.1761501727793
6.86;0;0;3.1038935417468;-3.0881855784788
6.88;0;0;2.96566346498886;-2.93424753845289
6.9;0;0;2.88712364864912;-2.85884931476673
6.92;0;0;2.82429179557732;-2.79287586904135
6.94;0;0;2.74575197923758;-2.71747764535519
6.96;0;0;2.60123871717244;-2.58553075390444
6.98;0;0;2.53212367879345;-2.51955730817903
7;0;0;2.46615023306808;-2.45986704776084
7.02;0;0;2.33106174896372;-2.33106174896366
7.04;0;0;2.26194671058474;-2.26194671058468
7.06;0;0;2.19911485751294;-2.19911485751288
7.08;0;0;2.13942459709475;-2.13942459709469
7.1;0;0;2.02318566891191;-2.01690248360467
7.12;0;0;1.96349540849371;-1.95721222318647
7.14;0;0;1.91008833338267;-1.90066355542186
7.16;0;0;1.85353966561806;-1.84097329500364
7.18;0;0;1.74358392274243;-1.73415914478159
7.2;0;0;1.68703525497781;-1.67761047701697
7.22;0;0;1.63676977252038;-1.63048658721314
7.24;0;0;1.58336269740934;-1.58022110475568
7.26;0;0;1.48283173249447;-1.485973325148
7.28;0;0;1.42942465738344;-1.43256625003698
7.3;0;0;1.38544236023318;-1.38544236023313
7.32;0;0;1.33517687777575;-1.33831847042927
7.34;0;0;1.24407069082164;-1.24721228347516
7.36;0;0;1.20008839367139;-1.20008839367134
7.38;0;0;1.16238928182833;-1.16238928182824
7.4;0;0;1.11526539202447;-1.11526539202441
7.42;0;0;1.03672557568473;-1.02730079772388
7.44;0;0;0.995884871188053;-0.986460093227208
7.46;0;0;0.95504416669138;-0.94876098138414
7.48;0;0;0.911061869541129;-0.907920276887467
7.5;0;0;0.832522053201387;-0.83252205320133
7.52;0;0;0.794822941358319;-0.794822941358234
7.54;0;0;0.760265422168828;-0.763407014822349
7.56;0;0;0.722566310325732;-0.725707902979281
7.58;0;0;0.647168086639596;-0.653451271946693
7.6;0;0;0.615752160103682;-0.618893752757202
7.62;0;0;0.584336233567797;-0.587477826221317
7.64;0;0;0.552920307031883;-0.556061899685432
7.66;0;0;0.490088453960112;-0.490088453960027
7.68;0;0;0.461814120077804;-0.461814120077719
7.7;0;0;0.427256600888313;-0.427256600888228
7.72;0;0;0.370707933123697;-0.370707933123612
7.74;0;0;0.339292006587783;-0.339292006587726
7.76;0;0;0.314159265359081;-0.314159265358995
7.78;0;0;0.282743338823167;-0.28274333882311
7.8;0;0;0.229336263712156;-0.235619449019254
7.82;0;0;0.201061929829848;-0.207345115136945
7.84;0;0;0.179070781254723;-0.182212373908243
7.86;0;0;0.150796447372414;-0.157079632679512
7.88;0;0;0.106814150222135;-0.109955742875655
7.9;0;0;0.0816814089934326;-0.0848230016469529
7.92;0;0;0.0628318530718843;-0.0628318530718275
7.94;0;0;0.0408407044967589;-0.0408407044967021
7.96;0;0;8.5265128291212e-14;-2.8421709430404e-14
7.98;0;0;-0.0219911485750401;0.021991148575097
8;0;0;-0.0408407044965884;0.0408407044966452
8.02;0;0;-0.0628318530717138;0.0596902604181935
8.04;0;0;-0.0973893722612047;0.094247779607656
8.06;0;0;-0.116238928182725;0.113097335529204
8.08;0;0;-0.131946891450667;0.128805298797147
8.1;0;0;-0.147654854718638;0.144513262065118
8.12;0;0;-0.179070781254524;0.175929188601003
8.14;0;0;-0.191637151868889;0.188495559215369
8.16;0;0;-0.204203522483255;0.204203522483311
8.18;0;0;-0.219911485751197;0.219911485751254
8.2;0;0;-0.2450442269799;0.241902634326379
8.22;0;0;-0.254469004940688;0.254469004940745
8.24;0;0;-0.267035375555054;0.26703537555511
8.26;0;0;-0.285884931476573;0.285884931476659
8.28;0;0;-0.295309709437362;0.295309709437419
8.3;0;0;-0.304734487398122;0.304734487398179
8.32;0;0;-0.314159265358882;0.311017672705361
8.34;0;0;-0.326725635973247;0.323584043319727
8.36;0;0;-0.33300882128043;0.333008821280487
8.38;0;0;-0.339292006587613;0.336150413934092
8.4;0;0;-0.345575191894795;0.342433599241275
8.42;0;0;-0.351858377201978;0.351858377202035
8.44;0;0;-0.354999969855555;0.354999969855612
8.46;0;0;-0.358141562509132;0.358141562509218
8.48;0;0;-0.358141562509132;0.358141562509218
8.5;0;0;-0.361283155162738;0.361283155162795
8.52;0;0;-0.361283155162738;0.361283155162795
8.54;0;0;-0.361283155162738;0.361283155162795
8.56;0;0;-0.361283155162738;0.358141562509218
8.58;0;0;-0.358141562509132;0.354999969855612
8.6;0;0;-0.358141562509132;0.354999969855612
8.62;0;0;-0.358141562509132;0.354999969855612
8.64;0;0;-0.358141562509132;0.354999969855612
8.66;0;0;-0.358141562509132;0.351858377202035
8.68;0;0;-0.358141562509132;0.351858377202035
8.7;0;0;-0.358141562509132;0.354999969855612
8.72;0;0;-0.358141562509132;0.354999969855612
8.74;0;0;-0.358141562509132;0.354999969855612
8.76;0;0;-0.358141562509132;0.354999969855612
8.78;0;0;-0.358141562509132;0.354999969855612
8.8;0;0;-0.358141562509132;0.354999969855612
8.82;0;0;-0.358141562509132;0.354999969855612
8.84;0;0;-0.358141562509132;0.354999969855612
8.86;0;0;-0.358141562509132;0.354999969855612
8.88;0;0;-0.358141562509132;0.354999969855612
8.9;0;0;-0.358141562509132;0.354999969855612
8.92;0;0;-0.358141562509132;0.354999969855612
8.94;0;0;-0.358141562509132;0.354999969855612
8.96;0;0;-0.358141562509132;0.354999969855612
8.98;0;0;-0.358141562509132;0.354999969855612
9;0;0;-0.358141562509132;0.354999969855612
9.02;0;0;-0.358141562509132;0.354999969855612
9.04;0;0;-0.358141562509132;0.354999969855612
9.06;0;0;-0.358141562509132;0.354999969855612
9.08;0;0;-0.358141562509132;0.354999969855612
9.1;0;0;-0.358141562509132;0.354999969855612
9.12;0;0;-0.358141562509132;0.354999969855612
9.14;0;0;-0.358141562509132;0.354999969855612
9.16;0;0;-0.358141562509132;0.354999969855612
9.18;0;0;-0.358141562509132;0.354999969855612
9.2;0;0;-0.358141562509132;0.354999969855612
9.22;0;0;-0.358141562509132;0.354999969855612
9.24;0;0;-0.358141562509132;0.354999969855612
9.26;0;0;-0.358141562509132;0.354999969855612
9.28;0;0;-0.358141562509132;0.354999969855612
9.3;0;0;-0.358141562509132;0.354999969855612
9.32;0;0;-0.358141562509132;0.354999969855612
9.34;0;0;-0.358141562509132;0.354999969855612
9.36;0;0;-0.358141562509132;0.354999969855612
9.38;0;0;-0.358141562509132;0.354999969855612
9.4;0;0;-0.358141562509132;0.354999969855612
9.42;0;0;-0.358141562509132;0.354999969855612
9.44;0;0;-0.358141562509132;0.354999969855612
9.46;0;0;-0.358141562509132;0.354999969855612
9.48;0;0;-0.358141562509132;0.354999969855612
9.5;0;0;-0.358141562509132;0.354999969855612
9.52;0;0;-0.358141562509132;0.354999969855612
9.54;0;0;-0.358141562509132;0.354999969855612
9.56;0;0;-0.358141562509132;0.354999969855612
9.58;0;0;-0.358141562509132;0.354999969855612
9.6;0;0;-0.358141562509132;0.354999969855612
9.62;0;0;-0.358141562509132;0.354999969855612
9.64;0;0;-0.358141562509132;0.354999969855612
9.66;0;0;-0.358141562509132;0.354999969855612
9.68;0;0;-0.358141562509132;0.354999969855612
9.7;0;0;-0.358141562509132;0.354999969855612
9.72;0;0;-0.358141562509132;0.354999969855612
9.74;0;0;-0.358141562509132;0.354999969855612
9.76;0;0;-0.358141562509132;0.354999969855612
9.78;0;0;-0.358141562509132;0.354999969855612
9.8;0;0;-0.358141562509132;0.354999969855612
9.82;0;0;-0.358141562509132;0.354999969855612
9.84;0;0;-0.358141562509132;0.354999969855612
9.86;0;0;-0.358141562509132;0.354999969855612
9.88;0;0;-0.358141562509132;0.354999969855612
9.9;0;0;-0.358141562509132;0.354999969855612
9.92;0;0;-0.358141562509132;0.354999969855612
9.94;0;0;-0.358141562509132;0.354999969855612
9.96;0;0;-0.358141562509132;0.354999969855612
9.98;0;0;-0.358141562509132;0.354999969855612
10;0;0;-0.358141562509132;0.354999969855612
10.02;0;0;-0.358141562509132;0.354999969855612
10.04;0;0;-0.358141562509132;0.354999969855612
10.06;0;0;-0.358141562509132;0.354999969855612
10.08;0;0;-0.358141562509132;0.354999969855612
10.1;0;0;-0.358141562509132;0.354999969855612
10.12;0;0;-0.358141562509132;0.354999969855612
10.14;0;0;-0.358141562509132;0.354999969855612
10.16;0;0;-0.358141562509132;0.354999969855612
10.18;0;0;-0.358141562509132;0.354999969855612
10.2;0;0;-0.358141562509132;0.354999969855612
10.22;0;0;-0.358141562509132;0.354999969855612
10.24;0;0;-0.358141562509132;0.354999969855612
10.26;0;0;-0.358141562509132;0.354999969855612
10.28;0;0;-0.358141562509132;0.354999969855612
10.3;0;0;-0.358141562509132;0.354999969855612
10.32;0;0;-0.358141562509132;0.354999969855612
10.34;0;0;-0.358141562509132;0.354999969855612
10.36;0;0;-0.358141562509132;0.354999969855612
10.38;0;0;-0.358141562509132;0.354999969855612
10.4;0;0;-0.358141562509132;0.354999969855612
10.42;0;0;-0.358141562509132;0.354999969855612
10.44;0;0;-0.358141562509132;0.354999969855612
10.46;0;0;-0.358141562509132;0.354999969855612
10.48;0;0;-0.358141562509132;0.354999969855612
10.5;0;0;-0.358141562509132;0.354999969855612
10.52;0;0;-0.358141562509132;0.354999969855612
10.54;0;0;-0.358141562509132;0.354999969855612
10.56;0;0;-0.358141562509132;0.354999969855612
10.58;0;0;-0.358141562509132;0.354999969855612
10.6;0;0;-0.358141562509132;0.354999969855612
10.62;0;0;-0.358141562509132;0.354999969855612
10.64;0;0;-0.358141562509132;0.354999969855612
10.66;0;0;-0.358141562509132;0.354999969855612
10.68;0;0;-0.358141562509132;0.354999969855612
10.7;0;0;-0.358141562509132;0.354999969855612
10.72;0;0;-0.358141562509132;0.354999969855612
10.74;0;0;-0.358141562509132;0.354999969855612
10.76;0;0;-0.358141562509132;0.354999969855612
10.78;0;0;-0.358141562509132;0.354999969855612
10.8;0;0;-0.358141562509132;0.354999969855612
10.82;0;0;-0.358141562509132;0.354999969855612
10.84;0;0;-0.358141562509132;0.354999969855612
10.86;0;0;-0.358141562509132;0.354999969855612
10.88;0;0;-0.358141562509132;0.354999969855612
10.9;0;0;-0.358141562509132;0.354999969855612
10.92;0;0;-0.358141562509132;0.354999969855612
10.94;0;0;-0.358141562509132;0.354999969855612
10.96;0;0;-0.358141562509132;0.354999969855612
10.98;0;0;-0.358141562509132;0.354999969855612
11;0;2500;-0.358141562509132;0.354999969855612
11.02;0;2500;-0.358141562509132;0.354999969855612
11.04;0;2500;-0.358141562509132;0.370707933123583
11.06;0;2500;-0.361283155162738;0.389557489045103
11.08;0;2500;-0.361283155162738;0.411548637620228
11.1;0;2500;-0.364424747816315;0.436681378848959
11.12;0;2500;-0.380132711084286;0.496371639267153
11.14;0;2500;-0.395840674352229;0.530929158456644
11.16;0;2500;-0.414690230273749;0.559203492338952
11.18;0;2500;-0.442964564156057;0.593761011528443
11.2;0;2500;-0.518362787842221;0.653451271946665
11.22;0;2500;-0.565486677646078;0.68486719848255
11.24;0;2500;-0.612610567449906;0.716283125018435
11.26;0;2500;-0.672300827868128;0.753982236861532
11.28;0;2500;-0.782256570743755;0.832522053201274
11.3;0;2500;-0.845088423815554;0.882787535658707
11.32;0;2500;-0.898495498926593;0.929911425462564
11.34;0;2500;-0.961327351998392;0.992743278534363
11.36;0;2500;-1.0775662801812;1.12154857733154
11.38;0;2500;-1.14353972590661;1.19694680101767
11.4;0;2500;-1.2032299863248;1.26920343205026
11.42;0;2500;-1.27548661735736;1.35402643369719
11.44;0;2500;-1.41057510146172;1.50796447372306
11.46;0;2500;-1.49225651045506;1.59907066067717
11.48;0;2500;-1.57079632679481;1.67761047701691
11.5;0;0;-1.66504410640249;1.76871666397102
11.52;0;0;-1.85353966561789;1.94464585257205
11.54;0;0;-1.95092903787918;2.0263272615654
11.56;0;0;-2.04517681748686;2.10486707790514
11.58;0;0;-2.15199096770891;2.18969007955207
11.6;0;0;-2.35305289753867;2.34676971223155
11.62;0;0;-2.44730067714636;2.42216793591771
11.64;0;0;-2.52898208613968;2.49128297429667
11.66;0;0;-2.70491127474071;2.65778738493694
11.68;0;0;-2.79287586904124;2.74889357189105
11.7;0;0;-2.86827409272738;2.83685816619155
11.72;0;0;-2.93424753845278;2.91225638987771
11.74;0;0;-3.07561920786432;3.08504398582514
11.76;0;0;-3.14787583889688;3.17615017277924
11.78;0;0;-3.21384928462226;3.25154839646541
11.8;0;0;-3.28924750830842;3.33637139811233
11.82;0;0;-3.43061917771996;3.48088466017745
11.84;0;0;-3.50287580875252;3.54999969855643
11.86;0;0;-3.57827403243869;3.60968995897466
11.88;0;0;-3.65681384877843;3.67880499735361
11.9;0;0;-3.79190233288278;3.79504392553645
11.92;0;0;-3.86730055656895;3.85787577860825
11.94;0;0;-3.93013240964075;3.91442444637286
11.96;0;0;-3.9992474480197;3.98039789209824
11.98;0;0;-4.11862796885612;4.09977841293465
12;0;0;-4.17831822927434;4.16575185866003
12.02;0;0;-4.23172530438535;4.22230052642465
12.04;0;0;-4.28827397214997;4.28827397215005
12.06;0;0;-4.38880493706486;4.40451290033286
12.08;0;0;-4.44535360482948;4.46420316075108
12.1;0;0;-4.49247749463331;4.51446864320852
12.12;0;0;-4.54902616239792;4.57101731097313
12.14;0;0;-4.64955712731279;4.671548275888
12.16;0;0;-4.70296420242383;4.71867216569186
12.18;0;0;-4.75322968488126;4.7595128701885
12.2;0;0;-4.80977835264588;4.80977835264594
12.22;0;0;-4.90402613225356;4.89774294694647
12.24;0;0;-4.95115002205742;4.94172524409672
12.26;0;0;-4.99513231920767;4.98256594859339
12.28;0;0;-5.0453978016651;5.02968983839725
12.3;0;0;-5.12393761800487;5.11765443269775
12.32;0;0;-5.16791991515512;5.161636729848
12.34;0;0;-5.19933584169101;5.20247743434467
12.36;0;0;-5.27473406537717;5.24645973149492
12.38;0;0;-5.31557476987385;5.32499954783466
12.4;0;0;-5.35327388171692;5.36269865967776
12.42;0;0;-5.38783140090641;5.39725617886725
12.44;0;0;-5.46637121724615;5.43495529071032
12.46;0;0;-5.50407032908922;5.5040703290893
12.48;0;0;-5.54176944093231;5.53548625562519
12.5;0;0;-5.5731853674682;5.5637605895075
12.52;0;0;-5.64230040584718;5.62973403523287
12.54;0;0;-5.67685792503667;5.66743314707597
12.56;0;0;-5.70827385157256;5.69570748095828
12.58;0;0;-5.73654818545486;5.73026500014777
12.6;0;0;-5.79309685321948;5.78995526056596
12.62;0;0;-5.82451277975539;5.82765437240903
12.64;0;0;-5.8496455209841;5.85278711363776
12.66;0;0;-5.88106144752001;5.88420304017365
12.68;0;0;-5.93446852263102;5.94075170793826
12.7;0;0;-5.96274285651333;5.96588444916699
12.72;0;0;-5.98787559774206;5.98787559774212
12.74;0;0;-6.01614993162437;6.01614993162443
12.76;0;0;-6.06955700673538;6.06327382142828
12.78;0;0;-6.09468974796411;6.08840656265698
12.8;0;0;-6.11668089653924;6.11039771123211
12.82;0;0;-6.14181363776797;6.13238885980726
12.84;0;0;-6.18579593491822;6.17951274961109
12.86;0;0;-6.20464549083974;6.20150389818622
12.88;0;0;-6.22349504676129;6.22349504676134
12.9;0;0;-6.24548619533641;6.2454861953365
12.92;0;0;-6.28318530717951;6.28632689983314
12.94;0;0;-6.29889327044745;6.30517645575469
12.96;0;0;-6.31774282636897;6.32088441902263
12.98;0;0;-6.35230034555846;6.35230034555855
13;0;0;-6.37114990148001;6.37114990148007
13.02;0;0;-6.38999945740156;6.38371627209443
13.04;0;0;-6.4025658280159;6.3962826427088
13.06;0;0;-6.4308401618982;6.42455697659111
13.08;0;0;-6.44654812516617;6.44026493985905
13.1;0;0;-6.45597290312693;6.45283131047341
13.12;0;0;-6.4685392737413;6.46539768108778
13.14;0;0;-6.49053042231643;6.49053042231648
13.16;0;0;-6.49995520027718;6.49995520027727
13.18;0;0;-6.50623838558437;6.51252157089161
13.2;0;0;-6.51566316354513;6.5219463488524
13.22;0;0;-6.53451271946668;6.53765431212034
13.24;0;0;-6.54079590477386;6.54393749742752
13.26;0;0;-6.55022068273462;6.5502206827347
13.28;0;0;-6.5565038680418;6.55650386804189
13.3;0;0;-6.56907023865617;6.56592864600265
13.32;0;0;-6.57221183130974;6.56907023865622
13.34;0;0;-6.57849501661693;6.57221183130983
13.36;0;0;-6.57849501661693;6.57535342396341
13.38;0;0;-6.58163660927053;6.58163660927059
13.4;0;0;-6.58163660927053;6.58163660927059
13.42;0;0;-6.58163660927053;6.58477820192419
13.44;0;0;-6.58163660927053;6.58477820192419
13.46;0;0;-6.58163660927053;6.58163660927059
13.48;0;0;-6.58163660927053;6.58163660927059
13.5;0;0;-6.58163660927053;6.58163660927059
13.52;0;0;-6.58163660927053;6.57849501661701
13.54;0;0;-6.58163660927053;6.57535342396341
13.56;0;0;-6.58163660927053;6.57535342396341
13.58;0;0;-6.58163660927053;6.57535342396341
13.6;0;0;-6.58163660927053;6.57535342396341
13.62;0;0;-6.58163660927053;6.57535342396341
13.64;0;0;-6.58163660927053;6.57535342396341
13.66;0;0;-6.58163660927053;6.57535342396341
13.68;0;0;-6.58163660927053;6.57849501661701
13.7;0;0;-6.58163660927053;6.57849501661701
13.72;0;0;-6.58163660927053;6.57849501661701
13.74;0;0;-6.58163660927053;6.57849501661701
13.76;0;0;-6.58163660927053;6.57535342396341
13.78;0;0;-6.58163660927053;6.57535342396341
13.8;0;0;-6.58163660927053;6.57535342396341
13.82;0;0;-6.58163660927053;6.57535342396341
13.84;0;0;-6.58163660927053;6.57535342396341
13.86;0;0;-6.58163660927053;6.57535342396341
13.88;0;0;-6.58163660927053;6.57535342396341
13.9;0;0;-6.58163660927053;6.57849501661701
13.92;0;0;-6.58163660927053;6.57849501661701
13.94;0;0;-6.58163660927053;6.57849501661701
13.96;0;0;-6.58163660927053;6.57535342396341
13.98;0;0;-6.58163660927053;6.57535342396341
14;0;0;-6.58163660927053;6.57535342396341
14.02;0;0;-6.58163660927053;6.57535342396341
14.04;0;0;-6.58163660927053;6.57535342396341
14.06;0;0;-6.58163660927053;6.57535342396341
14.08;0;0;-6.58163660927053;6.57535342396341
14.1;0;0;-6.58163660927053;6.57535342396341
14.12;0;0;-6.58163660927053;6.57535342396341
14.14;0;0;-6.58163660927053;6.57535342396341
14.16;0;0;-6.58163660927053;6.57535342396341
14.18;0;0;-6.58163660927053;6.57535342396341
14.2;0;0;-6.58163660927053;6.57535342396341
14.22;0;0;-6.58163660927053;6.57535342396341
14.24;0;0;-6.58163660927053;6.57535342396341
14.26;0;0;-6.58163660927053;6.57535342396341
14.28;0;0;-6.58163660927053;6.57535342396341
14.3;0;0;-6.58163660927053;6.57535342396341
14.32;0;0;-6.58163660927053;6.57535342396341
14.34;0;0;-6.58163660927053;6.57535342396341
14.36;0;0;-6.58163660927053;6.57535342396341
14.38;0;0;-6.58163660927053;6.57535342396341
14.4;0;0;-6.58163660927053;6.57535342396341
14.42;0;0;-6.58163660927053;6.57535342396341
14.44;0;0;-6.58163660927053;6.57535342396341
14.46;0;0;-6.58163660927053;6.57535342396341
14.48;0;0;-6.58163660927053;6.57535342396341
14.5;0;0;-6.58163660927053;6.57535342396341
14.52;0;0;-6.58163660927053;6.57535342396341
14.54;0;0;-6.58163660927053;6.57535342396341
14.56;0;0;-6.58163660927053;6.57535342396341
14.58;0;0;-6.58163660927053;6.57535342396341
14.6;0;0;-6.58163660927053;6.57535342396341
14.62;0;0;-6.58163660927053;6.57535342396341
14.64;0;0;-6.58163660927053;6.57535342396341
14.66;0;0;-6.58163660927053;6.57535342396341
14.68;0;0;-6.58163660927053;6.57535342396341
14.7;0;0;-6.58163660927053;6.57535342396341
14.72;0;0;-6.58163660927053;6.57535342396341
14.74;0;0;-6.58163660927053;6.57535342396341
14.76;0;0;-6.58163660927053;6.57535342396341
14.78;0;0;-6.58163660927053;6.57535342396341
14.8;0;0;-6.58163660927053;6.57535342396341
14.82;0;0;-6.58163660927053;6.57535342396341
14.84;0;0;-6.58163660927053;6.57535342396341
14.86;0;0;-6.58163660927053;6.57535342396341
14.88;0;0;-6.58163660927053;6.57535342396341
14.9;0;0;-6.58163660927053;6.57535342396341
14.92;0;0;-6.58163660927053;6.57535342396341
14.94;0;0;-6.58163660927053;6.57535342396341
14.96;0;0;-6.58163660927053;6.57535342396341
14.98;0;0;-6.58163660927053;6.57535342396341
15;0;0;-6.58163660927053;6.57535342396341
15.02;0;0;-6.58163660927053;6.57535342396341
15.04;0;0;-6.58163660927053;6.57535342396341
15.06;0;0;-6.58163660927053;6.57535342396341
15.08;0;0;-6.58163660927053;6.57535342396341
15.1;0;0;-6.58163660927053;6.57535342396341
15.12;0;0;-6.58163660927053;6.57535342396341
15.14;0;0;-6.58163660927053;6.57535342396341
15.16;0;0;-6.58163660927053;6.57535342396341
15.18;0;0;-6.58163660927053;6.57535342396341
15.2;0;0;-6.58163660927053;6.57535342396341
15.22;0;0;-6.58163660927053;6.57535342396341
15.24;0;0;-6.58163660927053;6.57535342396341
15.26;0;0;-6.58163660927053;6.57535342396341
15.28;0;0;-6.58163660927053;6.57535342396341
15.3;0;0;-6.58163660927053;6.57535342396341
15.32;0;0;-6.58163660927053;6.57535342396341
15.34;0;0;-6.58163660927053;6.57535342396341
15.36;0;0;-6.58163660927053;6.57535342396341
15.38;0;0;-6.58163660927053;6.57535342396341
15.4;0;0;-6.58163660927053;6.57535342396341
15.42;0;0;-6.58163660927053;6.57535342396341
15.44;0;0;-6.58163660927053;6.57535342396341
15.46;0;0;-6.58163660927053;6.57535342396341
15.48;0;0;-6.58163660927053;6.57535342396341
15.5;0;-2500;-6.58163660927053;6.57535342396341
15.52;0;-2500;-6.58163660927053;6.57535342396341
15.54;0;-2500;-6.58163660927053;6.56907023865622
15.56;0;-2500;-6.58163660927053;6.55964546069546
15.58;0;-2500;-6.58163660927053;6.54079590477392
15.6;0;-2500;-6.57535342396335;6.49367201497009
15.62;0;-2500;-6.56907023865617;6.46539768108778
15.64;0;-2500;-6.55964546069541;6.43712334720547
15.66;0;-2500;-6.52822953415949;6.37429149413367
15.68;0;-2500;-6.50309679293079;6.33973397494418
15.7;0;-2500;-6.47482245904848;6.30831804840827
15.72;0;-2500;-6.43398175455181;6.27376052921881
15.74;0;-2500;-6.34601716025128;6.21407026880058
15.76;0;-2500;-6.28632689983309;6.17637115695752
15.78;0;-2500;-6.23291982472205;6.14181363776802
15.8;0;-2500;-6.17322956430385;6.10097293327135
15.82;0;-2500;-6.05699063612104;6.00986674631724
15.84;0;-2500;-5.99101719039564;5.95331807855263
15.86;0;-2500;-5.93761011528463;5.89991100344162
15.88;0;-2500;-5.87477826221283;5.83079596506263
15.9;0;-2500;-5.7616809266836;5.68942429565109
15.92;0;-2500;-5.69570748095819;5.60460129400417
15.94;0;-2500;-5.63601722054;5.52606147766443
15.96;0;-2500;-5.56376058950744;5.43495529071032
15.98;0;-2500;-5.41924732744229;5.27159247272365
16;0;0;-5.33756591844897;5.18362787842312
16.02;0;0;-5.25588450945563;5.10194646942981
16.04;0;0;-5.15535354454076;5.02026506043646
16.06;0;0;-4.96057480001818;4.87575179837134
16.08;0;0;-4.85690224244973;4.80663675999236
16.1;0;0;-4.7689376481492;4.75322968488132
16.12;0;0;-4.57101731097305;4.61814120077696
16.14;0;0;-4.47991112401894;4.54902616239801
16.16;0;0;-4.39194652971844;4.47991112401903
16.18;0;0;-4.30712352807151;4.39822971502568
16.2;0;0;-4.17203504396716;4.23486689703901
16.22;0;0;-4.10606159824178;4.14061911743133
16.24;0;0;-4.04951293047716;4.05893770843798
16.26;0;0;-3.98668107740536;3.96154833617669
16.28;0;0;-3.87044214922253;3.79504392553645
16.3;0;0;-3.80446870349715;3.71022092388952
16.32;0;0;-3.74792003573253;3.64424747816415
16.34;0;0;-3.67252181204637;3.56884925447798
16.36;0;0;-3.52800854998125;3.44946873364157
16.38;0;0;-3.4463271409879;3.38977847322337
16.4;0;0;-3.37721210260892;3.34265458341952
16.42;0;0;-3.292389100962;3.2861059156549
16.44;0;0;-3.1447342462433;3.17929176543285
16.46;0;0;-3.07561920786432;3.12274309766823
16.48;0;0;-3.0159289474461;3.06619442990362
16.5;0;0;-2.9530970943743;2.99707939152464
16.52;0;0;-2.84628294415225;2.86827409272746
16.54;0;0;-2.79601746169482;2.7960174616949
16.56;0;0;-2.75203516454457;2.73632720127668
16.58;0;0;-2.70176968208713;2.6703537555513
16.6;0;0;-2.60123871717227;2.54469004940771
16.62;0;0;-2.55097323471483;2.49128297429667
16.64;0;0;-2.50384934491098;2.44101749183923
16.66;0;0;-2.44730067714636;2.38761041672822
16.68;0;0;-2.33420334161713;2.29964582242769
16.7;0;0;-2.27765467385251;2.25566352527744
16.72;0;0;-2.22738919139508;2.21796441343437
16.74;0;0;-2.17084052363046;2.17084052363052
16.76;0;0;-2.07345115136917;2.08287592933002
16.78;0;0;-2.02946885421892;2.03575203952616
16.8;0;0;-1.99176974237582;1.99491133502949
16.82;0;0;-1.94778744522557;1.94150425991847
16.84;0;0;-1.87553081419301;1.85353966561794
16.86;0;0;-1.83783170234994;1.80955736846769
16.88;0;0;-1.80327418316045;1.77185825662463
16.9;0;0;-1.73101755212789;1.69331844028488
16.92;0;0;-1.68703525497762;1.65561932844179
16.94;0;0;-1.65247773578812;1.6242034019059
16.96;0;0;-1.61163703129148;1.58964588271641
16.98;0;0;-1.5425219929125;1.52995562229819
17;0;0;-1.50482288106943;1.49539810310873
17.02;0;0;-1.47340695453352;1.46712376922642
17.04;0;0;-1.44199102799763;1.43256625003693
17.06;0;0;-1.38544236023301;1.36973439696513
17.08;0;0;-1.35716802635071;1.33831847042921
17.1;0;0;-1.33203528512198;1.31004413654691
17.12;0;0;-1.30376095123967;1.27862821001102
17.14;0;0;-1.25663706143581;1.23150432020716
17.16;0;0;-1.2283627275535;1.20322998632486
17.18;0;0;-1.20637157897838;1.18438043040334
17.2;0;0;-1.17809724509607;1.15924768917461
17.22;0;0;-1.13411494794582;1.11840698467793
17.24;0;0;-1.11212379937069;1.09955742875641
17.26;0;0;-1.09327424344914;1.08070787283486
17.28;0;0;-1.07442468752762;1.06185831691332
17.3;0;0;-1.03986716833813;1.02415920507025
17.32;0;0;-1.02415920507019;1.0053096491487
17.34;0;0;-1.00845124180222;0.989601685880757
17.36;0;0;-0.980176907919912;0.958185759344872
17.38;0;0;-0.967610537305575;0.942477796076901
17.4;0;0;-0.951902574037604;0.929911425462564
17.42;0;0;-0.939336203423267;0.920486647501775
17.44;0;0;-0.917345054848141;0.901637091580255
17.46;0;0;-0.904778684233776;0.88907072096589
17.48;0;0;-0.898495498926593;0.882787535658707
17.5;0;0;-0.889070720965833;0.873362757697947
17.52;0;0;-0.873362757697862;0.857654794429976
17.54;0;0;-0.867079572390679;0.851371609122822
17.56;0;0;-0.863937979737102;0.845088423815639
17.58;0;0;-0.860796387083525;0.838805238508456
17.6;0;0;-0.854513201776342;0.832522053201274
17.62;0;0;-0.851371609122737;0.829380460547668
17.64;0;0;-0.851371609122737;0.829380460547668
17.66;0;0;-0.848230016469159;0.829380460547668
17.68;0;0;-0.848230016469159;0.829380460547668
17.7;0;0;-0.848230016469159;0.832522053201274
17.72;0;0;-0.851371609122737;0.832522053201274
17.74;0;0;-0.851371609122737;0.835663645854851
17.76;0;0;-0.851371609122737;0.838805238508456
17.78;0;0;-0.851371609122737;0.838805238508456
17.8;0;0;-0.851371609122737;0.841946831162034
17.82;0;0;-0.851371609122737;0.841946831162034
17.84;0;0;-0.851371609122737;0.841946831162034
17.86;0;0;-0.851371609122737;0.841946831162034
17.88;0;0;-0.851371609122737;0.841946831162034
17.9;0;0;-0.851371609122737;0.838805238508456
17.92;0;0;-0.851371609122737;0.838805238508456
17.94;0;0;-0.851371609122737;0.838805238508456
17.96;0;0;-0.851371609122737;0.838805238508456
17.98;0;0;-0.851371609122737;0.838805238508456
18;0;0;-0.851371609122737;0.838805238508456
18.02;0;0;-0.851371609122737;0.838805238508456
18.04;0;0;-0.851371609122737;0.841946831162034
18.06;0;0;-0.851371609122737;0.841946831162034
18.08;0;0;-0.851371609122737;0.838805238508456
18.1;0;0;-0.851371609122737;0.838805238508456
18.12;0;0;-0.851371609122737;0.838805238508456
18.14;0;0;-0.851371609122737;0.838805238508456
18.16;0;0;-0.851371609122737;0.838805238508456
18.18;0;0;-0.851371609122737;0.838805238508456
18.2;0;0;-0.851371609122737;0.838805238508456
18.22;0;0;-0.851371609122737;0.838805238508456
18.24;0;0;-0.851371609122737;0.838805238508456
18.26;0;0;-0.851371609122737;0.838805238508456
18.28;0;0;-0.851371609122737;0.838805238508456
18.3;0;0;-0.851371609122737;0.838805238508456
18.32;0;0;-0.851371609122737;0.838805238508456
18.34;0;0;-0.851371609122737;0.838805238508456
18.36;0;0;-0.851371609122737;0.838805238508456
18.38;0;0;-0.851371609122737;0.838805238508456
18.4;0;0;-0.851371609122737;0.838805238508456
18.42;0;0;-0.851371609122737;0.838805238508456
18.44;0;0;-0.851371609122737;0.838805238508456
18.46;0;0;-0.851371609122737;0.838805238508456
18.48;0;0;-0.851371609122737;0.838805238508456
18.5;0;0;-0.851371609122737;0.838805238508456
18.52;0;0;-0.851371609122737;0.838805238508456
18.54;0;0;-0.851371609122737;0.838805238508456
18.56;0;0;-0.851371609122737;0.838805238508456
18.58;0;0;-0.851371609122737;0.838805238508456
18.6;0;0;-0.851371609122737;0.838805238508456
18.62;0;0;-0.851371609122737;0.838805238508456
18.64;0;0;-0.851371609122737;0.838805238508456
18.66;0;0;-0.851371609122737;0.838805238508456
18.68;0;0;-0.851371609122737;0.838805238508456
18.7;0;0;-0.851371609122737;0.838805238508456
18.72;0;0;-0.851371609122737;0.838805238508456
18.74;0;0;-0.851371609122737;0.838805238508456
18.76;0;0;-0.851371609122737;0.838805238508456
18.78;0;0;-0.851371609122737;0.838805238508456
18.8;0;0;-0.851371609122737;0.838805238508456
18.82;0;0;-0.851371609122737;0.838805238508456
18.84;0;0;-0.851371609122737;0.838805238508456
18.86;0;0;-0.851371609122737;0.838805238508456
18.88;0;0;-0.851371609122737;0.838805238508456
18.9;0;0;-0.851371609122737;0.838805238508456
18.92;0;0;-0.851371609122737;0.838805238508456
18.94;0;0;-0.851371609122737;0.838805238508456
18.96;0;0;-0.851371609122737;0.838805238508456
18.98;0;0;-0.851371609122737;0.838805238508456
19;0;0;-0.851371609122737;0.838805238508456
19.02;0;0;-0.851371609122737;0.838805238508456
19.04;0;0;-0.851371609122737;0.838805238508456
19.06;0;0;-0.851371609122737;0.838805238508456
19.08;0;0;-0.851371609122737;0.838805238508456
19.1;0;0;-0.851371609122737;0.838805238508456
19.12;0;0;-0.851371609122737;0.838805238508456
19.14;0;0;-0.851371609122737;0.838805238508456
19.16;0;0;-0.851371609122737;0.838805238508456
19.18;0;0;-0.851371609122737;0.838805238508456
19.2;0;0;-0.851371609122737;0.838805238508456
19.22;0;0;-0.851371609122737;0.838805238508456
19.24;0;0;-0.851371609122737;0.838805238508456
19.26;0;0;-0.851371609122737;0.838805238508456
19.28;0;0;-0.851371609122737;0.838805238508456
19.3;0;0;-0.851371609122737;0.838805238508456
19.32;0;0;-0.851371609122737;0.838805238508456
19.34;0;0;-0.851371609122737;0.838805238508456
19.36;0;0;-0.851371609122737;0.838805238508456
19.38;0;0;-0.851371609122737;0.838805238508456
19.4;0;0;-0.851371609122737;0.838805238508456
19.42;0;0;-0.851371609122737;0.838805238508456
19.44;0;0;-0.851371609122737;0.838805238508456
19.46;0;0;-0.851371609122737;0.838805238508456
19.48;0;0;-0.851371609122737;0.838805238508456
19.5;0;0;-0.851371609122737;0.838805238508456
19.52;0;0;-0.851371609122737;0.838805238508456
19.54;0;0;-0.851371609122737;0.838805238508456
19.56;0;0;-0.851371609122737;0.838805238508456
19.58;0;0;-0.851371609122737;0.838805238508456
19.6;0;0;-0.851371609122737;0.838805238508456
19.62;0;0;-0.851371609122737;0.838805238508456
19.64;0;0;-0.851371609122737;0.838805238508456
19.66;0;0;-0.851371609122737;0.838805238508456
19.68;0;0;-0.851371609122737;0.838805238508456
19.7;0;0;-0.851371609122737;0.838805238508456
19.72;0;0;-0.851371609122737;0.838805238508456
19.74;0;0;-0.851371609122737;0.838805238508456
19.76;0;0;-0.851371609122737;0.838805238508456
19.78;0;0;-0.851371609122737;0.838805238508456
19.8;0;0;-0.851371609122737;0.838805238508456
19.82;0;0;-0.851371609122737;0.838805238508456
19.84;0;0;-0.851371609122737;0.838805238508456
19.86;0;0;-0.851371609122737;0.838805238508456
19.88;0;0;-0.851371609122737;0.838805238508456
19.9;0;0;-0.851371609122737;0.838805238508456
19.92;0;0;-0.851371609122737;0.838805238508456
19.94;0;0;-0.851371609122737;0.838805238508456
19.96;0;0;-0.851371609122737;0.838805238508456
19.98;0;0;-0.851371609122737;0.838805238508456
20;0;0;-0.851371609122737;0.838805238508456
20.02;0;0;-0.851371609122737;0.838805238508456
20.04;0;0;-0.851371609122737;0.838805238508456
20.06;0;0;-0.851371609122737;0.838805238508456
20.08;0;0;-0.851371609122737;0.838805238508456
20.1;0;0;-0.851371609122737;0.838805238508456
20.12;0;0;-0.851371609122737;0.838805238508456
20.14;0;0;-0.851371609122737;0.838805238508456
20.16;0;0;-0.851371609122737;0.838805238508456
20.18;0;0;-0.851371609122737;0.838805238508456
20.2;0;0;-0.851371609122737;0.838805238508456
20.22;0;0;-0.851371609122737;0.838805238508456
20.24;0;0;-0.851371609122737;0.838805238508456
20.26;0;0;-0.851371609122737;0.838805238508456
20.28;0;0;-0.851371609122737;0.838805238508456
20.3;0;0;-0.851371609122737;0.838805238508456
20.32;0;0;-0.851371609122737;0.838805238508456
20.34;0;0;-0.851371609122737;0.838805238508456
20.36;0;0;-0.851371609122737;0.838805238508456
20.38;0;0;-0.851371609122737;0.838805238508456
20.4;0;0;-0.851371609122737;0.838805238508456
20.42;0;0;-0.851371609122737;0.838805238508456
20.44;0;0;-0.851371609122737;0.838805238508456
20.46;0;0;-0.851371609122737;0.838805238508456
20.48;0;0;-0.851371609122737;0.838805238508456
20.5;2500;0;-0.851371609122737;0.838805238508456
20.52;2500;0;-0.851371609122737;0.838805238508456
20.54;2500;0;-0.845088423815554;0.838805238508456
20.56;2500;0;-0.804247719318909;0.838805238508456
20.58;2500;0;-0.766548607475812;0.835663645854851
20.6;2500;0;-0.725707902979138;0.826238867894091
20.62;2500;0;-0.67858401317531;0.813672497279725
20.64;2500;0;-0.571769862953261;0.766548607475897
20.66;2500;0;-0.512079602535039;0.722566310325618
20.68;2500;0;-0.458672527424028;0.678584013175367
20.7;2500;0;-0.398982267005806;0.618893752757174
20.72;2500;0;-0.282743338822996;0.477522083345633
20.74;2500;0;-0.216769893097592;0.380132711084343
20.76;2500;0;-0.153938040025821;0.301592894744601
20.78;2500;0;-0.0691150383788965;0.197920337176129
20.8;2500;0;0.0911061869541925;-0.00314159265360558
20.82;2500;0;0.188495559215482;-0.119380520836444
20.84;2500;0;0.28902652413035;-0.223053078404888
20.86;2500;0;0.414690230273948;-0.342433599241303
20.88;2500;0;0.653451271946778;-0.559203492339009
20.9;2500;0;0.797964534011896;-0.688008791136184
20.92;2500;0;0.93619461076986;-0.804247719319022
20.94;2500;0;1.09641583610292;-0.942477796076957
20.96;2500;0;1.41057510146192;-1.22207954224646
20.98;2500;0;1.57079632679498;-1.37601758227237
21;2500;2500;1.72787595947449;-1.52681402964467
21.02;2500;2500;1.90066355542191;-1.70588481089928
21.04;2500;2500;2.24309715466322;-2.05774318810134
21.06;2500;2500;2.41902634326422;-2.23995556200956
21.08;2500;2500;2.58867234655807;-2.4096015653034
21.1;2500;2500;2.78345109108065;-2.59809712451877
21.12;2500;2500;3.16358380216502;-2.95938027968162
21.14;2500;2500;3.35207936138039;-3.13845106093623
21.16;2500;2500;3.52172536467424;-3.31123865688366
21.18;2500;2500;3.72907047981118;-3.50601740140624
21.2;2500;2500;4.11862796885632;-3.88615011249061
21.22;2500;2500;4.29141556480374;-4.05579611578446
21.24;2500;2500;4.48619430932632;-4.24115008234625
21.26;2500;2500;4.88203498367864;-4.64327394200575
21.28;2500;2500;5.07995532085479;-4.86004383510343
21.3;2500;2500;5.26530928741658;-5.05482257962601
21.32;2500;2500;5.47893758786068;-5.27159247272371
21.34;2500;2500;5.874778262213;-5.67371633238318
21.36;2500;2500;6.08212337734994;-5.88106144752012
21.38;2500;2500;6.2800437145261;-6.07584019204268
21.4;2500;2500;6.50309679293096;-6.29575167779396
21.42;2500;2500;6.93349498647277;-6.70101713010706
21.44;2500;2500;7.15340647222405;-6.91464543055116
21.46;2500;2500;7.35760999470739;-7.1157073603809
21.48;2500;2500;7.58694625841943;-7.34504362409297
21.5;0;2500;8.0299108225756;-7.78486659559553
21.52;0;2500;8.25296390098049;-8.00791967400042
21.54;0;2500;8.45088423815665;-8.21840638179091
21.56;0;2500;8.66765413125432;-8.46030901611735
21.58;0;2500;9.04464524968512;-8.90955676558067
21.6;0;2500;9.22999921624691;-9.12946825133196
21.62;0;2500;9.39336203423358;-9.3336717738153
21.64;0;2500;9.57557440814179;-9.55358325956658
21.66;0;2500;9.90230004411512;-9.93999915595813
21.68;0;2500;10.0750876400625;-10.1222115298663
21.7;0;2500;10.2353088653956;-10.2667247919315
21.72;0;2500;10.4049548686895;-10.4269460172646
21.74;0;2500;10.7568132458915;-10.7253973193556
21.76;0;2500;10.9201760638782;-10.8604858034599
21.78;0;2500;11.0678309185969;-10.9830079169499
21.8;0;2500;11.366282220688;-11.2343353292371
21.82;0;2500;11.5107954827531;-11.3757069986487
21.84;0;2500;11.6364591888967;-11.4888043341779
21.86;0;2500;11.7464149317723;-11.6050432623607
21.88;0;2500;11.9600432322164;-11.7338485611579
21.9;0;2500;12.0542910118241;-11.9663264175236
21.92;0;2500;12.1485387914318;-12.0794237530528
21.94;0;2500;12.223937015118;-12.1768131253141
21.96;0;2500;12.3810166477975;-12.3653086845295
21.98;0;2500;12.468981242098;-12.4564148714836
22;0;0;12.5349546878234;-12.5286715025161
22.02;0;0;12.6166360968167;-12.6040697262023
22.04;0;0;12.7548661735746;-12.7328750249995
22.06;0;0;12.8302643972608;-12.805131656032
22.08;0;0;12.8930962503326;-12.8679635091038
22.1;0;0;12.959069696058;-12.9402201401364
22.12;0;0;13.0721670315872;-13.0721670315872
22.14;0;0;13.134998884659;-13.1444236626197
22.16;0;0;13.1852643671164;-13.2072555156915
22.18;0;0;13.2480962201882;-13.2732289614169
22.2;0;0;13.3580519630639;-13.3894678895997
22.22;0;0;13.4208838161357;-13.4522997426715
22.24;0;0;13.4742908912467;-13.502565225129
22.26;0;0;13.5371227443185;-13.5622554855472
22.28;0;0;13.6502200798477;-13.6596448578084
22.3;0;0;13.709910340266;-13.7161935255731
22.32;0;0;13.763317415377;-13.7633174153769
22.34;0;0;13.8230076757952;-13.8135828978344
22.36;0;0;13.9203970480565;-13.9109722700956
22.38;0;0;13.9738041231675;-13.9643793452067
22.4;0;0;14.0177864203177;-14.0115032350105
22.42;0;0;14.0649103101216;-14.0649103101215
22.44;0;0;14.1465917191149;-14.1591580897292
22.46;0;0;14.1937156089188;-14.2094235721867
22.48;0;0;14.2314147207618;-14.2534058693369
22.5;0;0;14.2816802032193;-14.3036713517943
22.52;0;0;14.3665032048662;-14.3884943534413
22.54;0;0;14.4104855020165;-14.4293350579379
22.56;0;0;14.4513262065131;-14.4638925771274
22.58;0;0;14.498450096317;-14.5047332816241
22.6;0;0;14.5801315053103;-14.5801315053102
22.62;0;0;14.620972209807;-14.6146890244997
22.64;0;0;14.6555297289965;-14.6492465436892
22.66;0;0;14.690087248186;-14.6900872481859
22.68;0;0;14.7592022865649;-14.7623438792185
22.7;0;0;14.7937598057544;-14.8000429910615
22.72;0;0;14.8251757322903;-14.8314589175974
22.74;0;0;14.8880075853621;-14.8691580294405
22.76;0;0;14.9225651045516;-14.9319898825123
22.78;0;0;14.9539810310875;-14.9634058090482
22.8;0;0;14.9822553649698;-14.9916801429305
22.82;0;0;15.041945625388;-15.0482288106952
22.84;0;0;15.0733615519239;-15.0765031445775
22.86;0;0;15.1016358858062;-15.1016358858062
22.88;0;0;15.1299102196885;-15.1330518123421
22.9;0;0;15.180175702146;-15.1801757021459
22.92;0;0;15.2053084433747;-15.2084500360282
22.94;0;0;15.2272995919498;-15.2335827772569
22.96;0;0;15.2524323331785;-15.2587155184856
22.98;0;0;15.2932730376752;-15.3058394082895
23;0;0;15.3184057789039;-15.3278305568646
23.02;0;0;15.3372553348255;-15.3466801127862
23.04;0;0;15.3592464834006;-15.3655296687077
23.06;0;0;15.4000871878973;-15.4032287805508
23.08;0;0;15.4189367438188;-15.4220783364723
23.1;0;0;15.4346447070868;-15.4377862997403
23.12;0;0;15.4534942630083;-15.4566358556618
23.14;0;0;15.4849101895442;-15.4880517821977
23.16;0;0;15.4974765601585;-15.5037597454657
23.18;0;0;15.5100429307729;-15.5194677087336
23.2;0;0;15.5351756720016;-15.5351756720015
23.22;0;0;15.5508836352696;-15.5603084132303
23.24;0;0;15.5603084132303;-15.5728747838446
23.26;0;0;15.5728747838447;-15.5822995618054
23.28;0;0;15.5854411544591;-15.5917243397662
23.3;0;0;15.6042907103806;-15.6074323030341
23.32;0;0;15.6137154883414;-15.6168570809949
23.34;0;0;15.6199986736486;-15.6231402663021
23.36;0;0;15.6325650442629;-15.63884822957
23.38;0;0;15.6388482295701;-15.6451314148772
23.4;0;0;15.6419898222237;-15.6482730075308
23.42;0;0;15.6451314148773;-15.6514146001844
23.44;0;0;15.6482730075309;-15.6576977854916
23.46;0;0;15.6514146001844;-15.6608393781451
23.48;0;0;15.6514146001844;-15.6608393781451
23.5;0;0;15.6514146001844;-15.6608393781451
23.52;0;0;15.6514146001844;-15.6576977854916
23.54;0;0;15.6514146001844;-15.654556192838
23.56;0;0;15.6482730075309;-15.654556192838
23.58;0;0;15.6514146001844;-15.6514146001844
23.6;0;0;15.6482730075309;-15.6514146001844
23.62;0;0;15.6482730075309;-15.6514146001844
23.64;0;0;15.6514146001844;-15.6514146001844
23.66;0;0;15.6514146001844;-15.6514146001844
23.68;0;0;15.6514146001844;-15.6514146001844
23.7;0;0;15.6514146001844;-15.654556192838
23.72;0;0;15.6514146001844;-15.654556192838
23.74;0;0;15.6514146001844;-15.654556192838
23.76;0;0;15.6514146001844;-15.654556192838
23.78;0;0;15.6514146001844;-15.6514146001844
23.8;0;0;15.6482730075309;-15.6514146001844
23.82;0;0;15.6514146001844;-15.6514146001844
23.84;0;0;15.6514146001844;-15.6514146001844
23.86;0;0;15.6482730075309;-15.6514146001844
23.88;0;0;15.6514146001844;-15.6514146001844
23.9;0;0;15.6482730075309;-15.6514146001844
23.92;0;0;15.6514146001844;-15.6514146001844
23.94;0;0;15.6514146001844;-15.6514146001844
23.96;0;0;15.6514146001844;-15.6514146001844
23.98;0;0;15.6514146001844;-15.6514146001844
24;0;0;15.6514146001844;-15.6514146001844
24.02;0;0;15.6514146001844;-15.6514146001844
24.04;0;0;15.6514146001844;-15.6514146001844
24.06;0;0;15.6514146001844;-15.6514146001844
24.08;0;0;15.6514146001844;-15.6514146001844
24.1;0;0;15.6514146001844;-15.6514146001844
24.12;0;0;15.6514146001844;-15.6514146001844
24.14;0;0;15.6514146001844;-15.6514146001844
24.16;0;0;15.6514146001844;-15.6514146001844
24.18;0;0;15.6514146001844;-15.6514146001844
24.2;0;0;15.6514146001844;-15.6514146001844
24.22;0;0;15.6514146001844;-15.6514146001844
24.24;0;0;15.6514146001844;-15.6514146001844
24.26;0;0;15.6514146001844;-15.6514146001844
24.28;0;0;15.6514146001844;-15.6514146001844
24.3;0;0;15.6514146001844;-15.6514146001844
24.32;0;0;15.6514146001844;-15.6514146001844
24.34;0;0;15.6514146001844;-15.6514146001844
24.36;0;0;15.6514146001844;-15.6514146001844
24.38;0;0;15.6514146001844;-15.6514146001844
24.4;0;0;15.6514146001844;-15.6514146001844
24.42;0;0;15.6514146001844;-15.6514146001844
24.44;0;0;15.6514146001844;-15.6514146001844
24.46;0;0;15.6514146001844;-15.6514146001844
24.48;0;0;15.6514146001844;-15.6514146001844
24.5;0;0;15.6514146001844;-15.6514146001844
24.52;0;0;15.6514146001844;-15.6514146001844
24.54;0;0;15.6482730075309;-15.6514146001844
24.56;0;0;15.6514146001844;-15.6514146001844
24.58;0;0;15.6514146001844;-15.6514146001844
24.6;0;0;15.6514146001844;-15.6514146001844
24.62;0;0;15.6514146001844;-15.6514146001844
24.64;0;0;15.6514146001844;-15.6514146001844
24.66;0;0;15.6514146001844;-15.6514146001844
24.68;0;0;15.6514146001844;-15.6514146001844
24.7;0;0;15.6514146001844;-15.6514146001844
24.72;0;0;15.6514146001844;-15.6514146001844
24.74;0;0;15.6514146001844;-15.6514146001844
24.76;0;0;15.6514146001844;-15.6514146001844
24.78;0;0;15.6482730075309;-15.6514146001844
24.8;0;0;15.6514146001844;-15.6514146001844
24.82;0;0;15.6482730075309;-15.6514146001844
24.84;0;0;15.6514146001844;-15.6514146001844
24.86;0;0;15.6514146001844;-15.6514146001844
24.88;0;0;15.6514146001844;-15.6514146001844
24.9;0;0;15.6514146001844;-15.6514146001844
24.92;0;0;15.6514146001844;-15.6514146001844
24.94;0;0;15.6514146001844;-15.6514146001844
24.96;0;0;15.6514146001844;-15.6514146001844
24.98;0;0;15.6482730075309;-15.6514146001844
25;0;0;15.6482730075309;-15.6514146001844
