Zeit [s];r [v];l [v];ySystune [v];yGenetic [v];yDifferentialEvol [v]
;-;-;-;-;-
0;4;3;1;1;1
0;ebbd34;e0162e;3189f5;2cf533;cc2cf5
0;0;0;-0.005508182;-0.004219391;-0.003252798
0.01;0;0;-0.004863787;-0.004219391;-0.003897194
0.02;0;0;-0.003897194;-0.004541589;-0.004863787
0.03;0;0;-0.002286205;-0.002930601;-0.002608403
0.04;0;0;-0.003252798;-0.003252798;-0.005185985
0.05;0;0;-0.003897194;0.001257969;-0.004863787
0.06;0;0;-0.005185985;-0.002608403;-0.00583038
0.07;0;0;-0.004219391;-0.001964008;-0.002608403
0.08;0;0;-0.003574996;-0.005185985;-0.005185985
0.09;0;0;-0.003897194;-0.005185985;-0.004541589
0.1;0;0;-0.003574996;0.004479946;-0.005185985
0.11;0;0;-0.004541589;-0.003897194;-0.002930601
0.12;0;0;-0.003574996;-0.004541589;-0.006152578
0.13;0;0;-0.00164181;0.000291376;-0.001319612
0.14;0;0;-0.003897194;-0.004863787;-0.003897194
0.15;0;0;-0.002608403;-0.004541589;-0.001964008
0.16;0;0;-0.004219391;-0.00583038;-0.003897194
0.17;0;0;-0.005185985;-0.00583038;-0.002930601
0.18;0;0;-0.003252798;-0.003574996;-0.004863787
0.19;0;0;-0.004541589;-0.005185985;-0.001964008
0.2;0;0;-0.005185985;-0.004541589;-0.005185985
0.21;0;0;-0.002608403;-0.002930601;-0.002930601
0.22;0;0;-0.005508182;-0.003574996;-0.00583038
0.23;0;0;-0.002608403;-0.004863787;-0.003897194
0.24;0;0;-0.004541589;-0.002608403;-0.005185985
0.25;0;0;-0.002930601;-0.004219391;-0.003574996
0.26;0;0;-0.003897194;-0.004863787;-0.004219391
0.27;0;0;-0.003252798;-0.004541589;-0.003897194
0.28;0;0;-0.007763566;-0.002930601;-0.005185985
0.29;0;0;-0.003574996;-0.001319612;-0.001964008
0.3;0;0;-0.002930601;-0.002930601;-0.003574996
0.31;0;0;-0.002930601;-0.004541589;-0.002286205
0.32;0;0;-0.004219391;-0.003574996;-0.003574996
0.33;0;0;-0.004863787;-0.003252798;-0.002930601
0.34;0;0;0.000613574;-0.00583038;0.00544654
0.35;0;0;-0.003252798;-0.002608403;-0.003574996
0.36;0;0;-0.007441368;-0.004863787;-0.006152578
0.37;0;0;-0.004863787;-0.001319612;-0.002608403
0.38;0;0;-0.003574996;-3.08E-05;-0.005185985
0.39;0;0;-0.002608403;-0.003252798;-0.004541589
0.4;0;0;-0.006152578;-0.005185985;-0.003252798
0.41;0;0;-0.004863787;-0.002930601;-0.005185985
0.42;0;0;-0.004541589;-0.005185985;-0.002930601
0.43;0;0;-0.007441368;-0.003252798;-0.001964008
0.44;0;0;-0.004863787;-0.003252798;-0.003574996
0.45;0;0;-0.002608403;-0.001964008;-0.004219391
0.46;0;0;-0.005185985;-0.000997415;-0.004863787
0.47;0;0;-0.001964008;-0.005508182;-0.003897194
0.48;0;0;-0.003252798;-0.003252798;-0.005508182
0.49;1;0;-0.004219391;-0.003252798;-0.004219391
0.5;1;0;-0.002608403;-0.004863787;-0.006152578
0.51;1;0;0.329255461;0.176211386;0.179111167
0.52;1;0;1.165361417;0.911468361;0.633088547
0.53;1;0;1.247522318;1.111231904;0.871193479
0.54;1;0;0.970753003;1.053236014;0.994273545
0.55;1;0;0.90470218;1.195003777;1.113809499
0.56;1;0;1.020371685;1.041959038;1.141196454
0.57;1;0;0.980096779;1.166005816;1.132497068
0.58;1;0;0.922745329;1.048080825;1.110909704
0.59;1;0;1.00071753;1.124442081;1.084811552
0.6;1;0;0.978807983;0.966564413;1.087389147
0.61;1;0;0.932733502;1.097699528;1.07031258
0.62;1;0;0.985896365;1.044214433;1.081589558
0.63;1;0;0.954320844;0.990084955;1.054524811
0.64;1;0;0.97977458;1.01811629;1.039059244
0.65;1;0;0.962698023;1.029393265;1.045181031
0.66;1;0;0.977841385;1.016505293;1.017149692
0.67;1;0;0.99620674;0.987185162;1.030037663
0.68;1;0;0.967531011;1.006194917;1.006839316
0.69;1;0;0.981385576;0.995240143;1.023271478
0.7;1;0;0.976874787;1.013927699;1.001361928
0.71;1;0;0.984929768;1.005228319;1.004261722
0.72;1;0;0.989762756;1.011672304;0.990729354
0.73;1;0;0.984285369;0.992984748;0.984929768
0.74;1;0;1.002328526;0.995884541;0.981063377
0.75;1;0;0.984929768;0.98782956;1.000073131
0.76;1;0;0.99620674;0.996851139;1.010383507
0.77;1;0;0.982996572;1.004583921;1.008450312
0.78;1;0;0.989440557;1.015860895;1.005228319
0.79;1;0;0.980418979;1.008450312;0.999428733
0.8;1;0;0.984929768;1.005228319;1.001361928
0.81;1;0;1.001039729;0.999428733;0.998784334
0.82;1;0;1.001361928;0.992662549;1.012316703
0.83;1;0;1.001361928;0.999428733;1.000395331
0.84;1;0;0.982352174;1.00490612;1.011672304
0.85;1;0;1.011672304;1.010383507;0.998139936
0.86;1;0;0.961731425;1.003939522;1.004583921
0.87;1;0;1.034226254;1.008450312;0.981385576
0.88;1;0;0.953676446;0.989118357;0.994595744
0.89;1;0;1.037126048;0.990084955;0.991051553
0.9;1;0;1.006194917;0.987185162;1.006517116
0.91;1;0;0.982352174;0.995884541;1.005550519
0.92;1;0;1.00490612;0.997817737;1.008128113
0.93;1;0;1.013283301;1.011027906;0.999428733
0.94;1;0;0.978163584;1.004583921;1.00071753
0.95;1;0;1.007483714;1.007161515;0.990084955
0.96;1;0;1.00909471;0.999106534;1.003295124
0.97;1;0;0.967208811;1.001039729;1.007483714
0.98;1;0;1.027782268;0.997495537;1.008450312
0.99;0;0;0.938210887;1.004583921;1.007161515
1;0;0;1.007483714;1.00490612;0.995884541
1.01;0;0;0.872804474;0.841551171;0.828018814
1.02;0;0;0.836395987;0.871837877;0.847350752
1.03;0;0;0.776144791;0.833496197;0.783555365
1.04;0;0;0.714604817;0.741347316;0.741669515
1.05;0;0;0.672396784;0.644687698;0.648554082
1.06;0;0;0.590558332;0.585080957;0.590236134
1.07;0;0;0.542228553;0.527085225;0.532884797
1.08;0;0;0.484232834;0.4710227;0.481977445
1.09;0;0;0.432358898;0.416893379;0.429136915
1.1;0;0;0.367919244;0.37404101;0.379196182
1.11;0;0;0.332477442;0.329899857;0.35245373
1.12;0;0;0.292847071;0.289947288;0.29478026
1.13;0;0;0.254505499;0.251605717;0.261271659
1.14;0;0;0.213264152;0.215841736;0.225185478
1.15;0;0;0.182655345;0.185877324;0.191032492
1.16;0;0;0.150113354;0.152690937;0.167189844
1.17;0;0;0.119504555;0.134003459;0.147213573
1.18;0;0;0.092439936;0.119182357;0.121115544
1.19;0;0;0.076330045;0.096628508;0.101139277
1.2;0;0;0.071174881;0.082774001;0.081163012
1.21;0;0;0.076330045;0.066986309;0.070852683
1.22;0;0;0.059253562;0.056031585;0.054742794
1.23;0;0;0.065697518;0.04088829;0.046365652
1.24;0;0;0.057642574;0.031222357;0.035733126
1.25;0;0;0.051198618;0.026711589;0.027678182
1.26;0;0;0.049265432;0.017690053;0.018334448
1.27;0;0;0.045721256;0.014468075;0.016723459
1.28;0;0;0.040566092;0.012534889;0.00963511
1.29;0;0;0.039277301;0.010601703;0.009312912
1.3;0;0;0.033799939;0.006413133;0.003835551
1.31;0;0;0.036377521;0.004479946;0.004157749
1.32;0;0;0.028322578;0.004479946;0.001257969
1.33;0;0;0.030255764;0.006413133;0.002868958
1.34;0;0;0.020589832;-0.000353019;-0.00164181
1.35;0;0;0.028966973;0.000935772;0.000935772
1.36;0;0;0.022523019;0.003191156;-0.000353019
1.37;0;0;0.017690053;0.001902365;-0.00164181
1.38;0;0;0.018656646;-0.000997415;-0.000675217
1.39;0;0;0.018656646;0.004157749;-0.002286205
1.4;0;0;0.012857087;-0.001319612;-3.08E-05
1.41;0;0;0.017045657;0.001580167;-0.001319612
1.42;0;0;0.01801225;-0.010341148;-0.001319612
1.43;0;0;0.014145878;0.007379726;-0.001964008
1.44;0;0;0.005768737;-3.08E-05;-0.002286205
1.45;0;0;0.015434669;-0.001964008;-0.001319612
1.46;0;0;0.004479946;-0.000997415;-0.001964008
1.47;0;0;0.008346319;-0.001319612;-0.00164181
1.48;0;0;0.011568296;-0.007119171;-0.00164181
1.49;5;0;0.012212691;0.003191156;-0.00164181
1.5;5;0;-0.004219391;-0.000997415;-0.001964008
1.51;5;0;0.576059397;0.392084112;0.564782449
1.52;5;0;1.073212374;0.996851139;1.084489352
1.53;5;0;1.593887328;1.552645689;1.581321515
1.54;5;0;2.048190458;2.021769956;2.067200335
1.55;5;0;2.441920943;2.487029251;2.468663724
1.56;5;0;2.897515536;2.914914512;2.869483858
1.57;5;0;3.31541381;3.319602466;3.316702627
1.58;5;0;3.700770764;3.722358524;3.678860803
1.59;5;0;4.089673269;4.080973695;4.092573127
1.6;5;0;4.437656788;4.447000806;4.343894451
1.61;5;0;4.718944304;4.755676064;4.554618171
1.62;5;0;4.857816204;4.824306494;4.671579686
1.63;5;0;4.598760656;4.909691835;4.704122721
1.64;5;0;4.62421509;4.885526165;4.776297409
1.65;5;0;4.891970343;4.852983072;4.761153609
1.66;5;0;4.640325494;4.907114163;4.802396305
1.67;5;0;4.86168271;4.871348975;4.856849578
1.68;5;0;4.896803477;4.843316809;4.835906007
1.69;5;0;4.587161169;4.926768912;4.885848374
1.7;5;0;4.948034711;4.91452497;4.927735539
1.71;5;0;4.869415722;4.912591716;4.886815001
1.72;5;0;4.585227921;4.991532948;4.940623902
1.73;5;0;4.711855721;4.949967965;4.965434003
1.74;5;0;4.807873851;4.938368438;4.924835658
1.75;5;0;4.931602048;5.012154342;4.983155508
1.76;5;0;4.882948494;4.967045049;4.987022019
1.77;5;0;4.913558343;4.964789585;4.947712501
1.78;5;0;4.931279839;5.028264809;5.011832133
1.79;5;0;4.877148734;4.97058935;4.994755041
1.8;5;0;4.874893272;4.96672284;4.954801102
1.81;5;0;4.893903597;5.030198065;5.011832133
1.82;5;0;4.908402999;4.983155508;4.996688296
1.83;5;0;4.885848374;4.981222253;4.961567494
1.84;5;0;4.929024376;5.034386787;5.020209575
1.85;5;0;4.938690647;4.976389115;5.000554808
1.86;5;0;4.893259179;4.974133651;4.964789585
1.87;5;0;4.968011677;5.033420159;5.020853994
1.88;5;0;4.948034711;4.980255626;5.002810272
1.89;5;0;4.949323547;4.979611207;4.968656095
1.9;5;0;4.964467376;5.039542137;5.026331553
1.91;5;0;4.949001338;4.980577835;5.003132482
1.92;5;0;4.957056566;4.97832237;4.964789585
1.93;5;0;4.989277484;5.036642252;5.027942599
1.94;5;0;4.938046229;4.980900044;5.006032365
1.95;5;0;4.978000161;4.984766555;4.967045049
1.96;5;0;4.993143995;5.040508765;5.024398296
1.97;5;0;4.942879365;4.976711324;5.005065737
1.98;5;0;4.976711324;4.975744697;4.969622722
1.99;5;0;5.005710156;5.036320043;5.026009343
2;5;0;4.940301692;4.980255626;5.002810272
2.01;5;0;5.001843645;4.983477718;4.967689467
2.02;5;0;4.994755041;5.041475393;5.044053069
2.03;5;0;4.968978304;4.977355743;4.998621552
2.04;5;0;4.987666438;4.974778069;4.968656095
2.05;5;0;5.007643412;5.035997834;5.028587018
2.06;5;0;4.945779247;4.984122136;5.004743528
2.07;5;0;4.981866672;4.981866672;4.961245284
2.08;5;0;5.021820622;5.040830975;5.016987482
2.09;5;0;4.956734357;4.979288998;5.002810272
2.1;5;0;5.006998993;4.97832237;4.96285633
2.11;5;0;4.986377601;5.038897718;5.020531784
2.12;5;0;4.993143995;4.980900044;5.00409911
2.13;5;0;4.97832237;4.976066906;4.968978304
2.14;5;0;5.010865505;5.045341906;5.026009343
2.15;5;0;4.958345402;4.98251109;5.00861004
2.16;5;0;4.981544462;4.975744697;4.969944932
2.17;5;0;5.024076087;5.040186556;5.030520274
2.18;5;0;4.967367258;4.983477718;5.006676784
2.19;5;0;5.022142831;4.984444345;4.968333886
2.2;5;0;5.002810272;5.052430514;5.028587018
2.21;5;0;4.987022019;4.977677952;5.007321202
2.22;5;0;4.980255626;4.989277484;4.968011677
2.23;5;0;5.014732016;5.027298181;5.029875855
2.24;5;0;4.965434003;4.964467376;5.004421319
2.25;5;0;5.001199226;4.973167023;4.963178539
2.26;5;0;5.027298181;5.039864346;5.024398296
2.27;5;0;4.965111794;4.984444345;5.005065737
2.28;5;0;5.025687134;4.97864458;4.968333886
2.29;5;0;5.000554808;5.036642252;5.029553646
2.3;5;0;4.97832237;4.984122136;5.005065737
2.31;5;0;5.029875855;4.983155508;4.967689467
2.32;5;0;4.981222253;5.041475393;5.02762039
2.33;5;0;5.005065737;4.983799927;5.004743528
2.34;5;0;4.980255626;4.97445586;4.966400631
2.35;5;0;5.007643412;5.035997834;5.025042715
2.36;5;0;4.973811442;4.983477718;5.004743528
2.37;5;0;4.99088853;4.976711324;4.967367258
2.38;5;0;5.026009343;5.041475393;5.02246504
2.39;5;0;4.969622722;4.982833299;5.006998993
2.4;5;0;5.030198065;4.977677952;4.96672284
2.41;5;0;4.989599693;5.040508765;5.026653762
2.42;5;0;4.99958818;4.983799927;5.006032365
2.43;5;0;4.973167023;4.983477718;4.967045049
2.44;5;0;5.021176203;5.043730859;5.026331553
2.45;5;0;4.966400631;4.982188881;5.006032365
2.46;5;0;5.002488063;4.973167023;4.966400631
2.47;5;0;5.03277574;5.036964462;5.025364924
2.48;5;0;4.961889703;4.982188881;5.003454691
2.49;5;0;5.034708996;4.983477718;4.96672284
2.5;0;0;5.010543295;5.044053069;5.023431668
2.51;0;0;4.944168201;4.968333886;4.981544462
2.52;0;0;4.526263884;4.611648976;4.572661812
2.53;0;0;4.048753058;4.146381618;4.125760397
2.54;0;0;3.831586205;3.893771923;3.906337953
2.55;0;0;3.609264484;3.587354541;3.623763714
2.56;0;0;3.303492251;3.312191767;3.32443553
2.57;0;0;3.051528772;3.058939455;3.078593878
2.58;0;0;2.818253565;2.825986438;2.839518967
2.59;0;0;2.585300972;2.596255857;2.613654793
2.6;0;0;2.409700732;2.406478711;2.427744049
2.61;0;0;2.212190997;2.21863503;2.238933735
2.62;0;0;2.016614737;2.033691402;2.054634484
2.63;0;0;1.863247039;1.877101678;1.904810959
2.64;0;0;1.725345121;1.729855929;1.751765572
2.65;0;0;1.583576917;1.587443321;1.599042533
2.66;0;0;1.443419837;1.448252837;1.457918839
2.67;0;0;1.321950461;1.330005456;1.34353785
2.68;0;0;1.209824959;1.219490948;1.231412334
2.69;0;0;1.120253488;1.111876303;1.138296659
2.7;0;0;1.010383507;1.02681567;1.03615945
2.71;0;0;0.926611718;0.92242313;0.948843459
2.72;0;0;0.836395987;0.848639548;0.854116931
2.73;0;0;0.749724485;0.784521961;0.78194437
2.74;0;0;0.671430188;0.693984097;0.727170569
2.75;0;0;0.606346062;0.635021739;0.675296572
2.76;0;0;0.547705928;0.558660677;0.614078829
2.77;0;0;0.492287794;0.527085225;0.558338478
2.78;0;0;0.440736054;0.477788866;0.498087365
2.79;0;0;0.396594887;0.449757608;0.463612137
2.8;0;0;0.366308253;0.410449413;0.416571181
2.81;0;0;0.340532397;0.365663856;0.370819028
2.82;0;0;0.325066885;0.343109982;0.333121839
2.83;0;0;0.298002241;0.299291033;0.295424656
2.84;0;0;0.279636949;0.269648808;0.261271659
2.85;0;0;0.258694074;0.239039993;0.226796468
2.86;0;0;0.238717795;0.202953817;0.197798649
2.87;0;0;0.223896686;0.160745885;0.17717798
2.88;0;0;0.208108984;0.150113354;0.153657531
2.89;0;0;0.188777106;0.120148951;0.135292251
2.9;0;0;0.176211386;0.097272903;0.108549828
2.91;0;0;0.165256656;0.085351584;0.090506749
2.92;0;0;0.155590718;0.076330045;0.076007848
2.93;0;0;0.142702802;0.063764331;0.062153342
2.94;0;0;0.13239247;0.053454002;0.047010047
2.95;0;0;0.124981919;0.043465872;0.037021917
2.96;0;0;0.111771806;0.035410928;0.027355984
2.97;0;0;0.105972245;0.032188951;0.024456205
2.98;0;0;0.095984112;0.019301041;0.01801225
2.99;0;0;0.093084332;0.016401262;0.012857087
3;0;0;0.086640375;0.012534889;0.007379726
3.01;0;0;0.077618837;0.009957307;0.003191156
3.02;0;0;0.070530485;0.00544654;0.003513353
3.03;0;0;0.066986309;0.006090935;0.004157749
3.04;0;0;0.063442134;0.004479946;0.000291376
3.05;0;0;0.057642574;0.00254676;0.002224562
3.06;0;0;0.053131805;-0.000353019;-3.08E-05
3.07;0;0;0.052809607;0.002868958;0.001257969
3.08;0;0;0.046687849;0.000291376;0.000613574
3.09;0;0;0.041854883;0.000291376;-0.000353019
3.1;0;0;0.038310708;0.001580167;-0.000675217
3.11;0;0;0.038955103;0.000935772;0.000935772
3.12;0;0;0.032188951;-0.00164181;0.000935772
3.13;0;0;0.032188951;-0.000353019;0.001580167
3.14;0;0;0.028644775;-0.001964008;-0.002286205
3.15;0;0;0.026711589;0.002224562;0.000935772
3.16;0;0;0.022200821;-0.001319612;-0.000353019
3.17;0;0;0.023167414;-0.00164181;-3.08E-05
3.18;0;0;0.018978844;-0.00164181;-3.08E-05
3.19;0;0;0.021556425;0.000935772;-0.000997415
3.2;0;0;0.015434669;-0.003574996;-0.002930601
3.21;0;0;0.021234228;0.001257969;0.000613574
3.22;0;0;0.014790273;-3.08E-05;-0.001319612
3.23;0;0;0.013179285;-0.000353019;-0.001319612
3.24;0;0;0.014468075;-0.000675217;-0.001319612
3.25;0;0;0.011568296;-0.002608403;0.000935772
3.26;0;0;0.011246098;-0.003574996;-0.001964008
3.27;0;0;0.010279505;-0.001319612;0.001902365
3.28;0;0;0.007701923;-0.00164181;-0.001964008
3.29;0;0;0.008990714;-0.000353019;0.000291376
3.3;0;0;0.00673533;0.000613574;-0.00164181
3.31;0;0;0.008024121;0.000935772;0.000291376
3.32;0;0;0.003191156;-0.002286205;0.001257969
3.33;0;0;0.007057528;-0.000353019;-3.08E-05
3.34;0;0;0.008990714;-0.000353019;-0.000675217
3.35;0;0;0.010279505;-0.000675217;-0.000675217
3.36;0;0;-0.005185985;-0.001319612;0.003191156
3.37;0;0;0.007701923;0.002224562;-0.000353019
3.38;0;0;0.003835551;-0.000675217;-0.000997415
3.39;0;0;-0.000675217;-0.000353019;0.000291376
3.4;0;0;0.001580167;-0.000353019;0.003191156
3.41;0;0;0.001257969;0.000613574;-0.000353019
3.42;0;0;-0.001319612;0.001580167;0.012212691
3.43;0;0;0.002868958;0.001902365;-0.001319612
3.44;0;0;0.000613574;-0.002286205;-0.004219391
3.45;0;0;0.00254676;0.001580167;-0.000675217
3.46;0;0;-0.00164181;0.000291376;-0.000353019
3.47;0;0;0.003513353;0.001902365;-0.000353019
3.48;0;0;-3.08E-05;-0.001319612;-0.002286205
3.49;0;0;0.002868958;0.000613574;-0.001964008
3.5;8;0;-0.001319612;-0.001964008;0.002224562
3.51;8;0;0.463934335;0.567360037;0.571548618
3.52;8;0;1.006194917;1.077400966;1.087711346
3.53;8;0;1.638995382;1.531380473;1.585187919
3.54;8;0;2.014681529;1.999215873;2.018870145
3.55;8;0;2.481551813;2.490895678;2.43096607
3.56;8;0;2.915236715;2.92651383;2.878505547
3.57;8;0;3.318313648;3.36567769;3.320891283
3.58;8;0;3.689493578;3.714625594;3.677249777
3.59;8;0;4.090317682;4.108683451;4.076140599
3.6;8;0;4.423801867;4.429279394;4.392869957
3.61;8;0;4.76308686;4.800463053;4.748587478
3.62;8;0;5.112039278;5.117839052;5.082073787
3.63;8;0;5.383984597;5.39107323;5.348219233
3.64;8;0;5.659475029;5.709095615;5.645942146
3.65;8;0;5.9736318;6.007786346;5.95011028
3.66;8;0;6.250735109;6.26040152;6.225924661
3.67;8;0;6.499806638;6.481762622;6.456307677
3.68;8;0;6.712468556;6.695391139;6.665425115
3.69;8;0;6.918042267;6.928675405;6.890976106
3.7;8;0;7.138438493;7.139405145;7.094616973
3.71;8;0;7.337246729;7.358513119;7.318558089
3.72;8;0;7.544433167;7.528322227;7.480633862
3.73;8;0;7.598888172;7.635298937;7.607265869
3.74;8;0;7.571177337;7.664943113;7.64722105
3.75;8;0;7.563766301;7.71553157;7.713598253
3.76;8;0;7.580199468;7.72390928;7.734542528
3.77;8;0;7.655598752;7.770631139;7.777397756
3.78;8;0;7.525744476;7.800275369;7.813486388
3.79;8;0;7.657209849;7.840552873;7.855375001
3.8;8;0;7.675576353;7.873097113;7.882119281
3.81;8;0;7.628532334;7.911441335;7.915630201
3.82;8;0;7.817675248;7.932063446;7.929163461
3.83;8;0;7.620476854;7.962352182;7.959452196
3.84;8;0;7.667198649;7.951074459;7.949785577
3.85;8;0;7.984907631;8.007140867;7.977818775
3.86;8;0;7.86890825;7.957518872;7.958485534
3.87;8;0;7.708764959;8.001018671;7.958485534
3.88;8;0;7.802853128;7.916919083;7.965252168
3.89;8;0;7.716820449;8.035818529;7.957518872
3.9;8;0;7.991029826;7.86923047;7.959129975
3.91;8;0;7.944307827;8.066107308;7.945274489
3.92;8;0;7.788353231;7.839908433;7.968474374
3.93;8;0;7.805753108;7.897263637;7.947530033
3.94;8;0;7.858919423;8.070618404;7.984585411
3.95;8;0;7.911119115;7.989096501;7.985552073
3.96;8;0;7.896619196;8.042262949;8.023574133
3.97;8;0;7.905641367;8.087373905;8.025185237
3.98;8;0;7.885341484;8.04258517;8.059018444
3.99;8;0;7.906608029;8.003274217;8.013585285
4;8;0;7.904674706;8.015196389;8.040007402
4.01;8;0;7.940118959;8.021640807;8.012618622
4.02;8;0;7.936896754;7.972663243;8.003596438
4.03;8;0;7.993285372;7.971374361;7.968152154
4.04;8;0;7.943985606;7.962352182;7.963963285
4.05;8;0;7.984585411;7.995540917;7.984585411
4.06;8;0;7.942052283;7.967507712;7.959129975
4.07;8;0;8.001663113;7.985874294;7.979752099
4.08;8;0;7.921107949;7.963641064;7.954618886
4.09;8;0;8.024863016;7.997152021;7.999729788
4.1;8;0;7.867297149;7.973629906;7.991029826
4.11;8;0;8.09124056;8.022929691;8.033240761
4.12;8;0;7.932707887;8.004240879;8.021318586
4.13;8;0;7.82959739;8.056440675;8.061273992
4.14;8;0;8.14150709;8.004240879;8.014229726
4.15;8;0;8.105418296;8.038074076;8.032274098
4.16;8;0;7.75452015;8.009074192;8.033885203
4.17;8;0;8.109929394;8.027440784;7.990385384
4.18;8;0;8.057407338;7.959452196;7.978463216
4.19;8;0;7.798986489;8.029051889;7.967507712
4.2;8;0;8.058696223;7.92207461;7.982329865
4.21;8;0;8.020029703;8.047096265;7.967829933
4.22;8;0;7.818641908;7.900163621;7.985229852
4.23;8;0;8.070618404;8.056118454;7.964929947
4.24;8;0;7.954296666;7.928841241;7.993607592
4.25;8;0;8.002307554;8.058051781;7.977174333
4.26;8;0;8.010363076;7.960741078;8.021963028
4.27;8;0;7.966863271;8.062240655;8.017129714
4.28;8;0;7.945274489;8.001663113;8.05482957
4.29;8;0;7.965896609;8.048385149;8.006174205
4.3;8;0;7.955585548;8.033562982;8.036462971
4.31;8;0;7.976852113;7.986518735;7.9968298
4.32;8;0;7.957841092;8.026474121;8.019385261
4.33;8;0;7.978140996;7.947207812;7.965574388
4.34;8;0;7.959452196;8.012296401;8.025829679
4.35;8;0;7.990385384;7.950752239;7.944630047
4.36;8;0;8.003596438;8.000374229;8.022285249
4.37;8;0;8.033562982;7.964285506;7.922719051
4.38;8;0;7.98426319;7.939796739;8.01551861
4.39;8;0;8.028729668;8.001663113;7.944307827
4.4;8;0;7.986196514;7.98877428;7.941407842
4.41;8;0;8.017451935;8.041618507;8.049029591
4.42;8;0;7.943985606;8.00810753;8.018096377
4.43;8;0;8.055151791;8.050640696;8.059662886
4.44;8;0;7.868263809;8.005851984;8.011651959
4.45;8;0;8.080285039;8.035174087;8.046451822
4.46;8;0;8.061918434;7.998440904;7.999085346
4.47;8;0;7.92175239;8.036785192;8.031951877
4.48;8;0;7.949785577;7.971374361;7.97105214
4.49;8;0;7.943663386;8.020996365;8.026796342
4.5;0;0;7.969763257;7.93431899;7.951074459
4.51;0;0;7.797375389;7.548299794;7.596632639
4.52;0;0;7.007618437;7.201270863;7.226403825
4.53;0;0;6.761445317;6.702802093;6.733412562
4.54;0;0;6.271679;6.214647186;6.270067932
4.55;0;0;5.816392171;5.735516977;5.810592354
4.56;0;0;5.399772916;5.315998195;5.348863654
4.57;0;0;4.961567494;4.956734357;4.973167023
4.58;0;0;4.638392245;4.606815856;4.647091865
4.59;0;0;4.295885589;4.2362773;4.286863792
4.6;0;0;3.955957675;3.96369062;3.998488882
4.61;0;0;3.686915936;3.625696945;3.675960956
4.62;0;0;3.389198616;3.379210277;3.427540956
4.63;0;0;3.145290059;3.106303398;3.14625667
4.64;0;0;2.90589282;2.882049782;2.933280099
4.65;0;0;2.671973467;2.663596197;2.704515942
4.66;0;0;2.477363184;2.438054517;2.479940801
4.67;0;0;2.280497759;2.26245446;2.312717941
4.68;0;0;2.089110026;2.094587449;2.120363561
4.69;0;0;1.93413125;1.91512139;1.950563504
4.7;0;0;1.782696838;1.75530978;1.802673284
4.71;0;0;1.622563161;1.628684969;1.660582812
4.72;0;0;1.482728247;1.497871654;1.528158471
4.73;0;0;1.364158643;1.367380642;1.394123236
4.74;0;0;1.252033113;1.243978121;1.273620494
4.75;0;0;1.139263257;1.136685661;1.175994002
4.76;0;0;1.051625017;1.032293058;1.07546777
4.77;0;0;0.953676446;0.964953417;1.000073131
4.78;0;0;0.867649289;0.883759241;0.909212967
4.79;0;0;0.790321541;0.812875464;0.843806564
4.8;0;0;0.712993823;0.731359154;0.775178194
4.81;0;0;0.646943089;0.697206085;0.715893612
4.82;0;0;0.610856843;0.629544362;0.655642452
4.83;0;0;0.587980744;0.582503368;0.604090672
4.84;0;0;0.552216707;0.536428981;0.552861104
4.85;0;0;0.506786723;0.496476373;0.499376159
4.86;0;0;0.468122914;0.452335195;0.449435409
4.87;0;0;0.437191873;0.410449413;0.408194025
4.88;0;0;0.404649844;0.383384759;0.358575496
4.89;0;0;0.37404101;0.341821189;0.324422488
4.9;0;0;0.346331964;0.304446203;0.286080911
4.91;0;0;0.323455894;0.271904195;0.253538905
4.92;0;0;0.300257628;0.238073399;0.217130528
4.93;0;0;0.280925741;0.21197536;0.197798649
4.94;0;0;0.253861103;0.187488314;0.174278198
4.95;0;0;0.243872964;0.165256656;0.151402146
4.96;0;0;0.227118666;0.139158625;0.125948512
4.97;0;0;0.210042172;0.114349389;0.104039058
4.98;0;0;0.193287877;0.087284771;0.082774001
4.99;0;0;0.179111167;0.073430265;0.068597298
5;0;0;0.162679073;0.054742794;0.057964771
5.01;0;0;0.15526852;0.045399058;0.042177081
5.02;0;0;0.143347198;0.033477742;0.029933566
5.03;0;0;0.134647855;0.027033787;0.022845216
5.04;0;0;0.125626314;0.020589832;0.016079064
5.05;0;0;0.114671587;0.018334448;0.011568296
5.06;0;0;0.10371686;0.010279505;0.004479946
5.07;0;0;0.097917299;0.011568296;0.007701923
5.08;0;0;0.092439936;0.006090935;0.002224562
5.09;0;0;0.087929167;0.006090935;0.004479946
5.1;0;0;0.079874221;0.000613574;-3.08E-05
5.11;0;0;0.073108067;0.00254676;0.000935772
5.12;0;0;0.065697518;0.014790273;-0.000353019
5.13;0;0;0.059897958;-0.002608403;0.002224562
5.14;0;0;0.060542354;0.000935772;-0.000997415
5.15;0;0;0.054420596;0.000291376;0.001580167
5.16;0;0;0.048621036;-0.00164181;0.001257969
5.17;0;0;0.048943234;-0.000675217;0.001257969
5.18;0;0;0.041854883;0.000935772;-0.000997415
5.19;0;0;0.041532685;0.000613574;0.00254676
5.2;0;0;0.036377521;-0.001964008;0.000613574
5.21;0;0;0.032511148;-0.000675217;0.001902365
5.22;0;0;0.03508873;0.000291376;-0.002608403
5.23;0;0;0.032511148;-0.002930601;0.001580167
5.24;0;0;0.022523019;-0.000997415;-0.003574996
5.25;0;0;0.02800038;-0.000353019;-3.08E-05
5.26;0;0;0.022523019;-0.001964008;-3.08E-05
5.27;0;0;0.019301041;-0.00164181;0.001580167
5.28;0;0;0.021556425;-0.000997415;0.000291376
5.29;0;0;0.01801225;-0.001319612;0.002224562
5.3;0;0;0.016723459;-0.007119171;-0.000997415
5.31;0;0;0.019945437;0.001902365;0.00254676
5.32;0;0;0.008024121;-0.003574996;-0.002286205
5.33;0;0;0.021878623;-0.000675217;0.000613574
5.34;0;0;0.006090935;0.000613574;-3.08E-05
5.35;0;0;0.008990714;-0.00164181;0.003191156
5.36;0;0;0.009312912;-0.002286205;-0.008407961
5.37;0;0;0.022523019;0.000935772;0.007701923
5.38;0;0;-0.004541589;-0.000353019;-0.000675217
5.39;0;0;0.015434669;0.000613574;0.005124342
5.4;0;0;0.003513353;-0.00164181;0.000613574
5.41;0;0;0.003513353;0.000291376;0.002868958
5.42;0;0;0.004802144;-0.003252798;-0.000353019
5.43;0;0;0.00544654;0.000935772;0.003191156
5.44;0;0;0.007701923;0.017045657;-0.000675217
5.45;0;0;-0.001319612;-0.004863787;0.007701923
5.46;0;0;0.001257969;-0.002608403;-0.000675217
5.47;0;0;0.008346319;-0.000997415;-0.000675217
5.48;0;0;-0.002930601;-0.004219391;-0.002286205
5.49;0;0;0.007057528;-0.001319612;-0.000353019
5.5;9;0;-0.000353019;-0.00164181;0.000613574
5.51;9;0;0.504531334;0.501953746;0.559305074
5.52;9;0;0.90824637;1.005550519;1.06999038
5.53;9;0;1.462429641;1.480150646;1.513337262
5.54;9;0;1.977306195;2.008881908;1.980528206
5.55;9;0;2.46963033;2.500239544;2.458675456
5.56;9;0;2.941657386;2.906215023;2.890749268
5.57;9;0;3.320569079;3.318313648;3.327979778
5.58;9;0;3.729769248;3.713981184;3.682082856
5.59;9;0;4.077751631;4.087417824;4.082584727
5.6;9;0;4.460533522;4.435079128;4.386103603
5.61;9;0;4.77823066;4.797563175;4.768242196
5.62;9;0;5.083362625;5.077562853;5.062741216
5.63;9;0;5.432638404;5.399450705;5.348541443
5.64;9;0;5.707806768;5.721017448;5.671074644
5.65;9;0;5.94882143;5.97846499;5.955265681
5.66;9;0;6.216258254;6.208847343;6.193703309
5.67;9;0;6.491106844;6.459852036;6.420541881
5.68;9;0;6.747912262;6.706024247;6.646736632
5.69;9;0;6.983452195;6.961541474;6.892909403
5.7;9;0;7.204493037;7.183871125;7.116205513
5.71;9;0;7.40749028;7.399434824;7.334346768
5.72;9;0;7.608232526;7.588254943;7.526388914
5.73;9;0;7.797375389;7.781908834;7.724231499
5.74;9;0;7.981040982;7.94624115;7.883085942
5.75;9;0;8.146340412;8.114440492;8.058696223
5.76;9;0;8.304229111;8.220773612;8.173729243
5.77;9;0;8.4231292;8.34901801;8.321951334
5.78;9;0;8.487251554;8.431829214;8.421518086
5.79;9;0;8.474684857;8.54686284;8.540418374
5.8;9;0;8.525273882;8.662541104;8.638374319
5.81;9;0;8.51496274;8.713774714;8.662863327
5.82;9;0;8.556207316;8.745030458;8.700241304
5.83;9;0;8.58295186;8.71184137;8.693152376
5.84;9;0;8.58391853;8.763397242;8.765008363
5.85;9;0;8.591651894;8.851364538;8.856842359
5.86;9;0;8.606151954;8.93063187;8.925476268
5.87;9;0;8.705396888;8.948676479;8.923542918
5.88;9;0;8.75727498;8.908398341;8.88165367
5.89;9;0;8.771130626;8.919676217;8.906142766
5.9;9;0;8.731174817;8.910976141;8.93127632
5.91;9;0;8.70475244;8.986054613;8.997976953
5.92;9;0;8.741163767;9.004421462;8.997654727
5.93;9;0;8.819786521;9.006999266;8.971876697
5.94;9;0;8.872631374;8.934498571;8.968332219
5.95;9;0;8.835897752;8.929665195;8.968332219
5.96;9;0;8.86167573;9.083044523;9.017310482
5.97;9;0;8.805930865;8.998943629;9.006999266
5.98;9;0;8.796586355;9.005388138;9.002488109
5.99;9;0;8.903564966;8.997332502;8.951576506
6;9;0;8.925798493;8.912909491;8.948998704
6.01;9;0;8.914520616;9.075955555;9.053399751
6.02;9;0;8.875531398;8.974132275;9.011188197
6.03;9;0;8.844597819;8.995076924;9.008610393
6.04;9;0;8.898087141;9.012154874;8.958343236
6.05;9;0;8.970265571;8.905820541;8.959309911
6.06;9;0;8.951898731;9.080466716;9.02472167
6.07;9;0;8.919353992;8.960276587;9.01892161
6.08;9;0;8.866509102;9.03567734;9.006354815
6.09;9;0;8.922898468;9.001199207;8.967043318
6.1;9;0;9.006032589;8.947709803;8.961243263
6.11;9;0;8.999265855;9.045666335;9.03567734
6.12;9;0;8.911620591;9.002488109;9.023110542
6.13;9;0;8.981865683;9.022143865;9.017954933
6.14;9;0;8.908398341;8.957054335;8.952865407
6.15;9;0;8.955120983;8.93063187;8.957698785
6.16;9;0;9.017310482;8.994754699;9.082722297
6.17;9;0;8.953832082;9.035032889;8.991532444
6.18;9;0;8.976387852;9.020532737;9.005065913
6.19;9;0;8.932887446;8.969943346;9.008288168
6.2;9;0;8.991210219;8.952543181;8.985087937
6.21;9;0;9.024399444;9.064677652;9.016666031
6.22;9;0;8.952543181;9.025366121;8.996365826
6.23;9;0;8.988954641;9.025043895;8.982832359
6.24;9;0;8.949643154;8.987021289;8.959954362
6.25;0;0;8.985732387;8.945454227;8.960276587
6.26;0;0;8.764686139;8.708296905;8.759208326
6.27;0;0;7.893396993;7.895652535;7.897908078
6.28;0;0;7.562155206;7.549910888;7.651087682
6.29;0;0;7.080439427;7.047895525;7.139405145
6.3;0;0;6.525583811;6.497228921;6.607426389
6.31;0;0;6.052573932;6.01745273;6.095428262
6.32;0;0;5.610176681;5.602121398;5.632409266
6.33;0;0;5.235767858;5.254778253;5.273144232
6.34;0;0;4.878759779;4.860716083;4.901636611
6.35;0;0;4.483088054;4.475677279;4.52980817
6.36;0;0;4.16539181;4.17409139;4.226288887
6.37;0;0;3.855107224;3.841574582;3.896027364
6.38;0;0;3.564477986;3.58284367;3.620863868
6.39;0;0;3.290926286;3.283193384;3.336679295
6.4;0;0;3.070216583;3.062483695;3.107592213
6.41;0;0;2.810520692;2.826630844;2.855629123
6.42;0;0;2.610110565;2.600766692;2.658440954
6.43;0;0;2.40937853;2.411633944;2.451264805
6.44;0;0;2.209291183;2.217346223;2.251821803
6.45;0;0;2.037880018;2.037880018;2.085565811
6.46;0;0;1.88129029;1.880001486;1.928653833
6.47;0;0;1.73533334;1.732755735;1.773030817
6.48;0;0;1.580999315;1.593887328;1.626429566
6.49;0;0;1.451797038;1.456630039;1.492716452
6.5;2;0;1.336449453;1.340315852;1.380913038
6.51;2;0;1.549101486;1.573266507;1.572299906
6.52;2;0;2.329150236;2.33656088;2.37941374
6.53;2;0;2.381991356;2.437410113;2.536326204
6.54;2;0;2.615910211;2.85434031;2.896871129
6.55;2;0;2.482196217;2.774433959;2.853051498
6.56;2;0;2.637497784;2.679384129;2.798921384
6.57;2;0;2.560491383;2.643941836;2.760579234
6.58;2;0;2.276953539;2.457386647;2.654574523
6.59;2;0;2.259876846;2.398745862;2.568546444
6.6;2;0;2.390368609;2.295641244;2.442243145
6.61;2;0;2.233778508;2.227978878;2.337527486
6.62;2;0;2.461575275;2.163860761;2.266320881
6.63;2;0;2.360726025;2.134540425;2.198980731
6.64;2;0;2.144206469;2.101675879;2.136473634
6.65;2;0;2.222823651;2.06365612;2.11101972
6.66;2;0;2.149361693;2.05366788;2.09942047
6.67;2;0;2.299829867;2.076866374;2.081699395
6.68;2;0;2.090398831;2.042068634;2.059467503
6.69;2;0;2.307884913;2.015003731;2.059789705
6.7;2;0;2.302407482;2.044646244;2.037557817
6.71;2;0;1.953141112;2.021769956;2.011781719
6.72;2;0;1.955074319;2.013070523;2.021125554
6.73;2;0;2.420333401;1.999538074;2.055923289
6.74;2;0;2.373291902;2.007593103;1.975695189
6.75;2;0;1.846492594;2.028858383;2.0066265
6.76;2;0;1.969573368;2.007593103;1.989227637
6.77;2;0;2.241189147;1.999215873;2.028536182
6.78;2;0;2.339460697;2.024025365;2.001793482
6.79;2;0;2.210579989;2.013070523;1.990838642
6.8;2;0;2.058178698;1.99567166;2.003726689
6.81;2;0;2.09490965;1.983750217;2.015325932
6.82;2;0;2.015003731;2.007270902;2.002760085
6.83;2;0;2.103286886;2.002760085;1.992771849
6.84;2;0;2.063333919;1.984072418;2.019836749
6.85;2;0;2.107475505;2.006948701;2.011459517
6.86;2;0;2.067522536;2.020803352;1.992771849
6.87;2;0;2.065267127;1.999860275;1.992127447
6.88;2;0;2.089110026;1.983428016;2.015003731
6.89;2;0;2.045290647;2.003404488;2.003082287
6.9;2;0;2.045612848;2.008881908;1.993416252
6.91;2;0;2.065911529;2.020803352;2.006948701
6.92;2;0;2.043679641;1.976339591;2.016614737
6.93;2;0;2.031435993;2.017259139;1.998249269
6.94;2;0;2.014359328;2.009204109;1.98729443
6.95;2;0;2.062045114;1.985683424;1.996638263
6.96;2;0;2.033046999;1.979239401;2.006948701
6.97;2;0;2.03594681;2.011137316;1.993416252
6.98;2;0;2.059789705;2.002437884;1.982461413
6.99;2;0;2.023703163;1.982461413;2.02015895
7;0;0;2.017259139;2.002115683;2.0066265
7.01;0;0;1.981494809;1.892567322;1.777863828
7.02;0;0;1.849070201;1.658649609;1.745965961
7.03;0;0;1.657360808;1.565855901;1.657683008
7.04;0;0;1.534602476;1.539435479;1.511404061
7.05;0;0;1.398311835;1.37382464;1.415710634
7.06;0;0;1.285864084;1.272009496;1.288119483
7.07;0;0;1.181149195;1.167616814;1.19274838
7.08;0;0;1.07546777;1.058713403;1.087066947
7.09;0;0;0.983640971;0.977196986;1.001684128
7.1;0;0;0.892780814;0.886014634;0.914690352
7.11;0;0;0.801920701;0.808042481;0.82318583
7.12;0;0;0.722981985;0.736192136;0.749402287
7.13;0;0;0.657897843;0.669174797;0.678518559
7.14;0;0;0.590236134;0.602479679;0.607312658
7.15;0;0;0.531918202;0.537717774;0.545450538
7.16;0;0;0.480366453;0.485199429;0.489388008
7.17;0;0;0.432358898;0.434936484;0.440413856
7.18;0;0;0.380162777;0.376296398;0.391761914
7.19;0;0;0.337954811;0.333766235;0.346009766
7.2;0;0;0.298646637;0.286403109;0.312501157
7.21;0;0;0.259016272;0.262238253;0.282214534
7.22;0;0;0.225829874;0.22808526;0.244839558
7.23;0;0;0.190388096;0.196187659;0.214552944
7.24;0;0;0.172022813;0.163323468;0.190710294
7.25;0;0;0.159779291;0.136581042;0.166545448
7.26;0;0;0.152368739;0.108872026;0.142702802
7.27;0;0;0.141414011;0.090184551;0.126915106
7.28;0;0;0.129492689;0.069563892;0.103394662
7.29;0;0;0.124015325;0.054098398;0.089217958
7.3;0;0;0.111127411;0.039921697;0.069886089
7.31;0;0;0.105972245;0.031866753;0.055709387
7.32;0;0;0.093728727;0.026389391;0.042821476
7.33;0;0;0.092762134;0.020267634;0.032511148
7.34;0;0;0.082451804;0.013501482;0.024456205
7.35;0;0;0.078263232;0.004157749;0.018978844
7.36;0;0;0.070530485;0.01382368;0.01382368
7.37;0;0;0.067630705;0.014468075;0.013179285
7.38;0;0;0.063119936;0.000291376;0.007379726
7.39;0;0;0.059253562;0.005124342;0.006090935
7.4;0;0;0.050554223;0.009957307;0.004479946
7.41;0;0;0.051198618;-3.08E-05;0.000291376
7.42;0;0;0.041532685;-0.002286205;0.004157749
7.43;0;0;0.047010047;0.004802144;0.00544654
7.44;0;0;0.034122137;-3.08E-05;-0.000675217
7.45;0;0;0.042177081;0.001257969;0.000291376
7.46;0;0;0.029289171;-3.08E-05;0.000613574
7.47;0;0;0.032188951;0.000291376;0.001580167
7.48;0;0;0.023489612;-0.000353019;-0.000997415
7.49;0;0;0.034766533;0.000613574;0.000291376
7.5;2;0;0.016079064;-3.08E-05;-0.000353019
7.51;2;0;0.385640147;0.584758758;0.583792162
7.52;2;0;1.077400966;1.078045365;0.919201139
7.53;2;0;1.619985558;1.579388313;1.384457238
7.54;2;0;1.864535843;1.80492869;1.770453212
7.55;2;0;2.101353678;1.963129346;2.047223854
7.56;2;0;1.848748;2.016614737;2.157094529
7.57;2;0;1.902555552;2.042068634;2.155805723
7.58;2;0;2.054956685;1.977950597;2.160960947
7.59;2;0;1.887734308;2.002115683;2.121007964
7.6;2;0;2.031435993;1.992771849;2.079443985
7.61;2;0;1.816527918;1.978594999;2.130351806
7.62;2;0;1.791074057;1.9789172;2.063333919
7.63;2;0;2.092009838;1.954107715;2.081054992
7.64;2;0;2.041746433;1.97601739;2.012426121
7.65;2;0;1.765942402;1.996960464;2.030469389
7.66;2;0;2.068166939;1.97311758;2.044001842
7.67;2;0;2.05366788;1.971184373;2.014037127
7.68;2;0;1.627396167;1.985361223;1.995349459
7.69;2;0;1.741132951;2.000182476;1.993416252
7.7;2;0;2.006304298;1.986972229;2.014037127
7.71;2;0;2.229912088;1.979883804;1.993738453
7.72;2;0;2.082021596;2.014681529;1.983105815
7.73;2;0;1.957329726;2.003082287;1.994060654
7.74;2;0;2.014681529;1.99309405;2.000826878
7.75;2;0;1.944441683;1.984716821;1.997282665
7.76;2;0;1.966029156;2.011137316;1.987938832
7.77;2;0;1.984716821;2.005337695;2.020803352
7.78;2;0;1.973439781;1.986972229;2.007915304
7.79;2;0;1.954107715;2.015003731;1.988905435
7.8;2;0;1.979883804;2.020803352;1.990838642
7.81;2;0;1.999215873;2.000826878;2.020481151
7.82;2;0;1.982461413;1.988905435;2.00404889
7.83;2;0;1.978594999;2.000182476;2.018870145
7.84;2;0;1.989549838;1.995027257;2.019836749
7.85;2;0;2.001471281;1.987938832;2.019514548
7.86;2;0;1.977628396;1.979883804;1.996638263
7.87;2;0;1.971828775;2.017259139;1.983105815
7.88;2;0;2.003082287;2.003404488;1.993416252
7.89;2;0;2.007270902;1.992449648;2.001793482
7.9;2;0;1.980206005;1.985361223;1.989227637
7.91;2;0;2.006948701;2.011137316;1.983428016
7.92;2;0;1.992771849;2.00404889;2.010492914
7.93;2;0;2.004371091;1.984394619;2.003082287
7.94;2;0;1.980206005;2.005982097;1.981172608
7.95;2;0;1.995349459;2.022092157;1.989549838
7.96;2;0;1.991160843;1.99567166;2.018225743
7.97;2;0;1.989549838;1.987616631;2.002115683
7.98;2;0;1.979239401;1.998893671;1.999215873
7.99;2;0;2.006304298;2.010170713;2.00114908
8;0;0;2.007915304;1.992771849;2.015970334
8.01;0;0;1.793007262;1.773675218;1.761753793
8.02;0;0;1.752409974;1.766909004;1.680881443
8.03;0;0;1.643828389;1.671215428;1.599686934
8.04;0;0;1.483372648;1.512370662;1.455019039
8.05;0;0;1.421188035;1.385101637;1.416355034
8.06;0;0;1.293274679;1.273942694;1.269431898
8.07;0;0;1.178893798;1.184693391;1.17051661
8.08;0;0;1.076756567;1.074178972;1.082878355
8.09;0;0;0.992984748;0.993951346;0.984607568
8.1;0;0;0.903091184;0.893425212;0.902124587
8.11;0;0;0.816741852;0.817386249;0.827052218
8.12;0;0;0.740702919;0.742636112;0.744891503
8.13;0;0;0.667886002;0.674974373;0.673685579
8.14;0;0;0.597324502;0.612467836;0.605379467
8.15;0;0;0.536428981;0.549639119;0.543839546
8.16;0;0;0.481977445;0.490032405;0.481655246
8.17;0;0;0.430425708;0.445246831;0.428492518
8.18;0;0;0.374685407;0.394661698;0.385640147
8.19;0;0;0.336988217;0.349553946;0.33634382
8.2;0;0;0.291236081;0.304124005;0.305734996
8.21;0;0;0.257083084;0.266749026;0.281247939
8.22;0;0;0.217774924;0.230985043;0.247094944
8.23;0;0;0.185232928;0.211008766;0.21358635
8.24;0;0;0.16300127;0.183299741;0.171056219
8.25;0;0;0.146891375;0.160745885;0.173311604
8.26;0;0;0.130459282;0.136581042;0.152046541
8.27;0;0;0.132070272;0.115315983;0.129170491
8.28;0;0;0.123370929;0.089217958;0.106294443
8.29;0;0;0.114349389;0.073752463;0.089862353
8.3;0;0;0.100494882;0.055064991;0.069886089
8.31;0;0;0.096950706;0.03798851;0.057320376
8.32;0;0;0.088573562;0.033155544;0.042821476
8.33;0;0;0.086640375;0.031866753;0.035733126
8.34;0;0;0.074719056;0.019301041;0.026067194
8.35;0;0;0.073108067;0.016079064;0.020267634
8.36;0;0;0.06537532;0.01382368;0.014790273
8.37;0;0;0.062153342;0.008990714;0.00963511
8.38;0;0;0.05667598;0.005124342;0.00544654
8.39;0;0;0.056353782;0.003835551;0.003835551
8.4;0;0;0.048298838;0.006090935;0.003191156
8.41;0;0;0.044432465;0.001257969;0.003513353
8.42;0;0;0.041210488;0.007701923;0.004157749
8.43;0;0;0.040243894;0.000291376;0.00254676
8.44;0;0;0.026389391;0.001257969;0.002868958
8.45;0;0;0.04378807;0.001257969;-0.001964008
8.46;0;0;0.027355984;-0.000353019;0.000291376
8.47;0;0;0.024456205;-0.001964008;0.002868958
8.48;0;0;0.029289171;0.000613574;0.002224562
8.49;0;0;0.02800038;0.000935772;0.001257969
8.5;2;0;0.017690053;-0.001319612;0.001902365
8.51;2;0;0.386606741;0.472633692;0.571870816
8.52;2;0;1.083200555;0.887947828;1.013927699
8.53;2;0;1.598075932;1.543301882;1.402822635
8.54;2;0;1.850681205;1.954429916;1.729533729
8.55;2;0;2.132607216;2.071711153;1.985683424
8.56;2;0;2.105542296;2.013070523;2.18254845
8.57;2;0;2.125840986;2.02015895;2.177715427
8.58;2;0;1.995027257;1.984716821;2.143884267
8.59;2;0;1.863247039;2.023380962;2.115852741
8.6;2;0;1.841981782;1.957329726;2.134540425
8.61;2;0;1.826516142;1.96731796;2.056889893
8.62;2;0;1.963129346;2.026602974;2.083954804
8.63;2;0;1.848425799;1.947663694;2.044001842
8.64;2;0;2.050123666;1.958940732;2.0066265
8.65;2;0;1.75079897;1.961196139;2.031113792
8.66;2;0;1.813950311;1.989549838;2.047223854
8.67;2;0;2.25504382;1.983105815;2.019836749
8.68;2;0;2.19479211;1.971184373;1.984072418
8.69;2;0;1.723089716;1.995349459;1.988261033
8.7;2;0;1.806539693;2.00114908;2.022092157
8.71;2;0;2.165149567;2.003404488;2.001471281
8.72;2;0;2.160960947;1.985361223;1.988905435
8.73;2;0;1.876457276;2.02273656;1.981172608
8.74;2;0;1.863247039;2.007270902;2.014037127
8.75;2;0;2.112630727;1.996638263;2.001793482
8.76;2;0;2.005015494;1.984072418;1.982461413
8.77;2;0;1.850359004;2.002760085;2.001471281
8.78;2;0;2.112308526;1.99567166;2.018870145
8.79;2;0;1.950241302;1.982139211;2.004693292
8.8;2;0;1.902877753;1.995027257;1.986972229
8.81;2;0;2.104897893;2.01210392;2.001793482
8.82;2;0;1.959907335;1.999538074;2.010492914
8.83;2;0;2.074933166;1.989227637;2.000826878
8.84;2;0;1.944763884;2.000182476;1.982461413
8.85;2;0;1.996638263;2.007270902;2.023058761
8.86;2;0;2.017259139;2.00404889;2.018870145
8.87;2;0;1.88129029;1.983105815;1.995993861
8.88;2;0;2.072033355;2.023703163;1.99019424
8.89;2;0;1.893856126;2.002760085;2.014359328
8.9;2;0;1.885801103;1.999538074;2.002437884
8.91;2;0;2.157094529;1.976339591;1.993416252
8.92;2;0;1.955074319;2.007915304;1.996316062
8.93;2;0;1.927365028;2.003082287;2.008237506
8.94;2;0;2.098131664;1.983105815;2.000182476
8.95;2;0;1.980528206;2.002115683;1.984716821
8.96;2;0;2.021125554;2.016292535;1.999538074
8.97;2;0;2.057212094;2.000826878;2.004693292
8.98;2;0;1.945408287;1.984716821;1.996316062
8.99;2;0;2.005982097;2.002437884;1.983750217
9;0;0;2.033046999;2.011137316;2.01758134
9.01;0;0;1.899011341;1.810728304;1.857769624
9.02;0;0;1.631262572;1.674437433;1.652850001
9.03;0;0;1.550390287;1.601297936;1.544590683
9.04;0;0;1.522358867;1.478539646;1.500771455
9.05;0;0;1.380913038;1.352237247;1.382524038
9.06;0;0;1.271687296;1.259765906;1.272009496
9.07;0;0;1.162461622;1.155373232;1.167616814
9.08;0;0;1.044214433;1.062579795;1.07546777
9.09;0;0;0.966564413;0.965597816;0.97977458
9.1;0;0;0.876348663;0.88730343;0.900191393
9.11;0;0;0.801276303;0.807720282;0.818030647
9.12;0;0;0.725881774;0.733292346;0.740702919
9.13;0;0;0.660797631;0.660153234;0.672718983
9.14;0;0;0.591847126;0.601190885;0.605379467
9.15;0;0;0.528696217;0.539328767;0.543839546
9.16;0;0;0.472633692;0.48487723;0.490032405
9.17;0;0;0.42430394;0.433647691;0.431714501
9.18;0;0;0.366630451;0.389184328;0.383706957
9.19;0;0;0.325066885;0.341821189;0.33634382
9.2;0;0;0.280603543;0.301868618;0.306379392
9.21;0;0;0.249028132;0.262560451;0.280925741
9.22;0;0;0.207464588;0.235818013;0.250316925
9.23;0;0;0.172667208;0.200376233;0.210686568
9.24;0;0;0.154946323;0.177500177;0.187810512
9.25;0;0;0.151079948;0.162034677;0.171700615
9.26;0;0;0.134970053;0.133681261;0.148824562
9.27;0;0;0.127559502;0.114993785;0.126592908
9.28;0;0;0.118215763;0.095984112;0.105650047
9.29;0;0;0.113382796;0.077618837;0.087929167
9.3;0;0;0.09920609;0.059897958;0.070852683
9.31;0;0;0.096950706;0.048621036;0.055709387
9.32;0;0;0.089217958;0.040566092;0.042499279
9.33;0;0;0.081163012;0.031866753;0.034122137
9.34;0;0;0.075363452;0.022200821;0.0251006
9.35;0;0;0.072463672;0.015756866;0.021234228
9.36;0;0;0.063442134;0.011246098;0.012534889
9.37;0;0;0.063442134;0.012857087;0.010601703
9.38;0;0;0.056353782;0.007057528;0.007057528
9.39;0;0;0.053454002;0.006090935;0.003513353
9.4;0;0;0.04797664;0.004802144;0.004802144
9.41;0;0;0.045721256;0.00544654;0.00254676
9.42;0;0;0.041854883;0.004157749;0.000291376
9.43;0;0;0.039599499;0.002868958;0.001580167
9.44;0;0;0.036055324;-0.000675217;-0.001319612
9.45;0;0;0.032511148;0.000935772;0.000935772
9.46;0;0;0.024778403;-3.08E-05;-3.08E-05
9.47;0;0;0.032188951;0.00254676;-3.08E-05
9.48;0;0;0.025422798;-0.000353019;-0.00164181
9.49;0;0;0.020589832;-0.001319612;0.004802144
9.5;0;0;0.022523019;0.008024121;-0.001964008
9.51;0;0;0.0251006;-0.003574996;-3.08E-05
9.52;0;0;0.014145878;-0.000353019;-0.001964008
9.53;0;0;0.021234228;-0.002608403;-0.001964008
9.54;0;0;0.01382368;-0.001964008;0.000291376
9.55;0;0;0.016401262;-0.003252798;-0.00164181
9.56;0;0;0.012857087;-0.002286205;-0.001964008
9.57;0;0;0.012212691;-0.00164181;-0.001964008
9.58;0;0;0.007701923;-0.000675217;-0.00164181
9.59;0;0;0.01801225;-0.00164181;-0.001964008
9.6;0;0;0.006090935;-3.08E-05;-0.002608403
9.61;0;0;0.006413133;0.000291376;-0.00164181
9.62;0;0;0.00963511;-0.003574996;-0.002608403
9.63;0;0;0.012857087;-0.001319612;-0.000675217
9.64;0;0;-0.000997415;-0.001964008;-0.002608403
9.65;0;0;0.008668517;0.001580167;-0.002930601
9.66;0;0;0.003513353;-0.002286205;-0.001964008
9.67;0;0;0.003835551;0.001902365;-0.00164181
9.68;0;0;0.003191156;-0.000353019;-0.000997415
9.69;0;0;0.002224562;0.003835551;-0.000997415
9.7;0;0;0.002224562;-0.001964008;0.003191156
9.71;0;0;0.004157749;0.000291376;0.000291376
9.72;0;0;0.001580167;-0.001319612;0.000291376
9.73;0;0;0.007057528;-0.001964008;-0.001319612
9.74;0;0;-0.000675217;-0.000675217;-0.001964008
9.75;0;0;0.00544654;-0.000675217;0.001580167
9.76;0;0;-0.00164181;-0.002286205;-0.000675217
9.77;0;0;0.004802144;-0.000997415;0.000613574
9.78;0;0;-0.002286205;-0.001319612;-3.08E-05
9.79;0;0;0.008990714;0.000613574;0.010279505
9.8;0;0;-0.002608403;-0.000997415;-0.003897194
9.81;0;0;0.002224562;-0.000997415;-0.000675217
9.82;0;0;0.00544654;-3.08E-05;-3.08E-05
9.83;0;0;0.009312912;0.001902365;0.001257969
9.84;0;0;-0.006474775;-0.000675217;0.002868958
9.85;0;0;0.007379726;0.000291376;0.001580167
9.86;0;0;-0.00583038;-0.004541589;0.001580167
9.87;0;0;0.002224562;-0.000353019;-0.000675217
9.88;0;0;-0.004863787;-0.002286205;0.001257969
9.89;0;0;0.001902365;0.001902365;0.009312912
9.9;0;0;-0.002930601;-0.001964008;-0.000353019
9.91;0;0;0.006413133;-0.000675217;-0.00164181
9.92;0;0;-0.005185985;-3.08E-05;0.000935772
9.93;0;0;0.000935772;0.000613574;0.000291376
9.94;0;0;-0.000997415;-3.08E-05;0.001257969
9.95;0;0;0.001257969;0.001257969;-0.001964008
9.96;0;0;-0.002930601;0.000291376;0.000613574
9.97;0;0;-0.000675217;-0.001964008;0.000935772
9.98;0;0;0.00254676;-0.001319612;0.001902365
9.99;0;0;0.002224562;0.000291376;0.000935772
10;5;0;-0.003252798;-0.001964008;-0.001319612
10.01;5;0;0.576381596;0.467156319;0.572837412
10.02;5;0;1.103499117;0.998462135;1.051625017
10.03;5;0;1.590665325;1.49013885;1.57584411
10.04;5;0;2.019836749;2.005659896;2.022092157
10.05;5;0;2.454164625;2.507650196;2.451264805
10.06;5;0;2.917169934;2.926191627;2.882371985
10.07;5;0;3.309291928;3.298659187;3.269660808
10.08;5;0;3.721069702;3.721069702;3.688849167
10.09;5;0;4.057452629;4.065507788;4.025231999
10.1;5;0;4.447645221;4.449256258;4.385781396
10.11;5;0;4.725388472;4.729899389;4.540763235
10.12;5;0;4.830428459;4.849760984;4.673835144
10.13;5;0;4.684468015;4.937401811;4.737954599
10.14;5;0;4.826884163;4.852338654;4.741498892
10.15;5;0;4.783385997;4.878115361;4.809162686
10.16;5;0;4.637747829;4.946745874;4.797563175
10.17;5;0;4.589416625;4.809162686;4.83010625
10.18;5;0;4.626470546;4.933857511;4.891003716
10.19;5;0;4.733443682;4.864582589;4.859427248
10.2;5;0;4.847183314;4.966078422;4.898736731
10.21;5;0;4.882626285;4.899381149;4.953190056
10.22;5;0;4.780808329;5.000232598;4.912913925
10.23;5;0;4.927735539;4.864904798;4.951579011
10.24;5;0;4.735376932;5.039219928;4.983799927
10.25;5;0;4.906791954;4.906469746;4.93772402
10.26;5;0;4.770175447;5.021498412;4.984766555
10.27;5;0;5.006998993;4.928379957;5.006354575
10.28;5;0;4.688012306;5.02762039;4.955123311
10.29;5;0;4.826239746;4.911947298;5.012154342
10.3;5;0;5.047919582;5.063707845;5.011832133
10.31;5;0;4.744720977;4.960923075;4.949967965
10.32;5;0;4.841705765;5.005065737;5.010865505
10.33;5;0;5.180025536;5.072407501;5.012154342
10.34;5;0;5.083040415;4.972522605;4.957056566
10.35;5;0;4.736665766;4.980577835;5.019565156
10.36;5;0;4.939012856;5.039864346;5.019887366
10.37;5;0;5.02246504;4.976066906;4.956089938
10.38;5;0;4.810451521;4.991855158;5.002810272
10.39;5;0;5.104306247;4.989599693;5.019242947
10.4;5;0;5.060163541;5.001199226;4.963178539
10.41;5;0;4.716688846;4.960600866;5.014409807
10.42;5;0;4.762442443;5.014732016;5.024398296
10.43;5;0;5.238989959;5.016987482;4.95898982
10.44;5;0;5.178414486;4.96672284;5.024398296
10.45;5;0;4.746976436;5.029231437;5.027942599
10.46;5;0;4.75019852;5.021176203;4.95931203
10.47;5;0;4.981222253;4.968656095;5.016987482
10.48;5;0;5.130405229;5.035675624;5.024398296
10.49;5;0;4.908402999;4.998943761;4.956412147
10.5;5;0;5.039864346;4.980577835;5.008932249
10.51;5;0;5.113328117;5.016020854;5.020853994
10.52;5;0;4.876504316;4.991210739;4.965434003
10.53;5;0;5.127183133;4.955123311;5.02246504
10.54;5;0;5.0176319;5.045019697;5.022142831
10.55;5;0;4.780163912;4.994110622;4.95898982
10.56;5;0;4.900992193;4.993466204;5.010865505
10.57;5;0;4.974133651;5.010865505;5.021498412
10.58;5;0;5.047919582;5.001199226;4.966078422
10.59;5;0;5.037286671;4.963500748;5.025364924
10.6;5;0;4.949323547;5.018276319;5.016020854
10.61;5;0;5.12976081;5.014732016;4.958023193
10.62;5;0;4.966078422;4.967367258;5.005065737
10.63;5;0;4.860071666;5.034064577;5.020531784
10.64;5;0;5.127183133;5.01795411;4.964789585
10.65;5;0;4.938046229;4.962534121;5.020853994
10.66;5;0;5.038253299;5.033742368;5.023753878
10.67;5;0;5.069185406;4.998943761;4.95898982
10.68;5;0;4.995721669;4.973167023;5.015698644
10.69;5;0;4.928702166;5.024076087;5.021820622
10.7;5;0;5.051786095;4.994755041;4.964467376
10.71;5;0;4.938046229;4.977355743;5.025042715
10.72;5;0;5.065641102;5.025364924;5.020853994
10.73;5;0;4.865549216;4.993466204;4.958023193
10.74;5;0;5.208380008;4.967689467;5.00861004
10.75;5;0;5.101406361;5.036642252;5.021176203
10.76;5;0;4.73988785;5.009254458;4.967367258
10.77;5;0;5.034386787;4.969622722;5.0176319
10.78;5;0;5.007321202;5.035031205;5.02278725
10.79;5;0;4.80336293;4.993143995;4.956089938
10.8;5;0;5.166814932;4.988310856;5.010221086
10.81;5;0;5.072729711;5.011187714;5.0176319
10.82;5;0;4.827850789;4.989277484;4.964467376
10.83;5;0;4.984766555;4.961889703;5.018598528
10.84;5;0;4.84041693;5.035675624;5.017309691
10.85;5;0;5.194202771;5.010543295;4.954156684
10.86;5;0;5.158437477;4.95931203;5.025042715
10.87;5;0;4.75019852;5.040508765;5.025042715
10.88;5;0;4.977355743;5.008932249;4.968978304
10.89;5;0;5.088840187;4.960600866;5.028587018
10.9;5;0;4.99088853;5.034708996;5.011509923
10.91;5;0;5.036964462;5.003454691;4.964145167
10.92;5;0;5.026009343;4.961889703;5.023431668
10.93;5;0;4.945779247;5.035997834;5.019887366
10.94;5;0;4.981866672;4.996043878;4.961889703
10.95;5;0;5.024398296;4.983155508;5.024720506
10.96;5;0;4.98669981;5.020853994;5.009576667
10.97;5;0;5.020853994;4.987666438;4.95898982
10.98;5;0;4.99926597;4.960923075;5.013765388
10.99;5;0;4.997332715;5.044375278;5.017309691
11;5;1;4.997010506;5.015698644;4.965756213
11.01;5;1;5.005387947;4.896481268;4.950290174
11.02;5;1;4.887781627;4.888103836;4.883592912
11.03;5;1;4.917102642;4.87553769;4.818184529
11.04;5;1;4.922580195;4.846216688;4.874893272
11.05;5;1;4.884559538;4.923869031;4.880693032
11.06;5;1;4.949001338;4.929346585;4.864582589
11.07;5;1;4.974133651;4.920324732;4.935790766
11.08;5;1;4.928379957;4.98669981;4.922902404
11.09;5;1;4.974778069;4.961889703;4.917102642
11.1;5;1;4.949323547;4.948034711;4.989921902
11.11;5;1;4.929668794;5.009254458;4.967367258
11.12;5;1;4.984444345;4.985410973;4.952545638
11.13;5;1;4.971878187;4.96672284;5.012154342
11.14;5;1;4.954801102;5.024076087;4.975422488
11.15;5;1;4.991210739;4.978000161;4.961567494
11.16;5;1;4.952545638;4.964145167;5.016343063
11.17;5;1;4.94835692;5.018920738;4.989921902
11.18;5;1;5.005710156;4.990244111;4.973811442
11.19;5;1;4.980577835;4.976066906;5.023431668
11.2;5;1;4.959634239;5.026653762;4.988955274
11.21;5;1;5.004743528;4.985088764;4.973489233
11.22;5;1;4.963500748;4.97445586;5.02278725
11.23;5;1;4.963500748;5.026653762;4.991532948
11.24;5;1;5.015376435;4.993788413;4.981544462
11.25;5;1;4.981544462;4.975744697;5.023109459
11.26;5;1;4.970911559;5.027298181;4.990244111
11.27;5;1;5.014409807;4.984122136;4.979933416
11.28;5;1;4.96672284;4.974133651;5.02278725
11.29;5;1;4.968011677;5.031164693;4.990566321
11.3;5;1;5.020853994;4.996043878;4.983477718
11.31;5;1;4.990244111;4.981544462;5.035353415
11.32;5;1;4.974133651;5.031809112;4.98669981
11.33;5;1;5.016343063;4.987344228;4.980900044
11.34;5;1;4.971555977;4.978966789;5.023109459
11.35;5;1;4.973167023;5.027942599;4.988633065
11.36;5;1;5.02246504;4.991532948;4.986377601
11.37;5;1;4.995399459;4.979933416;5.021176203
11.38;5;1;4.981222253;5.030198065;4.983799927
11.39;5;1;5.022142831;4.985410973;4.987344228
11.4;5;1;4.973489233;4.97832237;5.025042715
11.41;5;1;4.973167023;5.03245353;4.982188881
11.42;5;1;5.026975971;4.992821785;4.988310856
11.43;5;1;4.993788413;4.983155508;5.028909227
11.44;5;1;4.982833299;5.030842484;4.981222253
11.45;5;1;5.024076087;4.985088764;4.989599693
11.46;5;1;4.97864458;4.979611207;5.028264809
11.47;5;1;4.97832237;5.030842484;4.986055391
11.48;5;1;5.025687134;4.99088853;4.993143995
11.49;5;1;4.993466204;4.983155508;5.026975971
11.5;5;1;4.983799927;5.029553646;4.979288998
11.51;5;1;5.026009343;4.982188881;4.989277484
11.52;5;1;4.977033534;4.979288998;5.027298181
11.53;5;1;4.980900044;5.030842484;4.981222253
11.54;5;1;5.028587018;4.99088853;4.993788413
11.55;5;1;4.992821785;4.984444345;5.026975971
11.56;5;1;4.983155508;5.031164693;4.981866672
11.57;5;1;5.030198065;4.987022019;4.991855158
11.58;5;1;4.979933416;4.978000161;5.02762039
11.59;5;1;4.976389115;5.027942599;4.979933416
11.6;5;1;5.025042715;4.990566321;4.993466204
11.61;5;1;4.993143995;4.982188881;5.025687134
11.62;5;1;4.985733182;5.030198065;4.979611207
11.63;5;1;5.026331553;4.984122136;4.990566321
11.64;5;1;4.979933416;4.992177367;5.025687134
11.65;5;1;4.976066906;5.024398296;4.983155508
11.66;5;1;5.029231437;4.983477718;4.998299343
11.67;5;1;5.003454691;4.981866672;5.026653762
11.68;5;1;4.984122136;5.028264809;4.979611207
11.69;5;1;5.029231437;4.988633065;4.991532948
11.7;5;1;4.983799927;4.980577835;5.02278725
11.71;5;1;4.976711324;5.030520274;4.980577835
11.72;5;1;5.026975971;4.997332715;4.994755041
11.73;5;1;4.997977133;4.987022019;5.024398296
11.74;5;1;4.981866672;5.030842484;4.976711324
11.75;5;1;5.025687134;4.987988647;4.990566321
11.76;5;1;4.982188881;4.976711324;5.026009343
11.77;5;1;4.977677952;5.026009343;4.983799927
11.78;5;1;5.030198065;4.994755041;4.997977133
11.79;5;1;4.998621552;4.979611207;5.025042715
11.8;5;1;4.980900044;5.028587018;4.97832237
11.81;5;1;5.027942599;4.987988647;4.994755041
11.82;5;1;4.984122136;4.971878187;5.024720506
11.83;5;1;4.977677952;5.027942599;4.976389115
11.84;5;1;5.029231437;4.995721669;4.999910389
11.85;5;1;4.99926597;4.981866672;5.025687134
11.86;5;1;4.983799927;5.031164693;4.980255626
11.87;5;1;5.035353415;4.985410973;4.996688296
11.88;5;1;4.978966789;4.975744697;5.025042715
11.89;5;1;4.973167023;5.029875855;4.980900044
11.9;5;1;5.025364924;4.997010506;5.001521435
11.91;5;1;4.99958818;4.981866672;5.021498412
11.92;5;1;4.983155508;5.030520274;4.97832237
11.93;5;1;5.029231437;4.986377601;4.99507725
11.94;5;1;4.985088764;4.975744697;5.019565156
11.95;5;1;4.973167023;5.03277574;4.980255626
11.96;5;1;5.02762039;4.997977133;5.001521435
11.97;5;1;5.005387947;4.980577835;5.019887366
11.98;5;1;4.979611207;5.031486902;4.980900044
11.99;5;1;5.031486902;4.986055391;4.99958818
12;5;2;4.987988647;4.977355743;5.020531784
12.01;5;2;4.892614761;4.950612383;4.935790766
12.02;5;2;4.919358105;4.863293754;4.898092313
12.03;5;2;4.906469746;4.854271907;4.900347775
12.04;5;2;4.922257986;4.924513449;4.850083193
12.05;5;2;4.966400631;4.897125686;4.881015241
12.06;5;2;4.931279839;4.950612383;4.916780433
12.07;5;2;4.946423665;4.974133651;4.905503119
12.08;5;2;4.976389115;4.937401811;4.942234947
12.09;5;2;4.945134829;4.96672284;4.955123311
12.1;5;2;4.962211912;5.001843645;4.932890884
12.11;5;2;4.989277484;4.957056566;4.974778069
12.12;5;2;4.936435184;4.983155508;4.980577835
12.13;5;2;4.960923075;5.009254458;4.955123311
12.14;5;2;4.992177367;4.976711324;4.996366087
12.15;5;2;4.957056566;4.991532948;4.992177367
12.16;5;2;4.977677952;5.013443179;4.970911559
12.17;5;2;5.001521435;4.967367258;5.006354575
12.18;5;2;4.951256802;4.993143995;4.996043878
12.19;5;2;4.977355743;5.016343063;4.975744697
12.2;5;2;5.005065737;4.974778069;5.01312097
12.21;5;2;4.964145167;4.997332715;4.993143995
12.22;5;2;4.985733182;5.024398296;4.97864458
12.23;5;2;5.012476551;4.975100278;5.0176319
12.24;5;2;4.960923075;4.995721669;4.992499576
12.25;5;2;4.980900044;5.022142831;4.977677952
12.26;5;2;5.009576667;4.981222253;5.016665272
12.27;5;2;4.97445586;4.998299343;4.990566321
12.28;5;2;4.99088853;5.025042715;4.984122136
12.29;5;2;5.014087598;4.97445586;5.021176203
12.3;5;2;4.961567494;4.994432832;4.991855158
12.31;5;2;4.991532948;5.02246504;4.980900044
12.32;5;2;5.015376435;4.97864458;5.018598528
12.33;5;2;4.971555977;4.996688296;4.991855158
12.34;5;2;4.991855158;5.028264809;4.988955274
12.35;5;2;5.014087598;4.977677952;5.021820622
12.36;5;2;4.966078422;4.995399459;4.993466204
12.37;5;2;4.993788413;5.025364924;4.98669981
12.38;5;2;5.011832133;4.980900044;5.01795411
12.39;5;2;4.979288998;4.997332715;4.988955274
12.4;5;2;4.998621552;5.026975971;4.994110622
12.41;5;2;5.021176203;4.975422488;5.018920738
12.42;5;2;4.97058935;4.994110622;4.989921902
12.43;5;2;4.993466204;5.026009343;5.00409911
12.44;5;2;5.020209575;4.980255626;5.015054226
12.45;5;2;4.979933416;4.995399459;4.980255626
12.46;5;2;4.997654924;5.029875855;4.995399459
12.47;5;2;5.023109459;4.979288998;5.018276319
12.48;5;2;4.972200396;4.992499576;4.988310856
12.49;5;2;4.99507725;5.025042715;4.995721669
12.5;5;2;5.020209575;4.980577835;5.018920738
12.51;5;2;4.979288998;4.993466204;4.981222253
12.52;5;2;4.995721669;5.028264809;4.997010506
12.53;5;2;5.022142831;4.975744697;5.021176203
12.54;5;2;4.973489233;4.990244111;4.984766555
12.55;5;2;4.994755041;5.024398296;4.995721669
12.56;5;2;5.022142831;4.984122136;5.020531784
12.57;5;2;4.984444345;4.995399459;4.979288998
12.58;5;2;4.999910389;5.030198065;4.99958818
12.59;5;2;5.02246504;4.980255626;5.020531784
12.6;5;2;4.969622722;4.99088853;4.984122136
12.61;5;2;4.994110622;5.025687134;4.996688296
12.62;5;2;5.023753878;4.986055391;5.019887366
12.63;5;2;4.984766555;4.994432832;4.980900044
12.64;5;2;4.99926597;5.029553646;5.010543295
12.65;5;2;5.023109459;4.980255626;5.018276319
12.66;5;2;4.975744697;4.990566321;4.97832237
12.67;5;2;4.993143995;5.024076087;4.996043878
12.68;5;2;5.023109459;4.983155508;5.0176319
12.69;5;2;4.978000161;4.991855158;4.975422488
12.7;5;2;4.997332715;5.028264809;5.005387947
12.71;5;2;5.024720506;4.979611207;5.014087598
12.72;5;2;4.974778069;4.992177367;4.979933416
12.73;5;2;4.996366087;5.0176319;5.007321202
12.74;5;2;5.022142831;4.97864458;5.021498412
12.75;5;2;4.980577835;4.996043878;4.975100278
12.76;5;2;4.997654924;5.032131321;5.009898877
12.77;5;2;5.024398296;4.983799927;5.021176203
12.78;5;2;4.976066906;4.989921902;4.974133651
12.79;5;2;4.996366087;5.025687134;5.005387947
12.8;5;2;5.023109459;4.99088853;5.020209575
12.81;5;2;4.985410973;4.987344228;4.968011677
12.82;5;2;4.996043878;5.025687134;5.007321202
12.83;5;2;5.02246504;4.982833299;5.021176203
12.84;5;2;4.991210739;4.987666438;4.972522605
12.85;5;2;4.987022019;5.02278725;5.005065737
12.86;5;2;5.016020854;4.994755041;5.01795411
12.87;5;2;4.983155508;4.991210739;4.969944932
12.88;5;2;5.002488063;5.026009343;5.006998993
12.89;5;2;5.023431668;4.985088764;5.020209575
12.9;5;2;4.973811442;4.984444345;4.97445586
12.91;5;2;4.994432832;5.023109459;5.009254458
12.92;5;2;5.025042715;4.993788413;5.016020854
12.93;5;2;4.983477718;4.978000161;4.974133651
12.94;5;2;4.99926597;5.029553646;5.012154342
12.95;5;2;5.023431668;4.99088853;5.013765388
12.96;5;2;4.977355743;4.983799927;4.971878187
12.97;5;2;4.996043878;5.025042715;5.009576667
12.98;5;2;5.039219928;4.994432832;5.010865505
12.99;5;2;4.978966789;4.981866672;4.969300513
13;5;0;4.989921902;5.026975971;5.018276319
13.01;5;0;5.098506475;5.07305192;5.039542137
13.02;5;0;5.137816053;5.152959911;5.1294386
13.03;5;0;5.175514598;5.26959992;5.247045211
13.04;5;0;5.184214264;5.240923219;5.289254742
13.05;5;0;5.093673331;5.147160135;5.221912827
13.06;5;0;5.15392654;5.207091168;5.221268407
13.07;5;0;5.153282121;5.143615828;5.224490507
13.08;5;0;5.055974818;5.101406361;5.142649199
13.09;5;0;5.078529482;5.10205078;5.149093394
13.1;5;0;5.17068145;5.06660773;5.136205004
13.11;5;0;4.979288998;4.998299343;5.116228004
13.12;5;0;5.217401887;5.106561715;5.04340865
13.13;5;0;5.188725203;4.96285633;5.076918434
13.14;5;0;4.864582589;4.999910389;5.049530629
13.15;5;0;5.128471971;5.087229139;4.998943761
13.16;5;0;5.121061149;4.98251109;5.073696339
13.17;5;0;4.821084407;4.994755041;4.960923075
13.18;5;0;4.900992193;5.071440873;4.995721669
13.19;5;0;5.296987788;4.958345402;5.053397142
13.2;5;0;5.27088876;4.997010506;4.973167023
13.21;5;0;4.718299888;5.009898877;4.985088764
13.22;5;0;4.826239746;5.025364924;5.074985177
13.23;5;0;5.093028912;4.956412147;4.94126832
13.24;5;0;5.215790837;5.020853994;4.992499576
13.25;5;0;5.146837925;5.025364924;5.09431775
13.26;5;0;5.016020854;4.95544552;4.910336253
13.27;5;0;4.99958818;5.023109459;5.053397142
13.28;5;0;5.043730859;5.021176203;4.912591716
13.29;5;0;4.964467376;4.963178539;5.068218778
13.3;5;0;5.033742368;5.030198065;4.905825328
13.31;5;0;4.964467376;5.006032365;5.074340758
13.32;5;0;5.076918434;4.963822958;4.94481262
13.33;5;0;4.927735539;5.034386787;5.002165854
13.34;5;0;5.107206134;5.008932249;5.108817182
13.35;5;0;4.914847179;4.968011677;4.912591716
13.36;5;0;4.957700984;5.028587018;5.084651463
13.37;5;0;5.118483471;4.997654924;4.915813806
13.38;5;0;5.038253299;4.972522605;5.127827552
13.39;5;0;5.041475393;5.020853994;4.862004918
13.4;5;0;4.993466204;5.00409911;5.09399554
13.41;5;0;5.019242947;4.956089938;5.085940301
13.42;5;0;4.983799927;5.038253299;4.953190056
13.43;5;0;4.974133651;5.000877017;5.004421319
13.44;5;0;5.024720506;4.985733182;4.948679129
13.45;5;0;4.972522605;5.015376435;4.988310856
13.46;5;0;5.000554808;5.016020854;4.998943761
13.47;5;0;5.037608881;4.95190122;4.978000161
13.48;5;0;4.981866672;5.022142831;4.97058935
13.49;5;0;4.99958818;5.020853994;5.046952953
13.5;5;0;5.034386787;4.953190056;4.984766555
13.51;5;0;4.973811442;5.01795411;4.989599693
13.52;5;0;4.993143995;5.020531784;5.013765388
13.53;5;0;5.039219928;4.962534121;4.983155508
13.54;5;0;4.971878187;5.028264809;5.002810272
13.55;5;0;5.003132482;5.014087598;5.033097949
13.56;5;0;5.035675624;4.97058935;4.988955274
13.57;5;0;4.968333886;5.025364924;4.987666438
13.58;5;0;4.991210739;5.00861004;5.021820622
13.59;5;0;5.040830975;4.970267141;4.981544462
13.6;5;0;4.970267141;5.029875855;4.97864458
13.61;5;0;5.016343063;4.998299343;5.025687134
13.62;5;0;5.039219928;4.981222253;4.992499576
13.63;5;0;4.947712501;5.013765388;4.995721669
13.64;5;0;5.068218778;4.999910389;5.027298181
13.65;5;0;4.93095763;4.962211912;4.982833299
13.66;5;0;5.130405229;5.035675624;4.990566321
13.67;5;0;5.048564;5.000232598;5.032131321
13.68;5;0;4.855238534;4.985733182;4.985733182
13.69;5;0;5.059841331;5.01312097;4.993143995
13.7;5;0;4.879404196;5.011187714;5.024398296
13.71;5;0;4.93095763;4.939979483;4.978966789
13.72;5;0;5.109139392;5.011832133;4.985088764
13.73;5;0;4.892292552;5.025687134;5.025687134
13.74;5;0;4.938368438;4.969622722;4.984122136
13.75;5;0;5.138138263;5.032131321;4.996043878
13.76;5;0;4.987022019;5.028909227;5.031164693
13.77;5;0;5.17132587;4.959956448;4.978000161
13.78;5;0;4.751165146;5.033097949;4.994110622
13.79;5;0;4.851372028;5.000877017;5.031809112
13.8;5;0;5.155859799;4.983155508;4.97864458
13.81;5;0;5.169070401;5.012154342;4.994110622
13.82;5;0;4.896159059;4.997977133;5.031809112
13.83;5;0;5.113650327;4.95190122;4.976066906
13.84;5;0;4.986055391;5.027298181;4.990244111
13.85;5;0;4.854594116;5.02246504;5.031809112
13.86;5;0;5.011187714;4.960923075;4.97832237
13.87;5;0;5.02246504;5.03245353;5.006032365
13.88;5;0;5.003132482;5.025042715;5.02246504
13.89;5;0;5.038897718;4.957378775;4.975422488
13.9;5;0;4.969622722;5.033420159;4.981866672
13.91;5;0;4.991210739;5.000554808;5.028587018
13.92;5;0;5.044053069;4.979933416;4.97864458
13.93;5;0;4.965111794;5.014087598;5.006354575
13.94;5;0;5.030842484;5.000877017;5.028587018
13.95;5;0;5.023753878;4.950934592;4.979933416
13.96;5;0;4.972522605;5.036964462;4.99926597
13.97;5;0;5.05436377;5.00409911;5.028264809
13.98;5;0;4.932890884;4.981866672;4.976711324
13.99;5;0;5.118483471;5.032131321;4.991210739
14;5;2;4.920324732;4.987666438;5.033420159
14.01;5;2;4.910980671;4.777908452;4.914847179
14.02;5;2;4.83268392;4.786930292;4.743109934
14.03;5;2;4.865227007;4.763409068;4.738599016
14.04;5;2;4.868126886;4.759220358;4.69671193
14.05;5;2;4.827528581;4.84557227;4.750520729
14.06;5;2;4.878115361;4.869093513;4.808518269
14.07;5;2;4.922902404;4.883270703;4.796274341
14.08;5;2;4.879081987;4.946101456;4.881015241
14.09;5;2;4.915169388;4.924835658;4.898092313
14.1;5;2;4.930635421;4.935468556;4.887459419
14.11;5;2;4.891648134;4.979933416;4.953834474
14.12;5;2;4.93772402;4.956734357;4.947390292
14.13;5;2;4.952223429;4.95931203;4.932568675
14.14;5;2;4.909691835;5.002488063;4.996688296
14.15;5;2;4.95544552;4.965111794;4.969300513
14.16;5;2;4.949001338;4.971878187;4.951579011
14.17;5;2;4.92096915;5.00828783;5.010543295
14.18;5;2;4.972844814;4.982188881;4.978966789
14.19;5;2;4.966400631;4.979933416;4.962211912
14.2;5;2;4.936757393;5.019887366;5.021498412
14.21;5;2;4.982833299;4.975422488;4.982833299
14.22;5;2;4.956089938;4.984122136;4.969944932
14.23;5;2;4.943201574;5.020853994;5.021498412
14.24;5;2;4.994432832;4.990566321;4.985088764
14.25;5;2;4.971233768;4.982833299;4.97864458
14.26;5;2;4.959634239;5.02246504;5.026331553
14.27;5;2;5.002810272;4.987666438;4.984122136
14.28;5;2;4.963822958;4.979933416;4.981222253
14.29;5;2;4.958345402;5.018598528;5.025687134
14.3;5;2;5.002810272;4.994755041;4.984444345
14.31;5;2;4.97832237;4.979933416;4.98669981
14.32;5;2;4.971878187;5.025042715;5.030520274
14.33;5;2;5.009898877;4.993143995;4.981866672
14.34;5;2;4.971555977;4.979933416;4.99088853
14.35;5;2;4.969944932;5.024076087;5.031809112
14.36;5;2;5.007643412;5.004743528;4.977033534
14.37;5;2;4.985410973;4.97832237;4.987344228
14.38;5;2;4.982188881;5.026331553;5.030842484
14.39;5;2;5.010543295;4.990244111;4.979288998
14.4;5;2;4.972844814;4.973811442;4.991532948
14.41;5;2;4.980900044;5.024076087;5.027942599
14.42;5;2;5.020531784;4.999910389;4.97864458
14.43;5;2;4.977033534;4.977677952;4.994110622
14.44;5;2;4.985410973;5.028587018;5.030198065
14.45;5;2;5.013443179;4.997654924;4.978966789
14.46;5;2;4.97445586;4.974778069;4.992821785
14.47;5;2;4.987344228;5.02246504;5.02278725
14.48;5;2;5.014409807;5.001199226;4.978966789
14.49;5;2;4.979288998;4.976066906;4.997654924
14.5;5;0;4.991855158;5.026975971;5.029875855
14.51;5;0;5.084973673;5.100117523;4.998621552
14.52;5;0;5.12976081;5.161659575;5.139749311
14.53;5;0;5.168103772;5.272499811;5.247689631
14.54;5;0;5.186791943;5.240278799;5.241245429
14.55;5;0;5.097862055;5.139427101;5.230290288
14.56;5;0;5.122672197;5.232545758;5.253811623
14.57;5;0;5.184536474;5.117516842;5.187114153
14.58;5;0;5.045986325;5.121705568;5.204835699
14.59;5;0;5.091740073;5.061452378;5.159081897
14.6;5;0;5.144904667;5.056619237;5.131694068
14.61;5;0;4.988310856;5.031809112;5.07305192
14.62;5;0;5.174547968;5.053397142;5.103339619
14.63;5;0;4.933213093;5.065318892;5.056619237
14.64;5;0;4.95190122;4.950612383;4.996043878
14.65;5;0;5.248978471;5.026653762;5.056297027
14.66;5;0;5.1194501;4.988955274;5.005065737
14.67;5;0;4.990566321;5.026975971;4.985733182
14.68;5;0;5.006998993;5.010221086;5.033420159
14.69;5;0;5.00861004;5.027942599;5.025364924
14.7;5;0;5.05468598;4.973167023;4.967045049
14.71;5;0;5.005065737;5.026975971;5.010221086
14.72;5;0;5.057585865;5.025687134;5.028587018
14.73;5;0;5.042119812;4.965434003;4.968011677
14.74;5;0;5.018276319;5.028909227;5.024720506
14.75;5;0;5.09463996;5.003132482;5.026653762
14.76;5;0;4.942879365;4.991532948;4.968978304
14.77;5;0;5.150704443;5.007321202;5.02278725
14.78;5;0;5.074340758;5.013443179;5.027942599
14.79;5;0;4.875859899;4.958345402;4.963500748
14.8;5;0;5.062419007;5.022142831;5.014732016
14.81;5;0;4.891648134;5.018598528;5.021498412
14.82;5;0;4.926446703;4.958345402;4.964145167
14.83;5;0;5.184214264;5.012476551;5.016343063
14.84;5;0;5.00861004;5.025042715;5.023431668
14.85;5;0;4.92741333;4.961567494;4.961245284
14.86;5;0;5.091417864;5.029875855;5.013765388
14.87;5;0;5.018598528;5.005710156;5.023109459
14.88;5;0;5.005065737;4.989599693;4.966400631
14.89;5;0;5.012154342;5.009254458;5.019242947
14.9;5;0;5.068540987;5.009576667;5.020209575
14.91;5;0;4.928379957;4.952867847;4.958667611
14.92;5;0;5.093028912;5.023109459;5.010221086
14.93;5;0;4.858460622;5.015054226;5.021176203
14.94;5;0;5.012798761;4.955767729;4.96672284
14.95;5;0;5.09399554;5.034386787;5.01795411
14.96;5;0;5.01795411;5.024398296;5.024398296
14.97;5;0;5.014087598;4.96285633;4.961567494
14.98;5;0;5.000554808;5.030198065;5.014087598
14.99;5;0;5.047597372;4.998621552;5.018276319
15;7;2;4.928379957;4.991855158;4.964789585
15.01;7;2;4.845894479;5.227068187;5.146193506
15.02;7;2;5.318575878;5.32083135;5.249622892
15.03;7;2;5.315998195;5.461315162;5.401383969
15.04;7;2;5.489025297;5.604054665;5.573122384
15.05;7;2;5.617587542;5.78417097;5.739383519
15.06;7;2;5.791581845;5.926910979;5.877612485
15.07;7;2;5.937866204;6.033241158;5.952687981
15.08;7;2;6.053540571;6.104128016;6.054184997
15.09;7;2;6.131193922;6.209813983;6.196925444
15.1;7;2;6.227857942;6.32935528;6.315822295
15.11;7;2;6.34385491;6.442774671;6.426019524
15.12;7;2;6.450507817;6.534605824;6.492073488
15.13;7;2;6.556838644;6.609359679;6.547816629
15.14;7;2;6.633203595;6.676380434;6.621603851
15.15;7;2;6.698613293;6.721812804;6.685724678
15.16;7;2;6.746301184;6.784644846;6.786255925
15.17;7;2;6.794633535;6.843610346;6.861654442
15.18;7;2;6.827821765;6.915142321;6.946397303
15.19;7;2;6.803655577;6.976041215;7.004074055
15.2;7;2;6.80494444;7.002462972;7.040484539
15.21;7;2;6.805588871;6.97829673;7.000851889
15.22;7;2;6.824921822;6.952197198;6.967663587
15.23;7;2;6.828788413;6.935441947;6.909664645
15.24;7;2;6.836843811;6.93608638;6.877120813
15.25;7;2;6.826855118;6.930608702;6.882598487
15.26;7;2;6.832655004;6.928675405;6.896131565
15.27;7;2;6.827821765;6.928353188;6.92996427
15.28;7;2;6.842643698;6.924164376;6.954774929
15.29;7;2;6.876798597;6.937697462;6.991829825
15.3;7;2;6.890976106;6.954774929;7.004718488
15.31;7;2;6.913853456;6.984418844;7.017607153
15.32;7;2;6.92384216;6.992152041;7.01116282
15.33;7;2;6.936408596;7.009873954;7.006974004
15.34;7;2;6.931575351;7.01309612;6.983129978
15.35;7;2;6.941241841;7.009229521;6.9737857
15.36;7;2;6.933508649;7.008907304;6.952197198
15.37;7;2;6.935119731;7.007296221;6.941886274
15.38;7;2;6.917397835;7.001174105;6.950586116
15.39;7;2;6.91610897;7.002785188;6.960897041
15.4;7;2;6.920619997;6.995696423;6.991507608
15.41;7;2;6.927386539;6.988929876;6.999563022
15.42;7;2;6.954130496;6.984418844;7.026951437
15.43;7;2;6.957997093;6.967663587;7.026951437
15.44;7;2;6.977974514;6.972174617;7.042095623
15.45;7;2;6.976363431;6.969274669;7.032751338
15.46;7;2;6.987318793;6.991507608;7.034362421
15.47;7;2;6.977974514;6.997307506;7.009229521
15.48;7;2;6.99601864;7.013418337;6.999240806
15.49;7;2;6.98667436;7.01502942;6.976363431
15.5;7;0;6.979585596;7.024051487;6.964119206
15.51;7;0;7.032751338;7.158738176;6.970885751
15.52;7;0;7.154549352;7.282791911;7.122649854
15.53;7;0;7.183871125;7.300191671;7.251536795
15.54;7;0;7.152616049;7.247992402;7.312758167
15.55;7;0;7.159060394;7.22447052;7.334991204
15.56;7;0;7.133927453;7.255725625;7.293747315
15.57;7;0;7.106861218;7.128449762;7.215126213
15.58;7;0;7.083017162;7.169693563;7.271192073
15.59;7;0;7.116849947;7.061106414;7.152938266
15.6;7;0;7.09590584;7.115238862;7.186771081
15.61;7;0;7.101061312;7.033395771;7.101705746
15.62;7;0;7.085272681;6.998918589;7.13650519
15.63;7;0;7.086239332;7.010518387;7.074317306
15.64;7;0;7.097516925;6.9737857;7.079150559
15.65;7;0;7.046928875;6.992796474;7.064328583
15.66;7;0;7.104605699;6.99505199;7.04338449
15.67;7;0;7.01696272;7.028562521;7.022440403
15.68;7;0;7.095583623;7.031140254;7.035651288
15.69;7;0;7.017607153;7.033717988;6.98570771
15.7;7;0;7.072706221;7.0646508;6.987963226
15.71;7;0;6.978618947;6.990863175;6.945430654
15.72;7;0;7.097194708;7.049184392;6.964119206
15.73;7;0;6.921908863;7.04338449;6.952197198
15.74;7;0;7.140049579;6.993118691;6.979907813
15.75;7;0;6.845543642;6.971530184;6.987963226
15.76;7;0;6.903542537;6.975718998;7.044351141
15.77;7;0;7.320813614;6.958963743;7.035006855
15.78;7;0;7.216415083;6.967019154;7.026951437
15.79;7;0;6.966696937;6.978618947;7.047895525
15.8;7;0;6.874220868;6.990540958;7.011485037
15.81;7;0;6.956063795;6.998596373;7.036940155
15.82;7;0;7.066906318;7.034684638;7.001174105
15.83;7;0;7.051762127;7.01792937;7.020184887
15.84;7;0;7.02566257;7.02276262;6.976685648
15.85;7;0;7.029851387;7.016318287;7.007940654
15.86;7;0;7.049184392;7.019218237;6.954774929
15.87;7;0;6.987318793;7.033073554;6.948975034
15.88;7;0;7.022118187;6.99601864;6.957674877
15.89;7;0;6.937053029;7.020507103;6.979585596
15.9;7;0;6.944786221;6.952519414;6.987963226
15.91;7;0;7.032429121;7.02469592;7.034362421
15.92;7;0;7.01792937;6.938341894;7.031784688
15.93;7;0;7.032429121;7.028562521;7.025018137
15.94;7;0;7.003107405;6.934153082;7.045317791
15.95;7;0;7.019218237;7.037584589;7.003107405
15.96;7;0;7.01792937;6.94671952;7.038229022
15.97;7;0;7.006974004;7.044351141;7.001174105
15.98;7;0;7.033073554;6.958963743;7.014707203
15.99;7;0;6.984418844;7.061106414;6.971530184
16;7;2;7.04145119;7.017607153;6.981518895
16.01;7;2;6.944464005;7.014707203;6.889365025
16.02;7;2;7.041773407;6.716335141;6.669613913
16.03;7;2;6.787867004;6.736956933;6.629981444
16.04;7;2;6.678313726;6.705702032;6.660914101
16.05;7;2;6.84006597;6.715368495;6.711501909
16.06;7;2;6.870354275;6.752101065;6.778200532
16.07;7;2;6.831688356;6.798500124;6.821377448
16.08;7;2;6.838454891;6.862298874;6.863587738
16.09;7;2;6.855854553;6.897742646;6.869709843
16.1;7;2;6.851987961;6.953163847;6.878087461
16.11;7;2;6.865198818;6.973141267;6.875509732
16.12;7;2;6.881631838;6.98570771;6.886142864
16.13;7;2;6.899998159;6.97829673;6.922231079
16.14;7;2;6.903864753;6.979907813;6.938019678
16.15;7;2;6.928030972;6.977007864;6.979585596
16.16;7;2;6.920619997;6.977652297;6.99601864
16.17;7;2;6.930930919;6.974752349;7.020184887
16.18;7;2;6.93608638;6.96283034;7.014384987
16.19;7;2;6.944786221;6.962185907;7.024373703
16.2;7;2;6.948330601;6.956063795;7.014707203
16.21;7;2;6.928675405;6.970885751;7.004718488
16.22;7;2;6.95380828;6.980552246;6.980874462
16.23;7;2;6.954452713;7.008907304;6.968630236
16.24;7;2;6.9502639;7.006651788;6.948652818
16.25;7;2;6.9502639;7.021473753;6.94220849
16.26;7;2;6.974752349;7.022440403;6.965085855
16.27;7;2;6.960252608;7.018573803;6.9737857
16.28;7;2;6.970885751;7.011485037;6.997307506
16.29;7;2;6.963796989;7.009873954;7.005362921
16.3;7;2;6.990218742;7.008262871;7.033717988
16.31;7;2;6.966696937;7.000529672;7.034684638
16.32;7;2;6.965730288;6.991829825;7.04145119
16.33;7;2;6.986352143;6.984418844;7.028884737
16.34;7;2;6.976363431;6.978618947;7.028562521
16.35;7;2;6.979585596;6.964763638;7.001496322
16.36;7;2;6.977652297;6.976685648;6.992474258
16.37;7;2;6.98570771;6.975718998;6.960897041
16.38;7;2;6.980552246;7.001174105;6.949941683
16.39;7;2;6.989574309;7.002785188;6.95380828
16.4;7;2;6.979907813;7.020507103;6.961219258
16.41;7;2;6.99601864;7.01696272;6.989896525
16.42;7;2;6.97829673;7.024051487;6.993440907
16.43;7;2;6.989896525;7.021151537;7.018573803
16.44;7;2;7.001818538;7.013740553;7.030173604
16.45;7;2;6.981518895;7.009551737;7.043062274
16.46;7;2;6.992152041;7.01116282;7.030818037
16.47;7;2;7.001496322;6.999240806;7.039517889
16.48;7;2;6.987318793;6.992474258;7.02276262
16.49;7;2;6.982485545;6.990863175;7.012773904
16.5;7;0;6.99698529;7.048539959;6.991185392
16.51;7;0;7.063684149;7.173560171;7.051117693
16.52;7;0;7.150038311;7.265069937;7.175171257
16.53;7;0;7.172271301;7.286980742;7.25637006
16.54;7;0;7.236714786;7.238325874;7.295036186
16.55;7;0;7.141660665;7.184837777;7.277314209
16.56;7;0;7.1796823;7.229626;7.261525542
16.57;7;0;7.147138357;7.112338908;7.22447052
16.58;7;0;7.135538539;7.137471842;7.185804429
16.59;7;0;7.111694474;7.071417354;7.18322669
16.6;7;0;7.13424967;7.064328583;7.139727362
16.61;7;0;7.099450227;7.08011721;7.115561079
16.62;7;0;7.077539475;7.062073065;7.101061312
16.63;7;0;7.072706221;7.042095623;7.072061788
16.64;7;0;7.04241784;7.038551239;7.086239332
16.65;7;0;7.047895525;7.016318287;7.060784198
16.66;7;0;7.052084343;7.025018137;7.040806756
16.67;7;0;7.044028924;6.985385494;7.04145119
16.68;7;0;7.035973505;7.017607153;7.043062274
16.69;7;0;7.041128973;6.969274669;7.015351637
16.7;7;0;7.040162323;6.976685648;6.966374721
16.71;7;0;7.063361932;6.951230549;6.998274156
16.72;7;0;7.043706707;6.979585596;6.955419362
16.73;7;0;7.047895525;6.991507608;6.950586116
16.74;7;0;7.038229022;7.01792937;6.956063795
16.75;7;0;7.044995574;7.028240304;6.977330081
16.76;7;0;7.044995574;7.029529171;6.987963226
16.77;7;0;7.028562521;7.029206954;7.025984787
16.78;7;0;7.061428631;7.031140254;7.033073554
16.79;7;0;6.994085341;7.033073554;7.031462471
16.8;7;0;7.057239812;6.999563022;7.046606658
16.81;7;0;6.964763638;7.024051487;7.006329571
16.82;7;0;7.068517402;6.960897041;7.044995574
16.83;7;0;6.92126443;7.028562521;6.993118691
16.84;7;0;7.089461501;6.938341894;7.026307004
16.85;7;0;6.882920703;7.01599607;6.967663587
16.86;7;0;6.964441422;6.93963076;7.007618437
16.87;7;0;7.139082927;7.030173604;6.948330601
16.88;7;0;7.02276262;6.974752349;7.001818538
16.89;7;0;7.104927916;6.992152041;6.953163847
16.9;7;0;6.962508123;7.000529672;6.971530184
16.91;7;0;7.044995574;7.02662922;6.96734137
16.92;7;0;7.032429121;7.016640503;7.003751838
16.93;7;0;6.951230549;7.017607153;7.009551737
16.94;7;0;7.069806269;7.025984787;7.04241784
16.95;7;0;6.905153618;7.002140755;7.031140254
16.96;7;0;7.158415959;7.029851387;7.025018137
16.97;7;0;6.959608176;6.969274669;7.045640008
16.98;7;0;6.873898652;7.020184887;7.001174105
16.99;7;0;7.13424967;6.94671952;7.025340354
17;7;2;6.947686169;6.996340857;6.966696937
17.01;7;2;6.681213664;6.800755634;6.818799721
17.02;7;2;6.81493313;6.700546585;6.647381062
17.03;7;2;6.694746708;6.682502525;6.620314991
17.04;7;2;6.780133826;6.740179088;6.633203595
17.05;7;2;6.859721146;6.80107785;6.707635324
17.06;7;2;6.878087461;6.850699097;6.778844964
17.07;7;2;6.881631838;6.884531783;6.84167705
17.08;7;2;6.853599041;6.903220321;6.879698542
17.09;7;2;6.84328813;6.909664645;6.905475834
17.1;7;2;6.836199379;6.914820105;6.906442483
17.11;7;2;6.851343529;6.923519944;6.907409131
17.12;7;2;6.890331674;6.924486593;6.900642591
17.13;7;2;6.903220321;6.943175139;6.907086915
17.14;7;2;6.932864217;6.955741578;6.938664111
17.15;7;2;6.937697462;6.993118691;6.950908332
17.16;7;2;6.947363952;6.996340857;6.98570771
17.17;7;2;6.939308543;7.01309612;6.998596373
17.18;7;2;6.955741578;7.017607153;7.025340354
17.19;7;2;6.938019678;7.015351637;7.01986267
17.2;7;2;6.940597409;7.004718488;7.031784688
17.21;7;2;6.925131025;7.002785188;7.019218237
17.22;7;2;6.92384216;7.000851889;7.01116282
17.23;7;2;6.923197728;6.993118691;6.985063277
17.24;7;2;6.930286486;6.985063277;6.974752349
17.25;7;2;6.960252608;6.977330081;6.954130496
17.26;7;2;6.963796989;6.975396782;6.969596885
17.27;7;2;6.983774411;6.962508123;6.95831931
17.28;7;2;6.982485545;6.975396782;6.961863691
17.29;7;2;6.992474258;6.979907813;7.007618437
17.3;7;2;6.983129978;7.007296221;6.995696423
17.31;7;2;6.99505199;7.004718488;7.025018137
17.32;7;2;6.989574309;7.023407053;7.028884737
17.33;7;2;6.983452195;7.021151537;7.036617939
17.34;7;2;6.960252608;7.02469592;7.029851387
17.35;7;2;6.959285959;7.020184887;7.029529171
17.36;7;2;6.950908332;7.01019617;7.004396271
17.37;7;2;6.955419362;7.005040705;6.993440907
17.38;7;2;6.977007864;7.005362921;6.968952452
17.39;7;2;6.979585596;6.993763124;6.957030444
17.4;7;2;6.998918589;6.986996576;6.957030444
17.41;7;2;6.996663073;6.984418844;6.959285959
17.42;7;2;7.011807254;6.972174617;6.986029927
17.43;7;2;7.001818538;6.974430132;6.987318793
17.44;7;2;7.007940654;6.967985803;7.01696272
17.45;7;2;7.004718488;6.992796474;7.02469592
17.46;7;2;7.010840604;6.998274156;7.04338449
17.47;7;2;6.990218742;7.020184887;7.031462471
17.48;7;2;6.988929876;7.01986267;7.039195672
17.49;7;2;6.967985803;7.032751338;7.025018137
17.5;7;0;6.993763124;7.023407053;7.018573803
17.51;7;0;7.086883766;7.086561549;7.067550751
17.52;7;0;7.18805995;7.205781907;7.201593081
17.53;7;0;7.221248345;7.307280464;7.258947801
17.54;7;0;7.164860304;7.292458444;7.289880702
17.55;7;0;7.151004963;7.230914871;7.282469693
17.56;7;0;7.170337998;7.236070351;7.249281272
17.57;7;0;7.13199415;7.196115385;7.202237515
17.58;7;0;7.129094196;7.124905374;7.172915736
17.59;7;0;7.123294288;7.11652773;7.176460126
17.6;7;0;7.115883296;7.035651288;7.137794059
17.61;7;0;7.097194708;7.047895525;7.119105466
17.62;7;0;7.104927916;7.048862176;7.08011721
17.63;7;0;7.075606173;6.954130496;7.064973017
17.64;7;0;7.092039237;7.049184392;7.077217258
17.65;7;0;7.037584589;6.981518895;7.066584101
17.66;7;0;7.104605699;7.038873456;7.054662078
17.67;7;0;6.992152041;6.988929876;7.033717988
17.68;7;0;7.102994614;7.056595379;7.036617939
17.69;7;0;6.939308543;7.023084837;6.99698529
17.7;7;0;7.206426342;7.038229022;7.021151537
17.71;7;0;7.109116738;7.016318287;6.971207968
17.72;7;0;6.823310743;7.015673853;7.026951437
17.73;7;0;7.18805995;7.016640503;6.960252608
17.74;7;0;7.158415959;6.984418844;6.97926338
17.75;7;0;6.777233885;7.009873954;6.950908332
17.76;7;0;6.982485545;6.966374721;6.973463483
17.77;7;0;7.145849488;6.967019154;6.969919102
17.78;7;0;7.039840106;6.960897041;6.99698529
17.79;7;0;6.999885239;6.982163329;7.01212947
17.8;7;0;7.077217258;6.995374207;7.047573308
17.81;7;0;7.034362421;7.026951437;7.033395771
17.82;7;0;6.975718998;7.027273654;7.027273654
17.83;7;0;7.059817547;7.01986267;7.048217742
17.84;7;0;6.924808809;7.054339861;6.999885239
17.85;7;0;7.071739571;6.977652297;7.023407053
17.86;7;0;6.8748653;7.050795476;6.991507608
17.87;7;0;7.173237953;7.034040205;7.01116282
17.88;7;0;7.12200542;6.995696423;6.963152556
17.89;7;0;6.750489987;6.964763638;6.976041215
17.9;7;0;6.873576436;7.012773904;6.951230549
17.91;7;0;7.198048689;6.957997093;6.969596885
17.92;7;0;6.878409677;6.94671952;6.971530184
17.93;7;0;6.950908332;6.950908332;7.004718488
17.94;7;0;7.194826515;6.983774411;7.01116282
17.95;7;0;7.116849947;6.993763124;7.042740057
17.96;7;0;6.927064323;7.025018137;7.030495821
17.97;7;0;7.016640503;7.029851387;7.025340354
17.98;7;0;6.907409131;7.024373703;7.047251092
17.99;7;2;7.056917596;7.052728777;6.996340857
18;7;2;6.902575888;6.983129978;7.014384987
18.01;7;2;6.807522166;6.924486593;6.755323221
18.02;7;2;6.70441317;6.728579329;6.577138181
18.03;7;2;6.762089749;6.548461059;6.617415055
18.04;7;2;6.845543642;6.640614543;6.744045675
18.05;7;2;6.900642591;6.694424493;6.840710402
18.06;7;2;6.896775997;6.799466771;6.709246401
18.07;7;2;6.889365025;6.836843811;6.775300591
18.08;7;2;6.888398377;6.853599041;6.859721146
18.09;7;2;6.87325422;6.901287024;6.898387078
18.1;7;2;6.874543084;6.926419891;6.933508649
18.11;7;2;6.863909954;6.950586116;6.930608702
18.12;7;2;6.876798597;6.953486064;6.930608702
18.13;7;2;6.91353124;6.961541474;6.9186867
18.14;7;2;6.923519944;6.954130496;6.915786754
18.15;7;2;6.948008385;6.955097146;6.939952976
18.16;7;2;6.9502639;6.957030444;6.9502639
18.17;7;2;6.964763638;6.947363952;6.980230029
18.18;7;2;6.953163847;6.953163847;6.99601864
18.19;7;2;6.967019154;6.949297251;7.02469592
18.2;7;2;6.955741578;6.978618947;7.02566257
18.21;7;2;6.953486064;6.983129978;7.032106904
18.22;7;2;6.93608638;7.011485037;7.01986267
18.23;7;2;6.931575351;7.012773904;7.017284937
18.24;7;2;6.932542;7.032429121;6.990863175
18.25;7;2;6.938019678;7.02469592;6.983774411
18.26;7;2;6.967663587;7.01792937;6.957997093
18.27;7;2;6.969596885;7.006329571;6.946397303
18.28;7;2;6.994407557;7.003751838;6.957674877
18.29;7;2;6.991829825;6.994085341;6.964763638
18.3;7;2;7.001174105;6.992474258;6.998918589
18.31;7;2;6.991829825;6.988285443;7.004396271
18.32;7;2;7.003107405;6.970241318;7.02082932
18.33;7;2;6.992796474;6.973141267;7.025984787
18.34;7;2;6.992152041;6.965085855;7.039517889
18.35;7;2;6.962508123;6.980552246;7.025340354
18.36;7;2;6.96734137;6.984418844;7.038873456
18.37;7;2;6.953163847;7.014707203;7.009551737
18.38;7;2;6.959608176;7.01212947;7.002785188
18.39;7;2;6.975074565;7.033717988;6.978941163
18.4;7;2;6.978941163;7.030818037;6.964763638
18.41;7;2;7.001818538;7.02662922;6.952197198
18.42;7;2;6.999240806;7.013418337;6.948008385
18.43;7;2;7.014707203;7.011485037;6.976041215
18.44;7;2;7.004718488;7.002785188;6.983452195
18.45;7;2;7.010518387;6.998274156;7.010518387
18.46;7;2;7.007296221;6.986996576;7.01696272
18.47;7;2;7.012773904;6.982485545;7.041128973
18.48;7;2;6.992796474;6.977330081;7.038873456
18.49;7;0;6.988929876;6.960897041;7.04145119
18.5;7;0;6.989252092;6.973141267;7.029851387
18.51;7;0;7.082372728;7.05143991;7.096872491
18.52;7;0;7.172271301;7.210615169;7.209970734
18.53;7;0;7.213837343;7.265069937;7.289558484
18.54;7;0;7.189026602;7.310180424;7.310180424
18.55;7;0;7.14681614;7.234781481;7.271836508
18.56;7;0;7.146171705;7.199981993;7.260236672
18.57;7;0;7.146493922;7.22833713;7.213192908
18.58;7;0;7.113305559;7.149716094;7.198370906
18.59;7;0;7.118138815;7.134571887;7.181293386
18.6;7;0;7.123294288;7.122327637;7.097839142
18.61;7;0;7.100416878;7.056273162;7.106216784
18.62;7;0;7.073350655;7.107505653;7.074317306
18.63;7;0;7.11427221;7.035651288;7.057884246
18.64;7;0;7.034040205;7.020507103;7.051117693
18.65;7;0;7.077539475;7.029206954;7.014707203
18.66;7;0;7.120394335;6.964441422;7.039195672
18.67;7;0;7.022118187;7.033395771;7.031140254
18.68;7;0;7.049184392;6.959608176;7.030818037
18.69;7;0;7.028562521;7.027918087;7.049506609
18.7;7;0;7.024373703;6.953486064;7.006329571
18.71;7;0;7.021473753;7.022118187;7.035329072
18.72;7;0;7.022118187;6.983129978;7.001496322
18.73;7;0;7.035006855;6.996663073;7.019540453
18.74;7;0;7.032751338;7.006007354;6.971207968
18.75;7;0;7.066584101;7.032429121;6.997629723
18.76;7;0;7.017607153;7.024373703;6.942530707
18.77;7;0;7.042095623;7.01696272;6.962508123
18.78;7;0;7.078183909;7.041773407;6.960897041
18.79;7;0;6.968308019;6.989896525;6.991829825
18.8;7;0;7.084628247;7.010840604;7.005040705
18.81;7;0;7.053373211;6.968952452;7.044028924
18.82;7;0;6.99601864;7.019218237;7.031140254
18.83;7;0;7.019540453;6.958641526;7.033073554
18.84;7;0;6.976685648;6.959608176;7.043062274
18.85;7;0;6.998596373;6.95831931;7.000851889
18.86;7;0;7.005685138;6.982485545;7.032751338
18.87;7;0;7.024051487;6.994085341;6.998596373
18.88;7;0;6.990540958;7.032106904;7.011807254
18.89;7;0;6.988285443;7.028884737;6.963474773
18.9;7;0;7.005685138;7.021151537;6.975074565
18.91;7;0;7.004396271;7.049506609;6.940597409
18.92;7;0;7.049506609;6.986996576;6.954130496
18.93;7;0;7.001496322;7.04338449;6.959608176
18.94;7;0;7.043062274;7.035973505;6.993118691
18.95;7;0;7.052728777;6.980552246;7.004396271
18.96;7;0;6.972174617;6.973463483;7.048217742
18.97;7;0;7.055628728;6.972496834;7.033073554
18.98;7;0;7.01406277;6.961541474;7.034040205
18.99;7;2;6.994407557;6.965408071;7.04145119
19;7;2;6.928030972;6.971852401;7.003751838
19.01;7;2;6.766922983;6.84489921;6.84167705
19.02;7;2;6.717946218;6.697002216;6.702802093
19.03;7;2;6.766922983;6.726968252;6.609681894
19.04;7;2;6.81267762;6.755001005;6.607104174
19.05;7;2;6.870354275;6.807522166;6.668002837
19.06;7;2;6.888076161;6.837488243;6.731479269
19.07;7;2;6.900320375;6.870032059;6.819444152
19.08;7;2;6.892587187;6.887753945;6.879054109
19.09;7;2;6.902898105;6.893876052;6.921586646
19.1;7;2;6.889365025;6.907086915;6.940597409
19.11;7;2;6.890331674;6.913209024;6.954774929
19.12;7;2;6.872609788;6.942852923;6.942852923
19.13;7;2;6.876154165;6.953163847;6.940597409
19.14;7;2;6.902898105;6.992152041;6.924808809
19.15;7;2;6.914175672;6.995374207;6.916753402
19.16;7;2;6.942530707;7.02179597;6.936730813
19.17;7;2;6.948975034;7.014384987;6.946075087
19.18;7;2;6.962508123;7.01792937;6.982485545
19.19;7;2;6.969596885;7.003107405;6.994729774
19.2;7;2;6.977007864;7.002140755;7.025018137
19.21;7;2;6.968630236;6.989252092;7.02566257
19.22;7;2;6.96734137;6.986996576;7.033395771
19.23;7;2;6.942530707;6.979907813;7.024373703
19.24;7;2;6.946397303;6.965730288;7.020507103
19.25;7;2;6.929642053;6.968308019;6.996663073
19.26;7;2;6.937697462;6.961219258;6.983774411
19.27;7;2;6.955419362;6.979585596;6.964763638
19.28;7;2;6.96283034;6.985063277;6.95380828
19.29;7;2;6.985063277;7.01696272;6.961219258
19.3;7;2;6.98667436;7.013418337;6.961541474
19.31;7;2;7.002785188;7.030818037;6.988929876
19.32;7;2;6.99601864;7.02469592;6.992474258
19.33;7;2;7.001174105;7.025340354;7.021473753
19.34;7;2;6.999885239;7.01502942;7.02759587
19.35;7;2;6.997307506;7.014384987;7.040162323
19.36;7;2;6.978618947;7.005362921;7.033073554
19.37;7;2;6.97281905;6.997307506;7.035973505
19.38;7;2;6.95380828;6.985063277;7.022118187
19.39;7;2;6.957352661;6.97926338;7.015351637
19.4;7;2;6.966696937;6.974107916;6.981841112
19.41;7;2;6.976041215;6.960252608;6.971207968
19.42;7;2;6.998596373;6.975718998;6.958641526
19.43;7;2;6.992152041;6.979585596;6.949297251
19.44;7;2;7.012451687;7.010518387;6.970885751
19.45;7;2;7.007296221;7.003429621;6.971207968
19.46;7;2;7.019218237;7.034040205;7.002785188
19.47;7;2;7.002785188;7.02179597;7.007296221
19.48;7;2;7.015351637;7.028562521;7.034684638
19.49;7;0;7.002462972;7.01986267;7.034684638
19.5;7;0;7.01889602;7.01599607;7.043706707
19.51;7;0;7.073995089;7.078828342;7.10235018
19.52;7;0;7.174526823;7.230592653;7.224148303
19.53;7;0;7.198048689;7.276347556;7.303091632
19.54;7;0;7.162282566;7.264103284;7.323391358
19.55;7;0;7.148749443;7.238648092;7.304702721
19.56;7;0;7.163893652;7.180648951;7.247025749
19.57;7;0;7.117172164;7.197726472;7.199659776
19.58;7;0;7.114916644;7.130383065;7.246381314
19.59;7;0;7.103961265;7.094939189;7.132960802
19.6;7;0;7.086561549;7.07496174;7.175815692
19.61;7;0;7.113305559;7.053695427;7.069161836
19.62;7;0;7.083339379;7.054662078;7.015673853
19.63;7;0;7.107183435;7.011807254;7.055306512
19.64;7;0;7.069484053;7.000851889;7.071417354
19.65;7;0;7.094294756;7.032751338;6.976685648
19.66;7;0;7.069484053;7.023084837;7.055628728
19.67;7;0;7.063361932;7.030818037;6.992474258
19.68;7;0;7.082372728;7.029851387;7.058850897
19.69;7;0;7.02276262;7.024051487;6.989574309
19.7;7;0;7.075606173;7.045317791;7.064328583
19.71;7;0;6.984741061;6.986352143;7.009873954
19.72;7;0;7.088817067;7.02566257;7.047573308
19.73;7;0;6.949297251;6.971530184;6.98667436
19.74;7;0;7.09912801;7.012773904;7.016640503
19.75;7;0;6.936408596;6.936730813;6.985385494
19.76;7;0;7.112983342;7.004396271;7.003751838
19.77;7;0;6.948652818;6.954452713;6.952197198
19.78;7;0;7.090428152;6.969596885;6.965730288
19.79;7;0;7.01406277;6.990540958;6.958963743
19.8;7;0;7.042740057;7.031140254;6.98764101
19.81;7;0;7.074639523;7.037262372;6.991185392
19.82;7;0;7.029851387;7.019540453;7.04145119
19.83;7;0;7.046928875;7.050151043;7.033395771
19.84;7;0;7.02469592;6.99505199;7.025340354
19.85;7;0;6.998918589;7.04145119;7.051762127
19.86;7;0;7.038551239;7.020184887;7.005040705
19.87;7;0;6.945430654;6.991829825;7.036940155
19.88;7;0;6.953163847;6.964441422;7.01502942
19.89;7;0;6.986352143;6.968630236;7.006007354
19.9;7;0;7.008262871;6.951230549;6.972496834
19.91;7;0;7.024051487;6.964441422;6.983129978
19.92;7;0;7.01502942;6.98570771;6.947363952
19.93;7;0;7.025984787;7.003107405;6.958641526
19.94;7;0;7.011807254;7.008262871;6.958641526
19.95;7;0;7.024373703;7.035651288;6.988607659
19.96;7;0;7.02179597;7.01696272;6.990540958
19.97;7;0;7.004074055;7.02759587;7.040484539
19.98;7;0;7.045640008;7.02276262;7.036940155
19.99;7;0;6.968308019;7.012451687;7.01986267
20;7;0;7.043706707;7.037262372;7.050795476
