Zeit [s];r [v];l [v];u [v];y [v]
;-;-;-;-
0;4;2;1;1
0;ebbd34;e0162e;8888FF;0000AA
0;0;0;0.040483126447985;-0.00364348141851859
0.01;0;0;0.0142685740980798;-0.00102392300063827
0.02;0;0;0.0492563274482236;-0.00409968347627339
0.03;0;0;0.0211996511527732;-0.00128174804019085
0.04;0;0;0.0319220646247802;-0.00215521183012575
0.05;0;0;0.0360942590500011;-0.00237676562709645
0.06;0;0;0.0394147936345248;-0.00250584476630811
0.07;0;0;0.024893061349142;-0.00101989993206871
0.08;0;0;0.0188326597302245;-0.000401613786689704
0.09;0;0;0.0219374904100621;-0.000652361854660688
0.1;0;0;0.0182790244701239;-0.000276502643641998
0.11;0;0;0.0180730562063842;-0.000238215314281363
0.12;0;0;0.0248098132855104;-0.000827508081703314
0.13;0;0;0.00837144401397957;0.000711052886240492
0.14;0;0;0.0287732802744838;-0.00117590189437637
0.15;0;0;0.0452611577216419;-0.00257581788898157
0.16;0;0;0.0359218516283849;-0.00155129333778055
0.17;0;0;0;0.00208191942771737
0.18;0;0;0.0250826426847562;-0.000464957952037392
0.19;0;0;0.0301525500135101;-0.000888038337727076
0.2;0;0;0.0275187806358039;-0.000587567784061043
0.21;0;0;0.025560215027124;-0.000369327753553327
0.22;0;0;0.0219618876706551;-1.90977384415796e-05
0.23;0;0;0.0218008618824323;-3.24129827699703e-06
0.24;0;0;0.0184933638327253;0.00029466504550442
0.25;0;0;0;0.00196642126353399
0.26;0;0;0.0189899289613238;0.000228926584323654
0.27;0;0;0.00542348024519636;0.00143355507758176
0.28;0;0;0.0122996382895967;0.000712304047857252
0.29;0;0;0.0175601532624227;0.00018797882889219
0.3;0;0;0.0276808646350633;-0.000736312267829703
0.31;0;0;0.0251328835711417;-0.00045440023836442
0.32;0;0;0.0218288153860019;-0.000124576941639459
0.33;0;0;0.0327965613297541;-0.00110277573777539
0.34;0;0;0;0.00251806281582634
0.35;0;0;0.00977650956074674;0.00104779852400151
0.36;0;0;0.0289867165423124;-0.00075596288052168
0.37;0;0;0.0310170707517705;-0.000884697414365842
0.38;0;0;0.0204182607305146;0.000132388168484053
0.39;0;0;0.0101075724902193;0.00105089381791214
0.4;0;0;0.0223107053974547;-0.000122452005764846
0.41;0;0;0.0331448148499918;-0.00108877529813428
0.42;0;0;0.0274268363762504;-0.000496387566855938
0.43;0;0;0.0167304615961476;0.000501742425647941
0.44;0;0;0.00379360121764543;0.00163022112212927
0.45;0;0;0.0188594206593944;0.000157852984559856
0.46;0;0;0.00800914842888409;0.00112310227860481
0.47;0;0;0.0251173095383816;-0.000496853834785219
0.48;0;0;0.0188494167825085;0.000102746076942641
0.49;0;0;0.0169404159804345;0.000267217142033898
0.5;1;0;10;-0.0015421061596994
0.51;1;0;7.1638887283152;0.357022818663307
0.52;1;0;2.76296812679113;0.799032619825808
0.53;1;0;1.60827587162296;0.917309736879143
0.54;1;0;1.37629234617047;0.944094701552456
0.55;1;0;1.36103463099169;0.949461131252757
0.56;1;0;1.34908943049313;0.954146118198323
0.57;1;0;1.34490188532439;0.95779827421187
0.58;1;0;1.32942941898972;0.962205204837579
0.59;1;0;1.34046190615624;0.963911908846447
0.6;1;0;1.33687002495653;0.966812898582725
0.61;1;0;1.32765137753938;0.970013083718629
0.62;1;0;1.35223195616488;0.96994275381351
0.63;1;0;1.36851743000049;0.970624006907946
0.64;1;0;1.32691986062558;0.976466073004788
0.65;1;0;1.323159339394;0.978485514279259
0.66;1;0;1.36430405805323;0.976319238108222
0.67;1;0;1.33515242934726;0.980634367281641
0.68;1;0;1.35621225351475;0.980122242123424
0.69;1;0;1.32395653712775;0.984445096033357
0.7;1;0;1.34692752318637;0.983488771379371
0.71;1;0;1.35417154025194;0.984016182854886
0.72;1;0;1.32082598312423;0.988158983795449
0.73;1;0;1.31915320888354;0.989155319882285
0.74;1;0;1.35156519357779;0.987012860766959
0.75;1;0;1.35120889908152;0.987972579609028
0.76;1;0;1.30634250210853;0.992869656367467
0.77;1;0;1.37369850390746;0.98731692592143
0.78;1;0;1.32729725255488;0.992398971984179
0.79;1;0;1.34107660107746;0.991701760698503
0.8;1;0;1.34008443787991;0.99238378629025
0.81;1;0;1.34734244033566;0.992274580850747
0.82;1;0;1.35756571629049;0.99190630118317
0.83;1;0;1.32200989734636;0.995684445791948
0.84;1;0;1.34146415989822;0.99424181553362
0.85;1;0;1.35858573173024;0.993112172465805
0.86;1;0;1.29786493617451;0.999069031330884
0.87;1;0;1.34409474690034;0.994974845597189
0.88;1;0;1.3567895614965;0.994191251397204
0.89;1;0;1.35644047522171;0.994637579305475
0.9;1;0;1.33830379241112;0.996652910353971
0.91;1;0;1.33691076123639;0.997017360518044
0.92;1;0;1.33659260297956;0.997259039964737
0.93;1;0;1.34902058746421;0.996336303736241
0.94;1;0;1.34286558127094;0.997151946420981
0.95;1;0;1.33718998816323;0.997866181735424
0.96;1;0;1.34440404696524;0.997369331557696
0.97;1;0;1.3187745058594;0.999863894704223
0.98;1;0;1.35845818725352;0.996302084677949
0.99;1;0;1.32719020354461;0.999380339590829
1;0;0;0;1.00003779065895
1.01;0;0;0;0.898227007863304
1.02;0;0;0;0.80777295915529
1.03;0;0;0;0.721085535129369
1.04;0;0;0;0.64179113844842
1.05;0;0;0;0.568227026935374
1.06;0;0;0;0.507621498974052
1.07;0;0;0;0.449838417703947
1.08;0;0;0;0.400153959233115
1.09;0;0;0;0.356661618720568
1.1;0;0;0;0.317978885975979
1.11;0;0;0;0.283025122075859
1.12;0;0;0;0.253835923673236
1.13;0;0;0;0.22832693964887
1.14;0;0;0;0.205748137990868
1.15;0;0;0;0.18268464743864
1.16;0;0;0;0.161534819149917
1.17;0;0;0;0.148778121466441
1.18;0;0;0;0.132434304340282
1.19;0;0;0;0.120726292061497
1.2;0;0;0.114649461079422;0.108552919968214
1.21;0;0;0.116366258624997;0.100644629224548
1.22;0;0;0.112311884451818;0.0938206218877844
1.23;0;0;0.0766956136465953;0.090324614405209
1.24;0;0;0.0990879316575091;0.0818575487169653
1.25;0;0;0.0879595320128446;0.0770121380893035
1.26;0;0;0;0.082893982945207
1.27;0;0;0.1469118002039;0.0662055658670609
1.28;0;0;0.140959885723843;0.0620122704150605
1.29;0;0;0.100688255877338;0.0612072704998354
1.3;0;0;0.0862633538306068;0.0581335650606491
1.31;0;0;0.0759922447226118;0.0549055686553667
1.32;0;0;0.0626174439043709;0.0521874756922095
1.33;0;0;0.0772264568571415;0.0471449889721119
1.34;0;0;0.0582664518129759;0.0454838915428254
1.35;0;0;0.0648109876854797;0.0416460352305106
1.36;0;0;0.0352247759394931;0.0413340788437889
1.37;0;0;0.0304358263015071;0.0388126514456309
1.38;0;0;0.0462439325348018;0.0346175909645847
1.39;0;0;0.0369067642546627;0.0329852524021713
1.4;0;0;0.0318645013244599;0.0310829679701051
1.41;0;0;0.0333324327159572;0.0287306435069701
1.42;0;0;0.030774404072789;0.0269086786319692
1.43;0;0;0.0384556519422262;0.0242953192128552
1.44;0;0;0.0289888036011882;0.0234119570038099
1.45;0;0;0.0467570277372374;0.0201405355469905
1.46;0;0;0.0232098732376479;0.0208211711734324
1.47;0;0;0.0149608701006073;0.020076356327856
1.48;0;0;0.0314931422482811;0.0171544277428223
1.49;0;0;0.0276718932771975;0.0162730252666495
1.5;5;0;10;0.0171547876400042
1.51;5;0;10;0.406104379655186
1.52;5;0;10;1.06363849498409
1.53;5;0;10;1.69861169035248
1.54;5;0;10;2.28764860056791
1.55;5;0;10;2.83874742715867
1.56;5;0;10;3.35164867691877
1.57;5;0;10;3.82766014480932
1.58;5;0;8.2920929686532;4.27131381065006
1.59;5;0;5.69855952867177;4.55678083411371
1.6;5;0;5.1984232258456;4.63345161074479
1.61;5;0;5.12139289496993;4.66656636519204
1.62;5;0;5.08538755307856;4.69362353084823
1.63;5;0;5.07429389182353;4.71650599041588
1.64;5;0;5.08969832710477;4.73536915977093
1.65;5;0;5.09794785677114;4.75352890131184
1.66;5;0;5.0519236880544;4.77527615128213
1.67;5;0;5.11149047563935;4.78596684000262
1.68;5;0;5.08350286232567;4.80377380421051
1.69;5;0;5.08553161218617;4.81760736962144
1.7;5;0;5.08289266259451;4.83087291611802
1.71;5;0;5.07611544273099;4.84356336785764
1.72;5;0;5.11666326209427;4.8510881051382
1.73;5;0;5.08310836343532;4.86474460584636
1.74;5;0;5.08596130032453;4.87414893694127
1.75;5;0;5.0615298622965;4.88533712383929
1.76;5;0;5.08278035520289;4.89161478067101
1.77;5;0;5.08233120320369;4.89939700148767
1.78;5;0;5.08108081143284;4.90669546094914
1.79;5;0;5.06972419223213;4.91438216233884
1.8;5;0;5.09510628493131;4.91821332950724
1.81;5;0;5.09803873198293;4.92379131000207
1.82;5;0;5.07893986311901;4.93095368176314
1.83;5;0;5.0823536748876;4.93557831425169
1.84;5;0;5.08403403871428;4.94002862616093
1.85;5;0;5.06641361896385;4.94589812918595
1.86;5;0;5.09601708034543;4.94709823264365
1.87;5;0;5.06996809893332;4.95322133433757
1.88;5;0;5.06036338768587;4.95742708729045
1.89;5;0;5.10433484715868;4.95651057390473
1.9;5;0;5.07570346249984;4.96219378181655
1.91;5;0;5.08615563621118;4.96395352601487
1.92;5;0;5.08329955251086;4.96678531738835
1.93;5;0;5.0526784487606;4.97191368978756
1.94;5;0;5.09674951466943;4.9699534545351
1.95;5;0;5.08942764166248;4.97275860065802
1.96;5;0;5.08139946109804;4.97542694689014
1.97;5;0;5.07623915812188;4.97764658798662
1.98;5;0;5.06865765109525;4.97992559166836
1.99;5;0;5.08891165768341;4.97953661313254
2;5;0;5.05958083657826;4.98363805333526
2.01;5;0;5.08999420798321;4.9820695561483
2.02;5;0;5.07508322135266;4.98469228676242
2.03;5;0;5.09509868409117;4.98398429901043
2.04;5;0;5.07492828390848;4.98694360953268
2.05;5;0;5.06936751147883;4.98837667423085
2.06;5;0;5.08981139291249;4.9873669583074
2.07;5;0;5.08103486033462;4.9890592022595
2.08;5;0;5.07225975472792;4.99063044323024
2.09;5;0;5.07712888518445;4.99086147145914
2.1;5;0;5.09254491558031;4.99012677668534
2.11;5;0;5.06560304953023;4.99325677085025
2.12;5;0;5.06389365363062;4.9938922716768
2.13;5;0;5.07073975739917;4.99371238462641
2.14;5;0;5.11316874400638;4.99034288718149
2.15;5;0;5.05052532341694;4.99667058489949
2.16;5;0;5.07144600439972;4.99502553499133
2.17;5;0;5.08979961356485;4.99372902513745
2.18;5;0;5.09440873023529;4.99376212748986
2.19;5;0;5.06560141375957;4.99680034442166
2.2;5;0;5.08119234696801;4.9956257033559
2.21;5;0;5.09402360952105;4.9947833356069
2.22;5;0;5.07337584071795;4.99701424985719
2.23;5;0;5.07817516328181;4.99679557485551
2.24;5;0;5.0664382475443;4.99808078097886
2.25;5;0;5.08244673854967;4.99677710004729
2.26;5;0;5.09074650788476;4.99626032416188
2.27;5;0;5.05837550876471;4.99944083005877
2.28;5;0;5.07373606333959;4.99809831709591
2.29;5;0;5.0888708849762;4.9968720139029
2.3;5;0;5.07507911978927;4.99833669665797
2.31;5;0;5.08001775426702;4.99801102324328
2.32;5;0;5.08131940667831;4.99803594062389
2.33;5;0;5.09935402234754;4.99655311150069
2.34;5;0;5.05142150221798;5.00111324104927
2.35;5;0;5.09705332122026;4.99692685645504
2.36;5;0;5.07449531767435;4.9991765834543
2.37;5;0;5.06709188886272;4.99990170393957
2.38;5;0;5.07008042080711;4.99963975364281
2.39;5;0;5.10583349198109;4.99644770553863
2.4;5;0;5.07304420463517;4.9996524732276
2.41;5;0;5.08933045124881;4.99821153084539
2.42;5;0;5.05164710700922;5.00173077616799
2.43;5;0;5.08906211693217;4.99823979488791
2.44;5;0;5.08556220051642;4.99868051284915
2.45;5;0;5.09700918969406;4.99774452945455
2.46;5;0;5.07406794731952;4.99997034290829
2.47;5;0;5.07028862475144;5.00031259689751
2.48;5;0;5.05405519497532;5.0017512738501
2.49;5;0;5.09152966888545;4.9982534767945
2.5;0;0;0;4.99912360699769
2.51;0;0;0;4.62509989959783
2.52;0;0;0;4.27598703853058
2.53;0;0;0;3.95157153789631
2.54;0;0;0;3.64978314195297
2.55;0;0;0;3.36770033969489
2.56;0;0;0;3.10622126255913
2.57;0;0;0;2.86140956123335
2.58;0;0;0;2.63378238812812
2.59;0;0;0;2.42392387368506
2.6;0;0;0;2.22623128213274
2.61;0;0;0;2.04171052971603
2.62;0;0;0;1.87093686856124
2.63;0;0;0;1.71475585052998
2.64;0;0;0;1.56519522017492
2.65;0;0;0;1.42460886176577
2.66;0;0;0;1.29846571188986
2.67;0;0;0;1.18035460011456
2.68;0;0;0;1.06846731130719
2.69;0;0;0;0.963901586752418
2.7;0;0;0;0.868358987525939
2.71;0;0;0;0.776193627679115
2.72;0;0;0;0.695504772337974
2.73;0;0;0;0.618098830861156
2.74;0;0;0;0.541035285772372
2.75;0;0;0;0.486801230863411
2.76;0;0;0.246800151963252;0.434401612604025
2.77;0;0;0.291959916502525;0.399308554244373
2.78;0;0;0.26185979360428;0.373495532990304
2.79;0;0;0.261798290310366;0.34682282328481
2.8;0;0;0.245723017731518;0.323496546485554
2.81;0;0;0.206186282189217;0.30394796409454
2.82;0;0;0.220758589060578;0.28092589522525
2.83;0;0;0.233745595154463;0.25969093699852
2.84;0;0;0.213192930797993;0.24299133194535
2.85;0;0;0.20041271519261;0.226785035484691
2.86;0;0;0.165479332015707;0.213730116780845
2.87;0;0;0.149436008923479;0.199907586883524
2.88;0;0;0.174092000746347;0.183409442207357
2.89;0;0;0.157145423281404;0.1718339677531
2.9;0;0;0.133003213788733;0.161732919817672
2.91;0;0;0.131049746860712;0.150356388473991
2.92;0;0;0.122477571517337;0.140388150296104
2.93;0;0;0.120520869866984;0.13053653650689
2.94;0;0;0.121539744411593;0.121120807568713
2.95;0;0;0.115588702047033;0.113004923234952
2.96;0;0;0.109721793425183;0.105461172891944
2.97;0;0;0.0953435139363742;0.0992222852459487
2.98;0;0;0.0996499287517819;0.0917474099227914
2.99;0;0;0.0829793963791857;0.0866943795300306
3;0;0;0.0863883792490896;0.0801951234791309
3.01;0;0;0.0857227763798368;0.0745268127164959
3.02;0;0;0.0643041326409552;0.0711311549813937
3.03;0;0;0.0574281305165651;0.0666692064511686
3.04;0;0;0.0399258215155201;0.0634823361439871
3.05;0;0;0.0549349139313749;0.0575970732528326
3.06;0;0;0.0795660002130945;0.0512662068123546
3.07;0;0;0.0493228880066695;0.0503262230201635
3.08;0;0;0.0765857480930503;0.044277843339214
3.09;0;0;0.0495738377008867;0.0435462201574553
3.1;0;0;0.045945122472337;0.0407623681582824
3.11;0;0;0.0188726056390997;0.0402873048727117
3.12;0;0;0.0384525456503902;0.0356474534885355
3.13;0;0;0.0368781583115055;0.0332429095216764
3.14;0;0;0.0452312333688509;0.030116647043789
3.15;0;0;0.0308650882685596;0.0292584188391437
3.16;0;0;0.0387546665603169;0.0264584774916819
3.17;0;0;0.0415852939964446;0.0243138375101085
3.18;0;0;0.0344048699965432;0.0232233807088659
3.19;0;0;0.0515402445278167;0.0200223917570455
3.2;0;0;0.0171776944082224;0.0216848581141286
3.21;0;0;0.0266445035578811;0.0192839344600214
3.22;0;0;0.0123946368248725;0.0191890061762561
3.23;0;0;0.0289260755679244;0.0163305409281114
3.24;0;0;0.0542019311151333;0.0128892542212134
3.25;0;0;0.0113986688577494;0.0158208943480086
3.26;0;0;0.0231997005554657;0.0136287450586634
3.27;0;0;0.00678582883444249;0.0141325191666058
3.28;0;0;0.0194873783574548;0.0119799214342481
3.29;0;0;0.0368766724618772;0.00955918363678853
3.3;0;0;0.0330021348415063;0.00922510052842469
3.31;0;0;0.0149391868802774;0.0101918374089674
3.32;0;0;0.0103796367438648;0.00987421580080923
3.33;0;0;0.022534375599614;0.00807499539143626
3.34;0;0;0.0220744641148213;0.00753960923799324
3.35;0;0;0.0222142576505755;0.00698849146678279
3.36;0;0;0.0290951457192707;0.00587004070297497
3.37;0;0;0.00609139897551958;0.00752109640884132
3.38;0;0;0.0253107362790408;0.00525414192143949
3.39;0;0;0.0280965536496728;0.00462812953538957
3.4;0;0;0.0305674222002608;0.00407517768089711
3.41;0;0;0.0045997895522086;0.00612118748903531
3.42;0;0;0.0239313645781369;0.00394412496663384
3.43;0;0;0.0255124457958363;0.00352011134113487
3.44;0;0;0.0213934865551776;0.00363938801674055
3.45;0;0;0.0260669312672281;0.00295882853145324
3.46;0;0;0.0193829936042115;0.0033490448302881
3.47;0;0;0.0215400968875582;0.00291569480808311
3.48;0;0;0.0226100451237975;0.00261114228167602
3.49;0;0;0.018336307525568;0.00280927520457764
3.5;8;0;10;0.00368185684046825
3.51;8;0;10;0.366591219261805
3.52;8;0;10;1.01899244678892
3.53;8;0;10;1.65502906908822
3.54;8;0;10;2.24631378568428
3.55;8;0;10;2.80226848200794
3.56;8;0;10;3.31777154425514
3.57;8;0;10;3.79701890836743
3.58;8;0;10;4.24293399495316
3.59;8;0;10;4.65769580736222
3.6;8;0;10;5.04272750105797
3.61;8;0;10;5.40503762576794
3.62;8;0;10;5.73803070275452
3.63;8;0;10;6.05094200238358
3.64;8;0;10;6.34177260913229
3.65;8;0;10;6.61122446344343
3.66;8;0;10;6.86372731082093
3.67;8;0;10;7.09755358964161
3.68;8;0;7.61230930134928;7.31915404567921
3.69;8;0;7.88601915607118;7.34315200547757
3.7;8;0;7.89171658467584;7.38955694372942
3.71;8;0;7.90522140115057;7.43194457840574
3.72;8;0;7.90154067172506;7.4728512238453
3.73;8;0;7.89976427733262;7.51066457570492
3.74;8;0;7.89325453469856;7.54620297504394
3.75;8;0;7.8891490989988;7.57898652951258
3.76;8;0;7.92701068249221;7.60565136961865
3.77;8;0;7.87801452937063;7.63822877455473
3.78;8;0;7.89065857844758;7.66293160361981
3.79;8;0;7.90272204207904;7.68592219749223
3.8;8;0;7.91159778777009;7.70755750062249
3.81;8;0;7.85185612735109;7.73382299149767
3.82;8;0;7.91123519176758;7.74749151045299
3.83;8;0;7.8793453763873;7.76839790584906
3.84;8;0;7.89774747939046;7.78328471452709
3.85;8;0;7.88114999853911;7.80025814226818
3.86;8;0;7.8994776984869;7.81287591596691
3.87;8;0;7.88817155552978;7.82725946597779
3.88;8;0;7.8833130537897;7.84003533181479
3.89;8;0;7.88600787920387;7.85121883633343
3.9;8;0;7.88374247577702;7.86204993968589
3.91;8;0;7.90189553179508;7.8702697314176
3.92;8;0;7.87533894673143;7.88192626290472
3.93;8;0;7.8925700428367;7.88880929364341
3.94;8;0;7.90330365902899;7.89578545253177
3.95;8;0;7.87226335430111;7.90602296728424
3.96;8;0;7.87260924339324;7.91270447350829
3.97;8;0;7.88459542904348;7.91786110259614
3.98;8;0;7.88710550179334;7.92350225121945
3.99;8;0;7.88348895032865;7.92929185685491
4;8;0;7.8887667589176;7.93386742683265
4.01;8;0;7.87231400453405;7.94007192109068
4.02;8;0;7.88068627978816;7.94359898451273
4.03;8;0;7.90353251400464;7.94557145853679
4.04;8;0;7.8896415882707;7.9507093860176
4.05;8;0;7.88256552057315;7.95486698146945
4.06;8;0;7.88393364389838;7.95796762864172
4.07;8;0;7.8953425315121;7.95994313224801
4.08;8;0;7.87242145494032;7.96486722529365
4.09;8;0;7.87639633201434;7.96701896157772
4.1;8;0;7.88360952019691;7.96872555444154
4.11;8;0;7.86719203253253;7.97243700869643
4.12;8;0;7.89629906895602;7.97178615189319
4.13;8;0;7.88555129994776;7.97476871742746
4.14;8;0;7.88094727755249;7.97698530539563
4.15;8;0;7.8938102506109;7.97747153607697
4.16;8;0;7.87104103054893;7.98112993344685
4.17;8;0;7.87033401758558;7.98254141808837
4.18;8;0;7.88488231615919;7.98247910438091
4.19;8;0;7.8786728245894;7.98428944282406
4.2;8;0;7.89504523585881;7.98393810013578
4.21;8;0;7.899197647544;7.98471165336761
4.22;8;0;7.89301203430456;7.98636037508682
4.23;8;0;7.86079442435106;7.99023421073228
4.24;8;0;7.87649286669607;7.98951889910879
4.25;8;0;7.89278976994258;7.9888008197321
4.26;8;0;7.87781669151339;7.99094833016053
4.27;8;0;7.89476162351509;7.99006982605144
4.28;8;0;7.88062085993983;7.99205178490817
4.29;8;0;7.86152644850155;7.99433800362117
4.3;8;0;7.88418788768743;7.99270289443514
4.31;8;0;7.90193334107499;7.99162701753195
4.32;8;0;7.87251999902853;7.9948722806537
4.33;8;0;7.90738121771567;7.99210102877024
4.34;8;0;7.86129207937205;7.99681325570441
4.35;8;0;7.87714855418727;7.99561378978397
4.36;8;0;7.8972234029659;7.99412034638158
4.37;8;0;7.89310792292443;7.99491070716641
4.38;8;0;7.85409186862812;7.99878566536107
4.39;8;0;7.87221944652976;7.99724091390398
4.4;8;0;7.89784492464328;7.99513169085262
4.41;8;0;7.88976334493939;7.99620676186894
4.42;8;0;7.89265725556142;7.99621724799319
4.43;8;0;7.86524990309735;7.99895409885204
4.44;8;0;7.88828180268593;7.9969559276618
4.45;8;0;7.8954397529889;7.9965291384781
4.46;8;0;7.87514378309342;7.99860368711767
4.47;8;0;7.8684531483411;7.99930557356726
4.48;8;0;7.88982949218239;7.99743129720557
4.49;8;0;7.87859135329822;7.99862620124424
4.5;0;0;0;7.99741259260729
4.51;0;0;0;7.41649994468142
4.52;0;0;0;6.87662160192182
4.53;0;0;0;6.37171940414662
4.54;0;0;0;5.90327369645858
4.55;0;0;0;5.46648258347859
4.56;0;0;0;5.05917084198598
4.57;0;0;0;4.68125115670431
4.58;0;0;0;4.32826352514085
4.59;0;0;0;3.99857855089177
4.6;0;0;0;3.69504423722558
4.61;0;0;0;3.40875961027546
4.62;0;0;0;3.14241280944247
4.63;0;0;0;2.89839623742629
4.64;0;0;0;2.6672816484171
4.65;0;0;0;2.45576795465682
4.66;0;0;0;2.25363615781219
4.67;0;0;0;2.06777899156663
4.68;0;0;0;1.89634317354667
4.69;0;0;0;1.73576174907875
4.7;0;0;0;1.58682532663765
4.71;0;0;0;1.44830271570923
4.72;0;0;0;1.31872015192746
4.73;0;0;0;1.19607677072368
4.74;0;0;0;1.08440897056311
4.75;0;0;0;0.979140103547473
4.76;0;0;0;0.883375479882869
4.77;0;0;0;0.792839265089204
4.78;0;0;0.0016654555789741;0.70764378332853
4.79;0;0;0.334867954258974;0.627109584330113
4.8;0;0;0.348956817407012;0.581048055904958
4.81;0;0;0.33696092038998;0.540624265278848
4.82;0;0;0.341771300568299;0.501575323467568
4.83;0;0;0.324038692026287;0.467344460941354
4.84;0;0;0.304012658729242;0.435765068383267
4.85;0;0;0.276921853729426;0.407077176296894
4.86;0;0;0.281787363594102;0.377562351092213
4.87;0;0;0.283024869010052;0.350482248187884
4.88;0;0;0.261835637477238;0.327354844778376
4.89;0;0;0.226489621780686;0.307153509411359
4.9;0;0;0.206841422409658;0.286982323142179
4.91;0;0;0.209503588475162;0.26624400303309
4.92;0;0;0.204714196916061;0.247657631744629
4.93;0;0;0.204154463600292;0.230018189197831
4.94;0;0;0.170831747303355;0.216587375364197
4.95;0;0;0.179697955438102;0.200318902155105
4.96;0;0;0.171105024523234;0.186783785299611
4.97;0;0;0.159335329237361;0.174501371313472
4.98;0;0;0.146593737577265;0.163183743292598
4.99;0;0;0.134479823619503;0.152618026280432
5;0;0;0.111817532591365;0.14375635728369
5.01;0;0;0.13450406853293;0.131446270164303
5.02;0;0;0.131087271531694;0.12236477496865
5.03;0;0;0.112602165149416;0.115288105846506
5.04;0;0;0.0961431575129846;0.10853456418122
5.05;0;0;0.0732984577739495;0.102838130622306
5.06;0;0;0.0891930277243802;0.0940620508401506
5.07;0;0;0.0927270512108803;0.087025283073486
5.08;0;0;0.0802303945660781;0.0819339027773407
5.09;0;0;0.0721505594140865;0.0768086785322785
5.1;0;0;0.072796260977077;0.0712642433883516
5.11;0;0;0.0837205764828145;0.065190764029358
5.12;0;0;0.0475219876202209;0.0637921660302742
5.13;0;0;0.0794313562050746;0.0563637516092973
5.14;0;0;0.0602908603823202;0.0540604260334796
5.15;0;0;0.0713249536052095;0.0492059106268258
5.16;0;0;0.045688913486338;0.0479984583183149
5.17;0;0;0.0507990599308761;0.044110095736135
5.18;0;0;0.0490360914369514;0.041118053648469
5.19;0;0;0.031515447226152;0.0397579196385059
5.2;0;0;0.0545798975915803;0.0348422794596244
5.21;0;0;0.018666097329128;0.0355857990091424
5.22;0;0;0.0311971135459063;0.0319161764365276
5.23;0;0;0.0393388212082034;0.0289037074931726
5.24;0;0;0.0451825198504818;0.0263132356719086
5.25;0;0;0.024892585302835;0.0262598245175148
5.26;0;0;0.0309924604996687;0.0238351454907729
5.27;0;0;0.0353965287828788;0.0217362804000602
5.28;0;0;0.014685557985959;0.0220476877373988
5.29;0;0;0.0203693101523437;0.0199613265479059
5.3;0;0;0.0372491191679318;0.0170163459828758
5.31;0;0;0.0140546702493671;0.0178884043784933
5.32;0;0;0.0343499956529006;0.0147840931030969
5.33;0;0;0.0462164054290135;0.0126601207163825
5.34;0;0;0.0690739084357607;0.00969866219365957
5.35;0;0;0.0131862955266555;0.0140357968829247
5.36;0;0;0.0188670894024604;0.0125219795039305
5.37;0;0;0.0278256786054382;0.0108212903061263
5.38;0;0;0.0359023265569667;0.00932145357296337
5.39;0;0;0.00982062578359207;0.0110029994032393
5.4;0;0;0.020612942415095;0.00924577315874034
5.41;0;0;0.0205934668042879;0.00858712433851712
5.42;0;0;0.0351012911490661;0.00666806480202565
5.43;0;0;0.00408647311529304;0.00898311875607842
5.44;0;0;0.0198527226546541;0.00692251552953022
5.45;0;0;0.00292540449199183;0.00795151932507192
5.46;0;0;0.0299702765532221;0.00494952563342803
5.47;0;0;0.00781044362507875;0.00659038351399246
5.48;0;0;0.0289898303951877;0.00421350739065662
5.49;0;0;0.0397652520371818;0.00294276495922165
5.5;9;0;10;0.00468668626986568
5.51;9;0;10;0.37483059265526
5.52;9;0;10;1.02733624787706
5.53;9;0;10;1.66394283928631
5.54;9;0;10;2.25794716247463
5.55;9;0;10;2.80898936731589
5.56;9;0;10;3.32285187422507
5.57;9;0;10;3.79976360737182
5.58;9;0;10;4.24665022915393
5.59;9;0;10;4.66218109601928
5.6;9;0;10;5.04870756294912
5.61;9;0;10;5.40660680975312
5.62;9;0;10;5.74409811054123
5.63;9;0;10;6.05568107355472
5.64;9;0;10;6.34399304835562
5.65;9;0;10;6.61344379818905
5.66;9;0;10;6.86750582872339
5.67;9;0;10;7.10134688295947
5.68;9;0;10;7.31946761006253
5.69;9;0;10;7.52129026660752
5.7;9;0;10;7.71395417200474
5.71;9;0;10;7.88710815625704
5.72;9;0;10;8.05188876428004
5.73;9;0;8.91964918455265;8.20354705636838
5.74;9;0;8.87397677208063;8.26454706124735
5.75;9;0;8.83083742032192;8.32096194718235
5.76;9;0;8.8263987076651;8.36986414060546
5.77;9;0;8.8505748963746;8.41269797884735
5.78;9;0;8.83654353622533;8.45591093645887
5.79;9;0;8.8622899934623;8.49245725045829
5.8;9;0;8.79873157268966;8.5344305524086
5.81;9;0;8.83187949546763;8.56470219019244
5.82;9;0;8.82717670374574;8.59621813235413
5.83;9;0;8.8297947309895;8.62482406195885
5.84;9;0;8.84251127424114;8.65047784432418
5.85;9;0;8.80830384410723;8.67852237122292
5.86;9;0;8.83247398959656;8.69930973567816
5.87;9;0;9.0169231448142;8.70418717729424
5.88;9;0;8.68246897657231;8.75541752980237
5.89;9;0;8.82221873612311;8.76031021733405
5.9;9;0;8.79862071005779;8.77955472803475
5.91;9;0;8.82935933497212;8.79253433214508
5.92;9;0;8.82428418415095;8.80781006150184
5.93;9;0;8.81932318342264;8.82198439379762
5.94;9;0;8.81662408138071;8.83494270288159
5.95;9;0;8.83653981411432;8.84494008329336
5.96;9;0;8.82959079340277;8.85664119293464
5.97;9;0;8.79966413981414;8.8695744960036
5.98;9;0;8.82318794619757;8.87677345025487
5.99;9;0;8.84943066942867;8.88321349097836
6;9;0;8.80675816992278;8.8953958989167
6.01;9;0;8.8195511597213;8.90171624076928
6.02;9;0;8.82931786626472;8.90785749514459
6.03;9;0;8.81861910370368;8.91540198074987
6.04;9;0;8.80513769521872;8.92265801267779
6.05;9;0;8.80016274946282;8.9286301749752
6.06;9;0;8.82618528616297;8.93138598082362
6.07;9;0;8.83829794570708;8.93519683238582
6.08;9;0;8.81882817785964;8.9415778987894
6.09;9;0;8.81998157840751;8.94564708958425
6.1;9;0;8.81521838708523;8.94995811719819
6.11;9;0;8.82015248218261;8.95308845851202
6.12;9;0;8.82400836199623;8.95609224342853
6.13;9;0;8.81540945635992;8.96000240301687
6.14;9;0;8.82176022135802;8.96228779515383
6.15;9;0;8.79835436530347;8.96708804095599
6.16;9;0;8.82086613076321;8.96741282611041
6.17;9;0;8.81611526853027;8.97016804888708
6.18;9;0;8.82712202935704;8.97130828398429
6.19;9;0;8.82135861088424;8.97387638991222
6.2;9;0;8.80753082218112;8.97698685306933
6.21;9;0;8.83824953145819;8.97586595546396
6.22;9;0;8.78715473074267;8.98218833799814
6.23;9;0;8.81619598925504;8.98084687640344
6.24;9;0;8.81065922843042;8.98271325531661
6.25;0;0;0;8.98191346822549
6.26;0;0;0;8.33345231079335
6.27;0;0;0;7.72678880649679
6.28;0;0;0;7.16444558859377
6.29;0;0;0;6.64163737540314
6.3;0;0;0;6.15285734456586
6.31;0;0;0;5.69924008560349
6.32;0;0;0;5.27714838631882
6.33;0;0;0;4.88327964194121
6.34;0;0;0;4.51631922088122
6.35;0;0;0;4.17344145417695
6.36;0;0;0;3.85708445344217
6.37;0;0;0;3.56056978819605
6.38;0;0;0;3.28636374706088
6.39;0;0;0;3.02905597222767
6.4;0;0;0;2.79207196446097
6.41;0;0;0;2.56862154258547
6.42;0;0;0;2.36232657381545
6.43;0;0;0;2.16912623904537
6.44;0;0;0;1.99005880244343
6.45;0;0;0;1.8210777845543
6.46;0;0;0;1.66751047030286
6.47;0;0;0;1.52171108653559
6.48;0;0;0;1.38594118871104
6.49;0;0;0;1.26193995165222
6.5;2;0;10;1.14350993359332
6.51;2;0;10;1.77476932965565
6.52;2;0;4.65603612039966;2.35785983235763
6.53;2;0;2.67499801107574;2.51059185840081
6.54;2;0;2.32553695139642;2.50557251765022
6.55;2;0;2.27721743721242;2.47380896192441
6.56;2;0;2.28828296308361;2.43896957807476
6.57;2;0;2.25512959917351;2.41059842189346
6.58;2;0;2.23745740955434;2.38286047127201
6.59;2;0;2.26412985666335;2.35311278558732
6.6;2;0;2.25294862682201;2.32889676565122
6.61;2;0;2.269481220033;2.30391621739942
6.62;2;0;2.26085025306038;2.28298471453495
6.63;2;0;2.26767500668676;2.26215730420594
6.64;2;0;2.27697110734813;2.24259514485946
6.65;2;0;2.2588140556868;2.22690106638808
6.66;2;0;2.26781252512687;2.20988399662733
6.67;2;0;2.25273809084745;2.19624899323707
6.68;2;0;2.27242705414075;2.18045921286423
6.69;2;0;2.29012351355544;2.16597659931808
6.7;2;0;2.24800626130739;2.15791169228815
6.71;2;0;2.27664081971898;2.14405518701518
6.72;2;0;2.26897821784984;2.1344551765861
6.73;2;0;2.27207133732308;2.12457286625116
6.74;2;0;2.26315078950148;2.1164776652869
6.75;2;0;2.27165743555758;2.10739224548431
6.76;2;0;2.28587335283266;2.09844194981157
6.77;2;0;2.27891703707047;2.0920364619514
6.78;2;0;2.26140400442902;2.08703861344496
6.79;2;0;2.2565056349096;2.0812624343975
6.8;2;0;2.12684758208052;2.08712721115715
6.81;2;0;2.39129161041927;2.05710388755847
6.82;2;0;2.2898810297585;2.06215200226266
6.83;2;0;2.26696040404762;2.05977544126703
6.84;2;0;2.284296593738;2.05394552116506
6.85;2;0;2.27444142438969;2.05097924623574
6.86;2;0;2.27060786506565;2.04768290314025
6.87;2;0;2.27468333068525;2.04391020083204
6.88;2;0;2.27221374823792;2.04099603155444
6.89;2;0;2.26519764689281;2.03869920388974
6.9;2;0;2.27962135489965;2.03463685243955
6.91;2;0;2.26971237836397;2.03305461054345
6.92;2;0;2.2699569540047;2.03067156617504
6.93;2;0;2.30581274683238;2.02525372963782
6.94;2;0;2.25495580996377;2.02802702714303
6.95;2;0;2.26742344666204;2.02490302023144
6.96;2;0;2.25324326859365;2.024400459983
6.97;2;0;2.28490298745706;2.01980820607939
6.98;2;0;2.28833940959573;2.0180840670051
6.99;2;0;2.28367449346398;2.01721220112752
7;0;0;0;2.0192318601488
7.01;0;0;0;1.84859580411635
7.02;0;0;0;1.68915223986496
7.03;0;0;0;1.54533809679005
7.04;0;0;0;1.4079481843971
7.05;0;0;0;1.28294333951363
7.06;0;0;0;1.163233203624
7.07;0;0;0;1.052472985566
7.08;0;0;0;0.948723708044783
7.09;0;0;0;0.85482487280365
7.1;0;0;0;0.764746522825333
7.11;0;0;0;0.681923649855571
7.12;0;0;0;0.608261173363498
7.13;0;0;0;0.538564511344063
7.14;0;0;0;0.477691681329231
7.15;0;0;0;0.426017660326917
7.16;0;0;0;0.378876786838873
7.17;0;0;0;0.338957272892491
7.18;0;0;0;0.299534634967553
7.19;0;0;0;0.270206860385602
7.2;0;0;0;0.241788411281618
7.21;0;0;0.0621232031938721;0.2159218394582
7.22;0;0;0.113231795980292;0.195899090451872
7.23;0;0;0.135582141884618;0.179894780077762
7.24;0;0;0.133794849194559;0.167206022240646
7.25;0;0;0.122470510322366;0.156281938416954
7.26;0;0;0.13051367162441;0.144395071256577
7.27;0;0;0.13252690549286;0.133899959506637
7.28;0;0;0.117733028349538;0.12566713859276
7.29;0;0;0.100772394439076;0.118217384408896
7.3;0;0;0.0974350739706138;0.110073657279939
7.31;0;0;0.115861428482141;0.100552894156133
7.32;0;0;0.0938032327758068;0.0953557950797281
7.33;0;0;0.0832027634188369;0.0894987219519851
7.34;0;0;0.0788135637551134;0.0835009968812717
7.35;0;0;0.0835218202348129;0.0771129096509942
7.36;0;0;0.0573251426534501;0.0739625584285752
7.37;0;0;0.0800911857171472;0.0666305873483275
7.38;0;0;0.0708367856163821;0.0627041683719985
7.39;0;0;0.0607299128827997;0.0591349303909442
7.4;0;0;0.0529123350362814;0.0556146013956996
7.41;0;0;0.0634801698409339;0.0506910372726776
7.42;0;0;0.0506812557496524;0.0482221636839887
7.43;0;0;0.0613323391337916;0.0438191383670564
7.44;0;0;0.045566586304303;0.0421081301002762
7.45;0;0;0.0325372570467143;0.0402730585360158
7.46;0;0;0.0365156198512394;0.0370383711609961
7.47;0;0;0.0425602299270603;0.0338487705816914
7.48;0;0;0.0154833096981509;0.0338679363271943
7.49;0;0;0.0467283580249327;0.0286367558108896
7.5;2;0;10;0.0264925137737423
7.51;2;0;10;0.440005993485838
7.52;2;0;10;1.10076912100773
7.53;2;0;3.31122898451858;1.73278645269717
7.54;2;0;2.45652715548944;1.82879631171578
7.55;2;0;2.34233274112821;1.85130265529405
7.56;2;0;2.25954238160608;1.86937503778974
7.57;2;0;2.3209231845407;1.87318113093299
7.58;2;0;2.2618235836938;1.88755859664224
7.59;2;0;2.24954154391816;1.89669551985788
7.6;2;0;2.29197260825166;1.90025562617925
7.61;2;0;2.2886969196931;1.9076750469111
7.62;2;0;2.26191570784495;1.91668000604496
7.63;2;0;2.2799379649888;1.92100944146616
7.64;2;0;2.27961694375433;1.92668052649085
7.65;2;0;2.2765032752945;1.93219787218408
7.66;2;0;2.27559695721612;1.9371224601393
7.67;2;0;2.26531981706873;1.9425386657294
7.68;2;0;2.2836492353553;1.94499340912815
7.69;2;0;2.24094543742411;1.95276580316119
7.7;2;0;2.30027996785483;1.95079957646218
7.71;2;0;2.27274073835341;1.95679243294822
7.72;2;0;2.30259152793197;1.95719212641074
7.73;2;0;2.26730185725583;1.96342591176529
7.74;2;0;2.28037555379599;1.96486172356908
7.75;2;0;2.27202084469333;1.96812353385515
7.76;2;0;2.28239079573359;1.96946713819801
7.77;2;0;2.28038662095044;1.97182844207988
7.78;2;0;2.25284882712243;1.976319107077
7.79;2;0;2.27149294563686;1.97633263806989
7.8;2;0;2.28663346694165;1.97666052626333
7.81;2;0;2.27631293019793;1.9792564890673
7.82;2;0;2.2682650902471;1.98146248318535
7.83;2;0;2.27575615956922;1.9821124043897
7.84;2;0;2.2876808225674;1.98231687916434
7.85;2;0;2.29896168734232;1.9825646903886
7.86;2;0;2.25759616746151;1.98753297542999
7.87;2;0;2.284112608979;1.98603700631745
7.88;2;0;2.26978054592398;1.98832425754766
7.89;2;0;2.22440105561208;1.99324240211914
7.9;2;0;2.31722154048636;1.98537125269368
7.91;2;0;2.28827861501179;1.98902103524709
7.92;2;0;2.26285087250559;1.99209375252018
7.93;2;0;2.29399100614145;1.9898558810283
7.94;2;0;2.26941530970488;1.99279228221951
7.95;2;0;2.25954587890513;1.99419537649469
7.96;2;0;2.2728704589825;1.9934107887014
7.97;2;0;2.26829653338651;1.99429310837873
7.98;2;0;2.30293614583285;1.99158318671501
7.99;2;0;2.24476921445958;1.99741941987882
8;0;0;0;1.99464166682997
8.01;0;0;0;1.82875664812031
8.02;0;0;0;1.67001573431234
8.03;0;0;0;1.52502463654275
8.04;0;0;0;1.38927856356934
8.05;0;0;0;1.2648697890887
8.06;0;0;0;1.14555934770607
8.07;0;0;0;1.03921535906106
8.08;0;0;0;0.936756983615983
8.09;0;0;0;0.842361519285421
8.1;0;0;0;0.754648594731591
8.11;0;0;0;0.673374594624693
8.12;0;0;0;0.595259456898089
8.13;0;0;0;0.530251473427775
8.14;0;0;0;0.471147907570771
8.15;0;0;0;0.418344821879402
8.16;0;0;0;0.372857917307546
8.17;0;0;0;0.331400019244566
8.18;0;0;0;0.297141147230936
8.19;0;0;0;0.264333759368253
8.2;0;0;0;0.235823764819844
8.21;0;0;0;0.211418455145746
8.22;0;0;0.101569246380904;0.190491170370655
8.23;0;0;0.137561382508397;0.173645376636387
8.24;0;0;0.125093346135801;0.162364269480116
8.25;0;0;0.109273618051163;0.152190607958431
8.26;0;0;0.119465914676031;0.140402554300991
8.27;0;0;0.116864444125561;0.130607943539853
8.28;0;0;0.119682483699966;0.121025191915171
8.29;0;0;0.0949083589299924;0.114610217362334
8.3;0;0;0.0953195806502157;0.106386774055884
8.31;0;0;0.0889920707096735;0.0993572054022386
8.32;0;0;0.100300361567058;0.091242526691639
8.33;0;0;0.0815413812777876;0.0864135223065973
8.34;0;0;0.0707800831664769;0.0812096553790928
8.35;0;0;0.0867645650181496;0.0739703729867103
8.36;0;0;0.0848524798024821;0.0688588732272401
8.37;0;0;0.0572196558303765;0.0664273470797093
8.38;0;0;0.0626337075983582;0.061195282489939
8.39;0;0;0.0621643037821177;0.0568664477805214
8.4;0;0;0.0742728440831039;0.05171480053773
8.41;0;0;0.0575778041109;0.0495234503208314
8.42;0;0;0.0398145654333054;0.0475847629668387
8.43;0;0;0.0554321211222936;0.0427802817185353
8.44;0;0;0.0433903229046526;0.0408083195487805
8.45;0;0;0.0437572272992114;0.0378604285339915
8.46;0;0;0.0337032738256026;0.0360609783443341
8.47;0;0;0.0557376302663238;0.0315021123485339
8.48;0;0;0.0260476250838612;0.031924072199635
8.49;0;0;0.0334766018857911;0.0289751836014031
8.5;2;0;10;0.0267212726860488
8.51;2;0;10;0.438338135662869
8.52;2;0;10;1.0984657032528
8.53;2;0;3.31829388016577;1.7312722007171
8.54;2;0;2.4759079041991;1.82628179187236
8.55;2;0;2.30439975797773;1.85412597801245
8.56;2;0;2.29420407571681;1.86546317165392
8.57;2;0;2.2628807013724;1.87789205795247
8.58;2;0;2.28641599372227;1.88449588649968
8.59;2;0;2.28140814911511;1.89319689527385
8.6;2;0;2.28929092156112;1.90011624778401
8.61;2;0;2.25711937015454;1.91014624992997
8.62;2;0;2.27476693495182;1.91497610275638
8.63;2;0;2.28955196163902;1.91971859445355
8.64;2;0;2.27508484042566;1.92675503000978
8.65;2;0;2.25588336877151;1.9337149544935
8.66;2;0;2.29725810994795;1.9347258822273
8.67;2;0;2.28477037536808;1.94051222364762
8.68;2;0;2.27793726165049;1.94537633901385
8.69;2;0;2.25387995039647;1.95144319529684
8.7;2;0;2.28764913277031;1.95187232015391
8.71;2;0;2.27758810240752;1.95621551237101
8.72;2;0;2.27444451830972;1.95962590634088
8.73;2;0;2.27580978106182;1.96238690446289
8.74;2;0;2.30119704947711;1.9627887078457
8.75;2;0;2.27761901154249;1.96756868855592
8.76;2;0;2.26405996028821;1.97110553320286
8.77;2;0;2.26690840065564;1.97291307177317
8.78;2;0;2.28140508406502;1.97354315851137
8.79;2;0;2.28185799814405;1.975392178261
8.8;2;0;2.28628355605332;1.97675158717433
8.81;2;0;2.25832771053132;1.9809282217436
8.82;2;0;2.24744335411911;1.98327009118311
8.83;2;0;2.29506078516679;1.98017952325998
8.84;2;0;2.29467289320492;1.98163018927115
8.85;2;0;2.26591104509073;1.98553089231693
8.86;2;0;2.27451158472639;1.98579035873331
8.87;2;0;2.26940623950524;1.98726482144371
8.88;2;0;2.26395864015962;1.98866476821733
8.89;2;0;2.28433793494787;1.98764029825383
8.9;2;0;2.27291176102207;1.98955149689443
8.91;2;0;2.28182562602977;1.98949557777985
8.92;2;0;2.28001763484315;1.99040861991742
8.93;2;0;2.27954008931607;1.99113670460872
8.94;2;0;2.25127614761006;1.99431355889369
8.95;2;0;2.27545538097655;1.99254360916453
8.96;2;0;2.29290546951522;1.99150570742495
8.97;2;0;2.28466148232616;1.99285440832971
8.98;2;0;2.24510827994952;1.99692460281219
8.99;2;0;2.30199096794731;1.99202483884668
9;0;0;0;1.99556452958749
9.01;0;0;0;1.82800331450096
9.02;0;0;0;1.6730284463984
9.03;0;0;0;1.52806201569436
9.04;0;0;0;1.39256625202724
9.05;0;0;0;1.26507384742303
9.06;0;0;0;1.14960892333369
9.07;0;0;0;1.0389153623209
9.08;0;0;0;0.938057979724718
9.09;0;0;0;0.845013152010779
9.1;0;0;0;0.756076985231869
9.11;0;0;0;0.672410783277474
9.12;0;0;0;0.598229196754995
9.13;0;0;0;0.531253053640372
9.14;0;0;0;0.470587980513607
9.15;0;0;0;0.419337912391221
9.16;0;0;0;0.374484571121293
9.17;0;0;0;0.334237907364035
9.18;0;0;0;0.29701783019947
9.19;0;0;0;0.266532422023722
9.2;0;0;0;0.239107007273245
9.21;0;0;0;0.210310852040014
9.22;0;0;0.110977173565658;0.189785126301615
9.23;0;0;0.118896962269953;0.175516274223113
9.24;0;0;0.138627823339564;0.161203629367156
9.25;0;0;0.1345607273611;0.150055132467105
9.26;0;0;0.126805878516799;0.1400348545485
9.27;0;0;0.108417529733267;0.131687325779269
9.28;0;0;0.115855811231413;0.121611652316835
9.29;0;0;0.109531740416841;0.113494281541196
9.3;0;0;0.0974994639258039;0.106470461477261
9.31;0;0;0.0660402846131665;0.10169676411158
9.32;0;0;0.0826035879489755;0.0929420216314179
9.33;0;0;0.0957120381810639;0.085123554677174
9.34;0;0;0.00149299419883093;0.0875230242194681
9.35;0;0;0.0883183296504542;0.0734571087244289
9.36;0;0;0.0877680654107596;0.0682597055387457
9.37;0;0;0.0949872688463767;0.0627342933200909
9.38;0;0;0.0443494172670784;0.0628106883889777
9.39;0;0;0.077276763445376;0.0553607587557394
9.4;0;0;0.0608232011535487;0.052887248746477
9.41;0;0;0.0547257298404652;0.0496583697962383
9.42;0;0;0.0511575728200129;0.0464324867399979
9.43;0;0;0.0627480326806217;0.0420727483399193
9.44;0;0;0.0448760848150809;0.040676036522421
9.45;0;0;0.0407166365088573;0.038144964827166
9.46;0;0;0.0536308188593717;0.0342580571604254
9.47;0;0;0.0401358850609959;0.0330256062052207
9.48;0;0;0.0331070969038242;0.0312992343114553
9.49;0;0;0.04289829508734;0.0281823758745794
9.5;0;0;0.0444295406210285;0.0260315458979861
9.51;0;0;0.0346554121010072;0.0250518302751764
9.52;0;0;0.0254546477873472;0.0240904915231333
9.53;0;0;0.0437017120879969;0.0207275151860988
9.54;0;0;0.0371683788833237;0.0198349872117663
9.55;0;0;0.036730584476154;0.018457612699841
9.56;0;0;0.00885068342147003;0.0196484116687567
9.57;0;0;0.0204080281134387;0.0172048013706424
9.58;0;0;0.0159152553554517;0.0163802452168264
9.59;0;0;0.0117154111418133;0.0155882223235195
9.6;0;0;0.0400106794742401;0.0119282122958032
9.61;0;0;0.0285563644024162;0.0121070940683004
9.62;0;0;0.0119783650109377;0.01273433012359
9.63;0;0;0.0275103525630628;0.0104268647060821
9.64;0;0;0;0.0125599757051614
9.65;0;0;0.0418900157220837;0.00838793530131711
9.66;0;0;0.058529385779157;0.00629126212006564
9.67;0;0;0.0306538058723415;0.00835069681212
9.68;0;0;0;0.0111594719122505
9.69;0;0;0.0163878452085606;0.00903817102687508
9.7;0;0;0.0384098696610037;0.00641061337313779
9.71;0;0;0.00356608488198203;0.00908866126016137
9.72;0;0;0.0242100267718127;0.00658152451322373
9.73;0;0;0.0218147276372588;0.00632700064326875
9.74;0;0;0.025393915604608;0.00555295316591523
9.75;0;0;0.011509876499432;0.00640588520949165
9.76;0;0;0.0290925122703086;0.00436589272558762
9.77;0;0;0.0340758671387163;0.00360554924955362
9.78;0;0;0.0238286421842957;0.00427026818276756
9.79;0;0;0.0305054515309574;0.0033643440481982
9.8;0;0;0.0179545336838244;0.00425362420923495
9.81;0;0;0.0119211319631391;0.00449280786011807
9.82;0;0;0.0272956581020869;0.00278819339780133
9.83;0;0;0.0418940638184391;0.00127518791598606
9.84;0;0;0;0.00671613792638535
9.85;0;0;0.0302432974116417;0.00223268709226285
9.86;0;0;0.0290859001245454;0.00217738280445602
9.87;0;0;0.0384899935570637;0.00117549461029416
9.88;0;0;0.000679232532026939;0.00449450676890158
9.89;0;0;0.0459927683874891;9.5259786797486e-05
9.9;0;0;0.00544955430477019;0.00373735228122533
9.91;0;0;0.0135780920374942;0.00273883755581482
9.92;0;0;0.00296127199865326;0.00349872749361166
9.93;0;0;0.0218178329358521;0.0015517352244173
9.94;0;0;0.0104158517288248;0.00246708262145536
9.95;0;0;0.0165836814289877;0.00173576502443026
9.96;0;0;0.0173340435289407;0.00154425645325519
9.97;0;0;0.0246051448783455;0.000779560491339699
9.98;0;0;0.0197887226194394;0.00115736277146465
9.99;0;0;0.0355547900038225;-0.000344244949905894
10;5;0;10;0.00191392179304124
10.01;5;0;10;0.362675542671916
10.02;5;0;10;1.01207767283148
10.03;5;0;10;1.65017435551719
10.04;5;0;10;2.24505142777995
10.05;5;0;10;2.79840851296382
10.06;5;0;10;3.31227399418756
10.07;5;0;10;3.79205988718964
10.08;5;0;8.50233256105275;4.23767144903905
10.09;5;0;5.71546190213693;4.5429418536516
10.1;5;0;5.2001360929844;4.62196818982101
10.11;5;0;5.1326265101195;4.65504632660449
10.12;5;0;5.08111444815647;4.68432196226618
10.13;5;0;5.08628837376981;4.70640474200695
10.14;5;0;4.78870468764046;4.754158365552
10.15;5;0;5.3105919884554;4.72474862620275
10.16;5;0;5.12891365417244;4.76076049035763
10.17;5;0;5.09997791298354;4.78045324482649
10.18;5;0;5.09233511171616;4.79682300925886
10.19;5;0;5.08438545190156;4.81205112198118
10.2;5;0;5.08036804688766;4.8258376093455
10.21;5;0;5.09902903490292;4.83659829214051
10.22;5;0;5.08989708590966;4.84909171902569
10.23;5;0;5.0948812140396;4.85942231125294
10.24;5;0;5.04761169041657;4.87371783268181
10.25;5;0;5.0922950405638;4.8787164866432
10.26;5;0;5.08678502383332;4.88787549691755
10.27;5;0;5.05785772643932;4.8984878474033
10.28;5;0;5.08551116977001;4.90324990608354
10.29;5;0;5.09644115054633;4.90917692932541
10.3;5;0;5.07380584719363;4.91770146933044
10.31;5;0;5.08376651295613;4.92268347632762
10.32;5;0;5.07643380672693;4.92886602914627
10.33;5;0;5.08815124100909;4.93289245835212
10.34;5;0;5.08874186908688;4.93763269801426
10.35;5;0;5.07343253685349;4.94346534554485
10.36;5;0;5.07004109912686;4.94780876484903
10.37;5;0;5.06884032470124;4.95164478019422
10.38;5;0;5.09700650236933;4.95256376870562
10.39;5;0;5.07818062979891;4.95764639973277
10.4;5;0;5.08862907500782;4.95973129703535
10.41;5;0;5.09123867109734;4.96237276951521
10.42;5;0;5.06255531618111;4.96764193099361
10.43;5;0;5.09167370990205;4.9673325663415
10.44;5;0;5.07046475405204;4.97157476066663
10.45;5;0;5.06331442264371;4.97424866488046
10.46;5;0;5.09222645015556;4.97348596358619
10.47;5;0;5.07899937815046;4.97657025994798
10.48;5;0;5.0804798792113;4.97811056782332
10.49;5;0;5.08049116373479;4.97967308318815
10.5;5;0;5.08347604859097;4.98085636627103
10.51;5;0;5.05947685089966;4.98438369658088
10.52;5;0;5.09798868806691;4.98203308151647
10.53;5;0;5.07926847576375;4.98500125203659
10.54;5;0;5.07770671156305;4.98621315001994
10.55;5;0;5.07413734394293;4.98751916816488
10.56;5;0;5.06413677851179;4.98931070710221
10.57;5;0;5.07797062922515;4.98882918148987
10.58;5;0;5.106744872524;4.98703741521609
10.59;5;0;5.08347364469858;4.99005772469973
10.6;5;0;5.06804143050859;4.99215678654681
10.61;5;0;5.08669685642793;4.99103802775545
10.62;5;0;5.07305038641351;4.99290635097183
10.63;5;0;5.08220722432624;4.99258892478839
10.64;5;0;5.06666047829805;4.99451749448095
10.65;5;0;5.0983508983761;4.992056964195
10.66;5;0;5.07793179331258;4.99446204338905
10.67;5;0;5.07558072667774;4.99506920772885
10.68;5;0;5.08659663635778;4.99442997530361
10.69;5;0;5.06737931768188;4.99655739291837
10.7;5;0;5.07248288158781;4.99634397267037
10.71;5;0;5.09243715081693;4.9948092332325
10.72;5;0;5.09189531059789;4.99522876791285
10.73;5;0;5.06109163031313;4.99834190146266
10.74;5;0;5.06789492827709;4.99784804024386
10.75;5;0;5.08983210543236;4.9960274056858
10.76;5;0;5.06651044122981;4.99841011222225
10.77;5;0;5.08851415496283;4.99654334137106
10.78;5;0;5.07167719268143;4.99830557217717
10.79;5;0;5.07343027259297;4.99826882553437
10.8;5;0;5.10212444639832;4.99581000517567
10.81;5;0;5.04947035461135;5.00084815882836
10.82;5;0;5.08784318761994;4.99733402103235
10.83;5;0;5.07245615672219;4.99890928089004
10.84;5;0;5.08675975782057;4.99769986527444
10.85;5;0;5.07725135193725;4.99871991714213
10.86;5;0;5.09229314070051;4.99745759061785
10.87;5;0;5.05834335574114;5.00069467195801
10.88;5;0;5.08600440868954;4.99815555772422
10.89;5;0;5.08005081992904;4.9988231265848
10.9;5;0;5.07995179800508;4.99891610093256
10.91;5;0;5.09693901079397;4.99746467311479
10.92;5;0;5.04989733363859;5.00187951887137
10.93;5;0;5.08819081664396;4.99829885399623
10.94;5;0;5.06076652601539;5.00088855059618
10.95;5;0;5.0930746305177;4.99791735324281
10.96;5;0;5.07202283594824;4.99996077524616
10.97;5;0;5.07154994475027;5.00000613720677
10.98;5;0;5.09935388730816;4.99750334396258
10.99;5;0;5.08486555260559;4.99898562666395
11;5;1;5.36723054590136;4.97364523222546
11.01;5;1;5.69194273002417;4.94630361880853
11.02;5;1;5.73941863027209;4.94586624364997
11.03;5;1;5.78891049566906;4.94527867269827
11.04;5;1;5.78175598974022;4.94983124456279
11.05;5;1;5.75045077211953;4.95623219677489
11.06;5;1;5.79897335675921;4.9549914358096
11.07;5;1;5.75242816142642;4.96239540090856
11.08;5;1;5.77719128006983;4.96285276300491
11.09;5;1;5.77172186167076;4.96599838473352
11.1;5;1;5.80317558224471;4.96559623663805
11.11;5;1;5.7602278235771;4.97191894660255
11.12;5;1;5.7832058326613;4.97185671524442
11.13;5;1;5.76383001902441;4.97561077306276
11.14;5;1;5.75900127462445;4.9777874476343
11.15;5;1;5.79304982668979;4.97630968872216
11.16;5;1;5.77140432004779;4.97994994935365
11.17;5;1;5.80344679232101;4.97849827320219
11.18;5;1;5.77351778318369;4.98272772158969
11.19;5;1;5.755899936996;4.98554706182955
11.2;5;1;5.79985387717828;4.98262355978239
11.21;5;1;5.76356420345053;4.98713080464239
11.22;5;1;5.77699788391361;4.98684100150283
11.23;5;1;5.78186021344373;4.98734332017826
11.24;5;1;5.78953738550318;4.9875564231147
11.25;5;1;5.7528203435958;4.99174978370924
11.26;5;1;5.80980133828653;4.98721079515265
11.27;5;1;5.74266940212166;4.99416618396862
11.28;5;1;5.78532361166536;4.99074400606141
11.29;5;1;5.80206301492531;4.9898986020312
11.3;5;1;5.76297677149132;4.99413789225918
11.31;5;1;5.76814258413937;4.99409169094145
11.32;5;1;5.78556353848632;4.99294582695306
11.33;5;1;5.7789176659138;4.99404782484025
11.34;5;1;5.7936499402658;4.9931470753459
11.35;5;1;5.76643665357915;4.99608576563596
11.36;5;1;5.77926900541461;4.99521044196415
11.37;5;1;5.79736406717224;4.99392399751595
11.38;5;1;5.744249318114;4.9991383250005
11.39;5;1;5.77421159255317;4.99650326831552
11.4;5;1;5.79751272942078;4.99465593236003
11.41;5;1;5.7746294141176;4.99709714971636
11.42;5;1;5.79076495247821;4.99585229753156
11.43;5;1;5.75929804103271;4.99898058389072
11.44;5;1;5.7704692629862;4.9980479891704
11.45;5;1;5.785047568249;4.99687537086055
11.46;5;1;5.78899751160513;4.99674306358634
11.47;5;1;5.76680625758991;4.99897291462032
11.48;5;1;5.78976873812547;4.99697965442297
11.49;5;1;5.76244112350719;4.99965487857082
11.5;5;1;5.78239038202334;4.99788409664649
11.51;5;1;5.78226605942019;4.99804642147012
11.52;5;1;5.77816054176953;4.99855545922152
11.53;5;1;5.80861536762924;4.99591770618418
11.54;5;1;5.75555088483275;5.00098510194293
11.55;5;1;5.78565204374891;4.99820563301673
11.56;5;1;5.77411688588093;4.99937196614298
11.57;5;1;5.78624575868847;4.99832522697469
11.58;5;1;5.74771972743365;5.00191219630652
11.59;5;1;5.80670017603843;4.99646737025557
11.6;5;1;5.77898393490523;4.99921416252389
11.61;5;1;5.77841152993756;4.99932181005732
11.62;5;1;5.78897654979657;4.9984194002367
11.63;5;1;5.76305241759103;5.00086547198354
11.64;5;1;5.76666017386064;5.00047895432376
11.65;5;1;5.77811836110981;4.99941350627464
11.66;5;1;5.78075401687181;4.9992181895033
11.67;5;1;5.80562106790416;4.99703599833576
11.68;5;1;5.76090526097935;5.00127213525368
11.69;5;1;5.78955692827517;4.9986026182039
11.7;5;1;5.76338130329285;5.00105823730776
11.71;5;1;5.80357787068151;4.99736495766553
11.72;5;1;5.75029514667884;5.00234862003552
11.73;5;1;5.78372644838565;4.9991720441143
11.74;5;1;5.79436617520482;4.99827360824363
11.75;5;1;5.77156843326236;5.00044871858661
11.76;5;1;5.78250941349476;4.99943197887262
11.77;5;1;5.7838943867744;4.99934790406203
11.78;5;1;5.80237726203195;4.99773102340177
11.79;5;1;5.76153108971562;5.00156924855946
11.8;5;1;5.76759360811555;5.00091153255948
11.81;5;1;5.77746640471142;4.99995787123527
11.82;5;1;5.77631008591887;5.00006494897573
11.83;5;1;5.77210665569016;5.00043861833877
11.84;5;1;5.77814632313084;4.99986371823297
11.85;5;1;5.77790727574977;4.99989496676258
11.86;5;1;5.78211080098219;4.99952415171558
11.87;5;1;5.78120723337447;4.99963946181972
11.88;5;1;5.79278024832514;4.99862364304616
11.89;5;1;5.7704459147353;5.00073204416022
11.9;5;1;5.76519962322518;5.00115192138667
11.91;5;1;5.79980245093491;4.99795538661514
11.92;5;1;5.76782922331934;5.00097902080675
11.93;5;1;5.79107827652879;4.99881667579405
11.94;5;1;5.75382311814292;5.00225416310343
11.95;5;1;5.80204483807607;4.99775319646769
11.96;5;1;5.76412928688205;5.00132608194371
11.97;5;1;5.77850996507591;4.99993710061153
11.98;5;1;5.77018242936706;5.00069107150871
11.99;5;1;5.80501522517867;4.99750675746308
12;5;2;6.06334800473931;4.97443489568102
12.01;5;2;6.40261327184398;4.94572710012744
12.02;5;2;6.46695525086342;4.94381295765143
12.03;5;2;6.44450556338285;4.94984678969841
12.04;5;2;6.45706111589525;4.95229916208335
12.05;5;2;6.4728043733725;4.95428947154625
12.06;5;2;6.48744994372115;4.95623640787569
12.07;5;2;6.47113273233814;4.96083092769569
12.08;5;2;6.45460847670677;4.96511590149127
12.09;5;2;6.48000116944191;4.96532228031945
12.1;5;2;6.45869025654541;4.9697172423466
12.11;5;2;6.49230980562105;4.9688545368681
12.12;5;2;6.45424055338136;4.97450544539213
12.13;5;2;6.48207750660852;4.97382115901932
12.14;5;2;6.45952239887626;4.97772103577575
12.15;5;2;6.49354862858587;4.9762500294695
12.16;5;2;6.48560878039993;4.97866104209241
12.17;5;2;6.45015648091038;4.98337596016141
12.18;5;2;6.48397924734996;4.98151934235442
12.19;5;2;6.47381164166498;4.98375447363997
12.2;5;2;6.47361487998398;4.98493257671286
12.21;5;2;6.47393056834624;4.98598040905675
12.22;5;2;6.47823302339549;4.98659458722309
12.23;5;2;6.48587693821179;4.98686416413497
12.24;5;2;6.47688234213195;4.98861195154725
12.25;5;2;6.48631841341844;4.98857613691535
12.26;5;2;6.45191491540008;4.99248844174919
12.27;5;2;6.46073381288732;4.99223128059077
12.28;5;2;6.49659270940847;4.9895588881483
12.29;5;2;6.47230565876124;4.99249051618839
12.3;5;2;6.48179225960843;4.99217311355118
12.31;5;2;6.50151722674893;4.99095692955535
12.32;5;2;6.47357981272515;4.99411723019734
12.33;5;2;6.47189214646882;4.99468931774701
12.34;5;2;6.47207215043365;4.99505245157731
12.35;5;2;6.47186396474322;4.99542458434554
12.36;5;2;6.4839831670707;4.99466067126789
12.37;5;2;6.49402248140042;4.99413851333408
12.38;5;2;6.47646943336978;4.99613696503549
12.39;5;2;6.45988983146521;4.99790506002974
12.4;5;2;6.47996547354196;4.9962478905277
12.41;5;2;6.47261421508136;4.99717751135501
12.42;5;2;6.46121018210773;4.99840548040292
12.43;5;2;6.49337561876955;4.99562448506542
12.44;5;2;6.49856907771521;4.99546961027974
12.45;5;2;6.48228732092211;4.99725856741628
12.46;5;2;6.48048019653524;4.99761702496598
12.47;5;2;6.46643721346286;4.9990511056981
12.48;5;2;6.47734918321252;4.998136806312
12.49;5;2;6.48655688707152;4.99744119796004
12.5;5;2;6.46404334605861;4.99965018798997
12.51;5;2;6.46663881255124;4.99944158231394
12.52;5;2;6.4852242865107;4.997808776358
12.53;5;2;6.43531655232502;5.0024569882018
12.54;5;2;6.51631810249257;4.99499134918806
12.55;5;2;6.48372457785674;4.99828252696345
12.56;5;2;6.48753624120158;4.99806215365158
12.57;5;2;6.463273827814;5.00038418822443
12.58;5;2;6.48945020018922;4.99800087241388
12.59;5;2;6.48940087709182;4.99814810607143
12.6;5;2;6.46095217900315;5.00084076681565
12.61;5;2;6.48090004105745;4.99898540418533
12.62;5;2;6.48255691382891;4.99890875651588
12.63;5;2;6.46336031709642;5.00071439595623
12.64;5;2;6.50251033502037;4.99713986577332
12.65;5;2;6.48104966097401;4.99927562151957
12.66;5;2;6.45509409930667;5.00166336316948
12.67;5;2;6.48835564588055;4.99855101204207
12.68;5;2;6.49067877716679;4.99844542912376
12.69;5;2;6.46946046504141;5.00046611777291
12.7;5;2;6.48632306745901;4.9989151891697
12.71;5;2;6.47238907983314;5.00024673431909
12.72;5;2;6.48191161783624;4.99937208176965
12.73;5;2;6.47452185964782;5.00008201107892
12.74;5;2;6.48510840205979;4.99912336408014
12.75;5;2;6.47114318129402;5.00044285057972
12.76;5;2;6.48498515253283;4.99916544073474
12.77;5;2;6.48906967532604;4.99885744482384
12.78;5;2;6.46543172908179;5.00106647086214
12.79;5;2;6.49250554490124;4.99855365068822
12.8;5;2;6.47983282364118;4.99979750605179
12.81;5;2;6.47761984146764;5.00001113807383
12.82;5;2;6.47552671670251;5.00019872349946
12.83;5;2;6.47348851138333;5.00036796721662
12.84;5;2;6.47299236676352;5.00038633663322
12.85;5;2;6.48873906954143;4.9989415376687
12.86;5;2;6.47471493073545;5.00027931440561
12.87;5;2;6.47779859815364;4.99998183308262
12.88;5;2;6.49442225661141;4.99848700122114
12.89;5;2;6.4840551051789;4.99952811598441
12.9;5;2;6.48288912929709;4.99966675959745
12.91;5;2;6.47293589706882;5.00058635317541
12.92;5;2;6.49154198025844;4.99886992308203
12.93;5;2;6.47407522403488;5.00052265072483
12.94;5;2;6.4906364612461;4.99899480694872
12.95;5;2;6.45688212131358;5.00210449686625
12.96;5;2;6.49044169751456;4.99893381355311
12.97;5;2;6.48455368101916;4.99953989100868
12.98;5;2;6.47059015216292;5.00082947333687
12.99;5;2;6.4837342702872;4.99958725438561
13;5;0;5.90950483779214;5.05129738547371
13.01;5;0;5.21793056114142;5.10987497172917
13.02;5;0;5.10311039530904;5.11236057403197
13.03;5;0;5.07151655971588;5.10717826353205
13.04;5;0;5.05403812269474;5.10109573222116
13.05;5;0;5.08073974579205;5.09147146201918
13.06;5;0;5.0771868494554;5.08525754651264
13.07;5;0;5.07475309107058;5.0793867597327
13.08;5;0;5.09429558930624;5.07195745178243
13.09;5;0;5.0651738049159;5.06943859420384
13.1;5;0;5.07908060268193;5.06322708261115
13.11;5;0;5.10740454379688;5.05616170753345
13.12;5;0;5.05078896820161;5.05724555871937
13.13;5;0;5.06894575955723;5.05152247887693
13.14;5;0;5.08198491871578;5.04666877738081
13.15;5;0;5.06207475586224;5.04512720788387
13.16;5;0;5.08051365829502;5.04024433459567
13.17;5;0;5.07648014282915;5.03773275562456
13.18;5;0;5.10419770241307;5.03254297838159
13.19;5;0;5.07227518034222;5.03309150693891
13.2;5;0;5.08658305440429;5.02944011919482
13.21;5;0;5.09695406109001;5.02640386294434
13.22;5;0;5.04960333078808;5.0287794385371
13.23;5;0;5.08568184743491;5.02347669785432
13.24;5;0;5.08413305408754;5.0219391823169
13.25;5;0;5.06713878669433;5.02190158200492
13.26;5;0;5.07889485666481;5.01927913704398
13.27;5;0;5.06136945850142;5.01947934175054
13.28;5;0;5.08969193859802;5.01553893703739
13.29;5;0;5.0875552119071;5.01462131845663
13.3;5;0;5.05067958795681;5.01689574485134
13.31;5;0;5.08593065369396;5.01251631007491
13.32;5;0;5.06809019198022;5.01322792960263
13.33;5;0;5.09114147556051;5.01020846204935
13.34;5;0;5.07709111324021;5.01074381892552
13.35;5;0;5.09009004765213;5.00880649929362
13.36;5;0;5.09230229409054;5.00797836156958
13.37;5;0;5.05327218223484;5.01092118882874
13.38;5;0;5.09465455138635;5.00641669076811
13.39;5;0;5.05861827668393;5.00920162060153
13.4;5;0;5.07382451987372;5.00717580021062
13.41;5;0;5.09221380508815;5.00500820749721
13.42;5;0;5.07658497509406;5.00605707324173
13.43;5;0;5.08144678551015;5.00518686234602
13.44;5;0;5.06177364571477;5.00658695491632
13.45;5;0;5.08654119147234;5.00388737912971
13.46;5;0;5.09021698992431;5.00327888746967
13.47;5;0;5.07750354331764;5.00418889157196
13.48;5;0;5.08923510547873;5.00283384456678
13.49;5;0;5.06756012786946;5.00458217524772
13.5;5;0;5.12092019261465;4.99945247127861
13.51;5;0;5.05009397674;5.00586594012161
13.52;5;0;5.06531113131399;5.00407740060912
13.53;5;0;5.08550314348753;5.00196887673519
13.54;5;0;5.06856628869738;5.00335255977644
13.55;5;0;5.07437268536804;5.0025905156581
13.56;5;0;5.05712457737981;5.00395780870538
13.57;5;0;5.0922128918608;5.00051715988841
13.58;5;0;5.09102041773188;5.00058754271887
13.59;5;0;5.08564480088445;5.00102938105208
13.6;5;0;5.07940245782453;5.00151766486258
13.61;5;0;5.05521282473395;5.00358632737601
13.62;5;0;5.09294027944894;4.99993469031494
13.63;5;0;5.07569960907754;5.00149101579111
13.64;5;0;5.07496388716786;5.00145072978014
13.65;5;0;5.06728315318499;5.0020383724342
13.66;5;0;5.09300822247756;4.99957751828479
13.67;5;0;5.08582369929794;5.00025430279103
13.68;5;0;5.08122748508478;5.00064979773492
13.69;5;0;5.07950346957341;5.00075854515243
13.7;5;0;5.04763334910416;5.00357267437106
13.71;5;0;5.10136347762565;4.99848177186241
13.72;5;0;5.08440768097416;5.00011623859199
13.73;5;0;5.06549875218575;5.00180973958713
13.74;5;0;5.10464017346255;4.99815774466
13.75;5;0;5.05817740573532;5.00247098361312
13.76;5;0;5.0724150984956;5.00101309255677
13.77;5;0;5.09181855375017;4.9991944179499
13.78;5;0;5.05113133343373;5.00291380953414
13.79;5;0;5.09867087929738;4.9984271212415
13.8;5;0;5.07654995569229;5.00053035301286
13.81;5;0;5.09122102600418;4.99917207444998
13.82;5;0;5.06387807327984;5.00169207790008
13.83;5;0;5.08525811037409;4.99964701196706
13.84;5;0;5.07642515853972;5.00046719120888
13.85;5;0;5.07166406866865;5.00086231863582
13.86;5;0;5.10164646320662;4.99810230904398
13.87;5;0;5.06304510352941;5.00171198094474
13.88;5;0;5.06668161247149;5.0012624109128
13.89;5;0;5.07234983278418;5.00066209900152
13.9;5;0;5.09217876994661;4.9988302019837
13.91;5;0;5.09548077946247;4.9986165782606
13.92;5;0;5.06105626408937;5.00181360065007
13.93;5;0;5.07874935643138;5.00009167954512
13.94;5;0;5.07890529400139;5.00007109675478
13.95;5;0;5.0852345970103;4.99949638126783
13.96;5;0;5.08921464774998;4.9991741495943
13.97;5;0;5.06821370158282;5.0011232242141
13.98;5;0;5.09383902715188;4.99873671471234
13.99;5;0;5.067337264993;5.00121210812514
14;5;2;5.65135396312954;4.94856402571309
14.01;5;2;6.31420166092804;4.89258173070048
14.02;5;2;6.43785628101467;4.88912554867363
14.03;5;2;6.43960739700708;4.89688755225942
14.04;5;2;6.45350851232805;4.90300162702293
14.05;5;2;6.45894739529741;4.90944058304226
14.06;5;2;6.48277306591653;4.91376480268863
14.07;5;2;6.43738059886303;4.92400978192847
14.08;5;2;6.4367575883644;4.9294937257608
14.09;5;2;6.49140374937342;4.9296117338016
14.1;5;2;6.45960381467256;4.93750146137655
14.11;5;2;6.47480633668089;4.94059741579924
14.12;5;2;6.44001461956053;4.94797171216816
14.13;5;2;6.4758375102908;4.94846395827833
14.14;5;2;6.47462121863923;4.95225457038925
14.15;5;2;6.45572920500733;4.95736523946713
14.16;5;2;6.48483841695756;4.95779075038368
14.17;5;2;6.46655371359066;4.96245132007684
14.18;5;2;6.46932364066359;4.96488407515536
14.19;5;2;6.45624063825562;4.96856982566877
14.2;5;2;6.48293467852031;4.96841237439435
14.21;5;2;6.47195410991846;4.97165688446735
14.22;5;2;6.46790354523783;4.97404594344737
14.23;5;2;6.45563702858577;4.97700379103138
14.24;5;2;6.49894880550915;4.97474831730168
14.25;5;2;6.46240274680849;4.97984115412128
14.26;5;2;6.49825103043182;4.97805472598781
14.27;5;2;6.45404253959308;4.98360100964189
14.28;5;2;6.48927008461478;4.98160188685803
14.29;5;2;6.46658076458839;4.98495807646998
14.3;5;2;6.46407564776241;4.98625795993419
14.31;5;2;6.47479521896625;4.98627477263889
14.32;5;2;6.48458539071988;4.98637403038548
14.33;5;2;6.47357826225721;4.9883379553299
14.34;5;2;6.48448397219107;4.98818944443803
14.35;5;2;6.45327582036797;4.99184178906374
14.36;5;2;6.48839841128855;4.98926348501049
14.37;5;2;6.48767177300024;4.99009577620067
14.38;5;2;6.47156487641442;4.9922528412781
14.39;5;2;6.4744074496771;4.99255037796795
14.4;5;2;6.47352160821621;4.9931622193644
14.41;5;2;6.48281678147426;4.9928140664676
14.42;5;2;6.47523838808195;4.99400940264975
14.43;5;2;6.47473677968646;4.99448244701623
14.44;5;2;6.4927124719056;4.99325874542526
14.45;5;2;6.47859757536779;4.99501060411206
14.46;5;2;6.45990596449998;4.99704923432488
14.47;5;2;6.48798270758118;4.9947330961894
14.48;5;2;6.4718721199566;4.99655925630349
14.49;5;2;6.5074076956328;4.9936068216591
14.5;5;0;5.8695479376291;5.05147085587775
14.51;5;0;5.2472641680406;5.10379990568132
14.52;5;0;5.09858523075229;5.10976673074381
14.53;5;0;5.05735590586261;5.10563688880804
14.54;5;0;5.08218769656874;5.09585653515103
14.55;5;0;5.07327539015202;5.0898117470045
14.56;5;0;5.08359856971338;5.08246753572011
14.57;5;0;5.06516292305188;5.07823620538138
14.58;5;0;5.08048418414591;5.07126899122298
14.59;5;0;5.07085829847301;5.06704467848582
14.6;5;0;5.10118040585573;5.05952678298623
14.61;5;0;5.08454488550113;5.05677206659623
14.62;5;0;5.05452390918467;5.05541880673172
14.63;5;0;5.09720242580121;5.04761925386932
14.64;5;0;5.07016528860275;5.04665122086596
14.65;5;0;5.0825202802083;5.04220704146031
14.66;5;0;5.05698962388693;5.04149001181088
14.67;5;0;5.08176457505973;5.03629669385385
14.68;5;0;5.07103314804857;5.03466990127107
14.69;5;0;5.08131150654808;5.03126842745434
14.7;5;0;5.0751640949734;5.02958823539086
14.71;5;0;5.08491941731682;5.02659681098917
14.72;5;0;5.07723494054654;5.02538864170911
14.73;5;0;5.0691910126718;5.02429912084288
14.74;5;0;5.07256104170027;5.02226016677138
14.75;5;0;5.16620812962425;5.01224191690047
14.76;5;0;5.02238047006604;5.02431198383239
14.77;5;0;5.05080564703996;5.02001714764856
14.78;5;0;5.08306786088391;5.01568375217123
14.79;5;0;5.07060532804537;5.01568511220033
14.8;5;0;5.07893634542398;5.01381495554818
14.81;5;0;5.11020064391181;5.0100143862
14.82;5;0;5.07511544434;5.01245674099066
14.83;5;0;5.06033943111397;5.01289681507304
14.84;5;0;5.0697504893492;5.01112861883908
14.85;5;0;5.08841184772998;5.00865419532081
14.86;5;0;5.08602550693274;5.00825080929328
14.87;5;0;5.06653633388986;5.00941549147391
14.88;5;0;5.06811155042752;5.00860118698639
14.89;5;0;5.08584236614737;5.00639104316687
14.9;5;0;5.10685524288456;5.00404338127498
14.91;5;0;5.05743230759502;5.00820263267356
14.92;5;0;5.08134185980996;5.00546487073197
14.93;5;0;5.05031330422071;5.00786709297681
14.94;5;0;5.10335424886383;5.00253147281284
14.95;5;0;5.08004361998064;5.00444861007835
14.96;5;0;5.08046645315476;5.00409279735538
14.97;5;0;5.07530063529386;5.00426537842649
14.98;5;0;5.06473006488143;5.00491206001275
14.99;5;0;5.09009872969288;5.00227801885173
15;7;2;10;4.95177644612066
15.01;7;2;10;5.21420120434927
15.02;7;2;10;5.45106497788968
15.03;7;2;10;5.6694221627219
15.04;7;2;10;5.86463165513828
15.05;7;2;10;6.0449904315063
15.06;7;2;10;6.20999742817701
15.07;7;2;10;6.35964944605541
15.08;7;2;10;6.49506018306732
15.09;7;2;9.33927230772765;6.61969013128012
15.1;7;2;8.8805071784907;6.68814398273616
15.11;7;2;8.86349915706761;6.71195013301426
15.12;7;2;8.85891149503644;6.73293801151464
15.13;7;2;8.8605891763948;6.7518628748227
15.14;7;2;8.83889720526723;6.77153923083312
15.15;7;2;8.8436896879004;6.78742653188903
15.16;7;2;8.88381174544151;6.79899936387507
15.17;7;2;8.75783914156778;6.8246940846267
15.18;7;2;8.90748221638791;6.82374805674515
15.19;7;2;8.89602492301346;6.83736863554998
15.2;7;2;8.85744918065073;6.85245697624438
15.21;7;2;8.88344040598447;6.86065655110476
15.22;7;2;8.87815077931722;6.871085718717
15.23;7;2;8.89552053895186;6.87873060095426
15.24;7;2;8.87601710700656;6.88914800741803
15.25;7;2;8.86924466057373;6.89767552467343
15.26;7;2;8.87387235197411;6.90456792110611
15.27;7;2;8.89569941969455;6.90942005959718
15.28;7;2;8.87045525852704;6.91816202739267
15.29;7;2;8.90051845904993;6.92130190628519
15.3;7;2;8.88781267476711;6.92806671677492
15.31;7;2;8.91462146817512;6.93079201446588
15.32;7;2;8.89278658091995;6.93770057933297
15.33;7;2;8.87560184769178;6.94369716139586
15.34;7;2;8.89119177003727;6.94631569712144
15.35;7;2;8.89319996713228;6.94996954986129
15.36;7;2;8.90407559655648;6.95256434419478
15.37;7;2;8.91051132307874;6.95537338733768
15.38;7;2;8.88269165300427;6.96106477026429
15.39;7;2;8.90320620799224;6.96199954552779
15.4;7;2;8.89588025023109;6.96537319730616
15.41;7;2;8.88924199418787;6.96844398079934
15.42;7;2;8.91324434830443;6.96853776766968
15.43;7;2;8.89636127991263;6.97230454354863
15.44;7;2;8.91619267616934;6.97249796215212
15.45;7;2;8.90375107369654;6.97558213506417
15.46;7;2;8.87251117206197;6.9801378568533
15.47;7;2;8.94820999359656;6.97474368475404
15.48;7;2;8.89599206848609;6.98124731800287
15.49;7;2;8.89240421385791;6.98290969962229
15.5;7;0;8.08687823898701;7.05662777128117
15.51;7;0;7.15459020737286;7.13648885144893
15.52;7;0;7.00441297221328;7.14025559615916
15.53;7;0;6.90208597850252;7.13944676593404
15.54;7;0;6.97337119758069;7.12307061002717
15.55;7;0;6.92486633154289;7.11864528739888
15.56;7;0;6.95802388547406;7.10718644141997
15.57;7;0;6.93157482365382;7.10191067997964
15.58;7;0;6.97753993380822;7.09049448314455
15.59;7;0;6.9388999026518;7.08750819180041
15.6;7;0;6.95530423810267;7.07978121397306
15.61;7;0;6.92654209264406;7.07667114650742
15.62;7;0;6.95702847621316;7.06845085908594
15.63;7;0;6.93787459862995;7.06528535865036
15.64;7;0;6.95306274213122;7.05925518349256
15.65;7;0;6.9265061124157;7.05741276480063
15.66;7;0;6.93556017195501;7.0524969854056
15.67;7;0;6.9623000256528;7.04634061165456
15.68;7;0;6.9513783644603;7.04401351529853
15.69;7;0;6.92865735202692;7.04291458175991
15.7;7;0;6.94857054432323;7.03805706503085
15.71;7;0;6.94829776647901;7.03536325114567
15.72;7;0;6.93089391127793;7.03440364954137
15.73;7;0;6.95638961608771;7.02965163048752
15.74;7;0;6.94695967478127;7.02838234957864
15.75;7;0;6.96360541518144;7.02485692023312
15.76;7;0;6.91970850406678;7.02703214598753
15.77;7;0;6.95441821091446;7.02197740279285
15.78;7;0;6.95610080125218;7.0202561532285
15.79;7;0;6.96166164427587;7.01830880733481
15.8;7;0;6.95918205024715;7.01722419693739
15.81;7;0;6.90979338504629;7.02043887517706
15.82;7;0;6.94644450452746;7.0156803528452
15.83;7;0;6.95288700262562;7.01398050094399
15.84;7;0;6.95481176281942;7.0128086634682
15.85;7;0;6.93919919121137;7.01329888856307
15.86;7;0;6.95351107876004;7.01106089623811
15.87;7;0;6.93011154158179;7.01237678878622
15.88;7;0;6.95830320418147;7.00895548098897
15.89;7;0;6.96078920165668;7.00809206222555
15.9;7;0;6.9318588362907;7.01011778892924
15.91;7;0;6.95182936770221;7.00759774011791
15.92;7;0;6.96000506869695;7.00631922955887
15.93;7;0;6.95025142522732;7.00674568221483
15.94;7;0;6.93657820571432;7.0074944358234
15.95;7;0;6.92842565195045;7.00769284711697
15.96;7;0;6.95436354596468;7.0048089458528
15.97;7;0;6.9542593633027;7.00447482447874
15.98;7;0;6.94474410677603;7.00501156558413
15.99;7;0;6.93686831055005;7.0053624166186
16;7;2;7.77629879155103;6.92943064112354
16.01;7;2;8.65332871609957;6.85553861411836
16.02;7;2;8.85049685477453;6.8481121505856
16.03;7;2;8.87420240665832;6.85682778170345
16.04;7;2;8.87748104656947;6.86675928979213
16.05;7;2;8.86985498499911;6.87696282754246
16.06;7;2;8.87787605713669;6.88502929907385
16.07;7;2;8.86940779573475;6.89400363406351
16.08;7;2;8.89029938060573;6.89969455889482
16.09;7;2;8.8958203838118;6.9063623414315
16.1;7;2;8.88295214567727;6.91420888549575
16.11;7;2;8.89247340607881;6.91947990720686
16.12;7;2;8.87996868144115;6.92635676601896
16.13;7;2;8.89503644385115;6.93026089674464
16.14;7;2;8.90448961759187;6.934391473959
16.15;7;2;8.87734721232936;6.94152061207249
16.16;7;2;8.89926940139979;6.94372471247626
16.17;7;2;8.90380018854525;6.94733660331768
16.18;7;2;8.87043665143971;6.95410099116267
16.19;7;2;8.91401322195494;6.95345759867013
16.2;7;2;8.88604413227027;6.95929927227058
16.21;7;2;8.94069073871695;6.95728827072612
16.22;7;2;8.85479528851426;6.96806969738554
16.23;7;2;8.8894573350134;6.96723084729747
16.24;7;2;8.90910714063839;6.96780301677008
16.25;7;2;8.91619119690607;6.96946523444945
16.26;7;2;8.90177937437742;6.97294335140476
16.27;7;2;8.99959519096997;6.96607254380203
16.28;7;2;8.83010596270867;6.98374996248017
16.29;7;2;8.89015792131072;6.97950600131997
16.3;7;2;8.9059595478447;6.97954771018662
16.31;7;2;8.90200129394461;6.98136482911089
16.32;7;2;8.8832617112776;6.98438247342957
16.33;7;2;8.92351026264403;6.98187563960458
16.34;7;2;8.9265746673783;6.98289443858238
16.35;7;2;8.88782522158167;6.98760371279456
16.36;7;2;8.89701999916542;6.98766163012171
16.37;7;2;8.9061716887452;6.98771928842355
16.38;7;2;8.89536221116048;6.98956933334513
16.39;7;2;8.92457634267191;6.9876851073463
16.4;7;2;8.89139019292611;6.99155149430216
16.41;7;2;8.9104136249908;6.9904428483458
16.42;7;2;8.92287191690463;6.99000425401588
16.43;7;2;8.9018439281604;6.9926107531511
16.44;7;2;8.89507013379875;6.99374819626909
16.45;7;2;8.8956194708378;6.99414531162154
16.46;7;2;8.9258622584188;6.99184165102133
16.47;7;2;8.89893228035216;6.9948480865822
16.48;7;2;8.90848850489264;6.99435601847639
16.49;7;1.99999999999929;8.90402622537841;6.99516076347933
16.5;7;0;8.11309218029052;7.06669048634555
16.51;7;0;7.12793931775618;7.15059063687899
16.52;7;0;6.98127824395959;7.15303365755778
16.53;7;0;6.95642316989397;7.14433963670424
16.54;7;0;6.96821260312976;7.13296861171153
16.55;7;0;6.94244235056305;7.12579017461482
16.56;7;0;6.9412388029201;7.11691347961317
16.57;7;0;6.94776451621647;7.10797520081954
16.58;7;0;6.92887724094506;7.10196253956116
16.59;7;0;6.92785475576767;7.09477152302725
16.6;7;0;6.95884722667936;7.0852128045003
16.61;7;0;6.92903908342341;7.08180890696597
16.62;7;0;6.94143314228377;7.07484994677334
16.63;7;0;6.95862059745555;7.06795664953498
16.64;7;0;6.94613227187906;7.06422655100598
16.65;7;0;6.9478083150738;7.05948809491389
16.66;7;0;6.95676640767577;7.05443271554972
16.67;7;0;6.95612789860305;7.050602128903
16.68;7;0;6.91522016494454;7.05066938586635
16.69;7;0;6.95902178410528;7.04310799694423
16.7;7;0;6.95768628356959;7.04014904808166
16.71;7;0;6.93815853334057;7.03903875522143
16.72;7;0;6.9417606486799;7.03592608108842
16.73;7;0;6.94790537665257;7.03280690570457
16.74;7;0;6.94872927259183;7.03038940347163
16.75;7;0;6.94537433942607;7.02852067461171
16.76;7;0;6.94486503067955;7.026529320201
16.77;7;0;6.92591697417785;7.02633969272302
16.78;7;0;6.94562909423964;7.0226841941494
16.79;7;0;6.97736106122836;7.01820801640207
16.8;7;0;6.94466561069289;7.01985003329588
16.81;7;0;6.93473367447091;7.01932604696425
16.82;7;0;6.94800701315396;7.01675101347524
16.83;7;0;6.93348376996938;7.01686160335973
16.84;7;0;6.96073751975957;7.01320436456813
16.85;7;0;6.95297731277473;7.01295961327929
16.86;7;0;6.93440774163486;7.01370518701805
16.87;7;0;6.94268218961792;7.01198154374936
16.88;7;0;6.95269892588638;7.01022421192185
16.89;7;0;6.94802304213096;7.00991473962415
16.9;7;0;6.96170014026699;7.00797560411089
16.91;7;0;6.93819498538461;7.00952138109564
16.92;7;0;6.94996505321748;7.00778197536375
16.93;7;0;6.9424957640672;7.00789835505616
16.94;7;0;6.94187033069207;7.00739047489333
16.95;7;0;6.95887256924663;7.00533238140236
16.96;7;0;6.93583426596013;7.00702494340412
16.97;7;0;6.95884535297661;7.00445216295098
16.98;7;0;6.95039029744981;7.00489510540124
16.99;7;7.10542735759989e-13;6.9443231683396;7.00509149572977
17;7;2;7.73813780762501;6.93328449827247
17.01;7;2;8.67322291373296;6.85389223009585
17.02;7;2;8.85104341261346;6.84832465376645
17.03;7;2;8.84864815123361;6.85937418004021
17.04;7;2;8.89617477520495;6.86514148465305
17.05;7;2;8.86514606284967;6.87756681923987
17.06;7;2;8.89753150335569;6.88339735605536
17.07;7;2;8.87755671745216;6.89352384634575
17.08;7;2;8.87483696216926;6.90137406308391
17.09;7;2;8.89686729950358;6.90643604165896
17.1;7;2;8.87842248640435;6.91477921388443
17.11;7;2;8.8787878211984;6.92083353187312
17.12;7;2;8.91983204414809;6.9227942985766
17.13;7;2;8.88036006568896;6.93186146870181
17.14;7;2;8.88192159036767;6.93658796846357
17.15;7;2;8.89323966028397;6.94009877199817
17.16;7;2;8.89894870175605;6.94386361640031
17.17;7;2;8.88432402540735;6.94918957795171
17.18;7;2;8.92494030389145;6.94916342767149
17.19;7;2;8.88432518035604;6.95644997152167
17.2;7;2;8.89777628562253;6.95835008728776
17.21;7;2;8.89053197849139;6.96197706762622
17.22;7;2;8.91901041334729;6.96212993111593
17.23;7;2;8.91002247763385;6.96564384916882
17.24;7;2;8.89384864552684;6.96955350374639
17.25;7;2;8.87461156170988;6.97345958992841
17.26;7;2;8.88864495379127;6.97409232708213
17.27;7;2;8.90872073717993;6.97413605350016
17.28;7;2;8.92142633480765;6.97483997332828
17.29;7;2;8.90222662262002;6.9783650910808
17.3;7;2;8.90886371918124;6.97931310188824
17.31;7;2;8.90440574505435;6.98119195400935
17.32;7;2;8.90509321068421;6.98247351282144
17.33;7;2;8.88973408584042;6.98510772487489
17.34;7;2;8.88923021216139;6.98621680630139
17.35;7;2;8.91891463286195;6.98452972110334
17.36;7;2;8.91293852992703;6.98617258915876
17.37;7;2;8.90394291371206;6.98796986569253
17.38;7;2;8.92435759466187;6.98699183855696
17.39;7;2;8.87494186251298;6.99236840775295
17.4;7;2;8.93896275488821;6.98715163996777
17.41;7;2;8.89249634870218;6.9922513554447
17.42;7;2;8.89886895214782;6.99223129460429
17.43;7;2;8.91294108985635;6.99151970859432
17.44;7;2;8.91698001215426;6.99176193955877
17.45;7;2;8.88746766884413;6.99500648225121
17.46;7;2;8.94708553238751;6.98999755318933
17.47;7;2;8.89430839041558;6.99546195539406
17.48;7;2;8.88614970022529;6.99652038244334
17.49;7;1.99999999999929;8.90740375507405;6.9948560604814
17.5;7;0;8.09832202942748;7.06804083969669
17.51;7;0;7.12778275528458;7.15052931402508
17.52;7;0;6.97884121181379;7.15318195775613
17.53;7;0;6.97287451749179;7.14277739040869
17.54;7;0;6.94753472959953;7.13485958494711
17.55;7;0;6.94691751052386;7.12528230585744
17.56;7;0;6.92905643277319;7.11794106548622
17.57;7;0;6.94073391737742;7.10846572883758
17.58;7;0;6.95020033413631;7.09986619811133
17.59;7;0;6.92672445062762;7.0948457266842
17.6;7;0;6.96928892336685;7.08424022827285
17.61;7;0;6.92874377449931;7.08187213153621
17.62;7;0;6.96277565649055;7.07296125174712
17.63;7;0;6.92407738119746;7.07123257763941
17.64;7;0;6.95799069366103;7.06309233731111
17.65;7;0;6.95515903470997;7.05884059022176
17.66;7;0;6.95936724910703;7.05425895077296
17.67;7;0;6.92631315736364;7.05335817890023
17.68;7;0;6.92979605886379;7.04923341846671
17.69;7;0;6.96395614603716;7.04264233706407
17.7;7;0;6.93781806703026;7.04194888223352
17.71;7;0;6.93836414738809;7.03890338553714
17.72;7;0;6.95878170753397;7.03428699113921
17.73;7;0;6.96123025389599;7.03161755047871
17.74;7;0;6.91322110116497;7.03367997713418
17.75;7;0;6.94969665224762;7.02799146418192
17.76;7;0;6.96115575202203;7.02496075424898
17.77;7;0;6.9490499244364;7.02426736709805
17.78;7;0;6.94819346574058;7.02261106440008
17.79;7;0;6.94887107782627;7.02093500267808
17.8;7;0;6.94659092963447;7.0196448580901
17.81;7;0;6.93926747887513;7.0189007639333
17.82;7;0;6.9522920658775;7.01637849595019
17.83;7;0;6.9461674042425;7.01575982237429
17.84;7;0;6.93184451822523;7.01592317997796
17.85;7;0;6.95263073788255;7.01291504964319
17.86;7;0;6.95179670475329;7.0120676085455
17.87;7;0;6.9456643854013;7.01175754472728
17.88;7;0;6.94399606303789;7.01106786859738
17.89;7;0;6.96086449771209;7.00875914690406
17.9;7;0;6.93114672574121;7.01080809255566
17.91;7;0;6.94500938769687;7.00878844585128
17.92;7;0;6.96541675810819;7.00632403586831
17.93;7;0;6.93623969666451;7.00849825409392
17.94;7;0;6.9455230027902;7.00705573789861
17.95;7;0;6.94234312109864;7.00683794549744
17.96;7;0;6.95083334196529;7.00558540045952
17.97;7;0;6.96063764050171;7.00430405593965
17.98;7;0;6.93668587148413;7.00615228214671
17.99;7;7.10542735759989e-13;6.94960001852437;7.00455055971483
18;7;2;7.75303029551636;6.93191679359401
18.01;7;2;8.69145798795718;6.85232138628759
18.02;7;2;8.82555778790161;6.85080087648276
18.03;7;2;8.878947325925;6.85665289814386
18.04;7;2;8.87387039944212;6.86734890007395
18.05;7;2;8.85552328722125;6.87847521854019
18.06;7;2;8.88073155881606;6.88488681533514
18.07;7;2;8.88899537002265;6.89236544234197
18.08;7;2;8.88462370906097;6.90044707417205
18.09;7;2;8.88774844286146;6.90727677100982
18.1;7;2;8.9038673141578;6.91244915993702
18.11;7;2;8.88544172543836;6.92036109391665
18.12;7;2;8.88903020616529;6.92572662344883
18.13;7;2;8.89414980015819;6.93057110064911
18.14;7;2;8.89300717092332;6.93563314383551
18.15;7;2;8.87471714733769;6.94187687799237
18.16;7;2;8.90919144045211;6.94292584255956
18.17;7;2;8.88330521146833;6.94933232812045
18.18;7;2;8.89667682937028;6.95174800128871
18.19;7;2;8.92524492194299;6.95262344362562
18.2;7;2;8.87141656192917;6.96085203516871
18.21;7;2;8.89145830118847;6.96184456114212
18.22;7;2;8.89536827010579;6.96421805174206
18.23;7;2;8.87760790904975;6.96837233700698
18.24;7;2;8.91746940361359;6.96704392053593
18.25;7;2;8.90684177805711;6.97035441181444
18.26;7;2;8.90726561286274;6.97243380797586
18.27;7;2;8.88951769169264;6.97600013388743
18.28;7;2;8.90582164028038;6.97624705391283
18.29;7;2;8.90736947492703;6.97780438706035
18.3;7;2;8.90117903853853;6.97994692652139
18.31;7;2;8.92782223617771;6.97898140034998
18.32;7;2;8.87003082188386;6.98568395548933
18.33;7;2;8.92058405851926;6.98215673798735
18.34;7;2;8.90786742725686;6.9845757527727
18.35;7;2;8.88126769528319;6.988071459859
18.36;7;2;8.92864033193732;6.98465996032782
18.37;7;2;8.89558705560831;6.98873047158872
18.38;7;2;8.8873099151234;6.99028037978666
18.39;7;2;8.93513845447302;6.98667006901589
18.4;7;2;8.89685513906185;6.99106770460634
18.41;7;2;8.9023023332179;6.99121547745693
18.42;7;2;8.9155345399793;6.99065204396377
18.43;7;2;8.90076124439254;6.99264935096133
18.44;7;2;8.90625293837283;6.99268014409025
18.45;7;2;8.91379234492033;6.99252444357928
18.46;7;2;8.9094611412806;6.99344821946417
18.47;7;2;8.90821190598869;6.99402863420313
18.48;7;2;8.91307929585016;6.99401709447796
18.49;7;1.99999999999929;8.91917370530265;6.99389594725717
18.5;7;0;8.08935104810289;7.06901599019967
18.51;7;0;7.14346724349768;7.14921581898419
18.52;7;0;6.98203644826566;7.15308631680907
18.53;7;0;6.93562509121069;7.14632860098613
18.54;7;0;6.96833453276767;7.13293270725446
18.55;7;0;6.94767717042795;7.12529667554428
18.56;7;0;6.94497543485068;7.11659006829599
18.57;7;0;6.9305536663237;7.10956016459374
18.58;7;0;6.94612474880322;7.10033304029696
18.59;7;0;6.94973573070991;7.09284140541924
18.6;7;0;6.9192238794702;7.08895594237679
18.61;7;0;6.96665782233925;7.0783328908978
18.62;7;0;6.94358033272015;7.07481465784846
18.63;7;0;6.93205545124131;7.0705079924443
18.64;7;0;6.94241859535127;7.06453902370303
18.65;7;0;6.96489790021493;7.05790595542471
18.66;7;0;6.9444152870966;7.05561325042896
18.67;7;0;6.92212374711082;7.05364711351575
18.68;7;0;6.94462369755992;7.0477901807909
18.69;7;0;6.97754157433673;7.04141398705207
18.7;7;0;6.92108049588898;7.04353734180545
18.71;7;0;6.95539569381814;7.03733916340812
18.72;7;0;6.92699395708043;7.03722823624464
18.73;7;0;6.9665504394685;7.03100899267453
18.74;7;0;6.95655626284801;7.02969354017036
18.75;7;0;6.94382016912616;7.0287188211125
18.76;7;0;6.94345604681121;7.02670024741648
18.77;7;0;6.94203629997401;7.02492086377647
18.78;7;0;6.94972153727443;7.02244913039843
18.79;7;0;6.94538754092885;7.0212356804568
18.8;7;0;6.95394166961293;7.01894897425531
18.81;7;0;6.92378346638267;7.02030971413134
18.82;7;0;6.96045856017999;7.01555826150841
18.83;7;0;6.94147656956905;7.01615533602503
18.84;7;0;6.94117909459349;7.01502815594017
18.85;7;0;6.96225022396007;7.01205831431496
18.86;7;0;6.94458587165479;7.01278679763306
18.87;7;0;6.9294863474446;7.01323241189939
18.88;7;0;6.97027778153272;7.00861601027844
18.89;7;0;6.93954880263691;7.01076618888167
18.9;7;0;6.93293050393113;7.01059282205674
18.91;7;0;6.96598210191622;7.00686154784061
18.92;7;0;6.92474177327073;7.01008306669062
18.93;7;0;6.95938884261035;7.00624461115567
18.94;7;0;6.96902899603526;7.00493095348453
18.95;7;0;6.93483206026293;7.00765646657882
18.96;7;0;6.93588240499549;7.00701504488301
18.97;7;0;6.94492152338723;7.00570044938991
18.98;7;0;6.95059474833641;7.00478268399354
18.99;7;7.10542735759989e-13;6.94250937000209;7.00516874758121
19;7;2;7.7542655574429;6.93174149350595
19.01;7;2;8.67423678898839;6.85381968940307
19.02;7;2;8.85141482570361;6.8483151168623
19.03;7;2;8.84789288834444;6.85946672589402
19.04;7;2;8.90004568219792;6.86481106550243
19.05;7;2;8.87532396809255;6.87669237231364
19.06;7;2;8.86878092659123;6.88608893374387
19.07;7;2;8.87476778542882;6.89368662112407
19.08;7;2;8.8905827357488;6.89985708826401
19.09;7;2;8.91071310138484;6.90519842033202
19.1;7;2;8.88086752320934;6.91465606363801
19.11;7;2;8.87016225076059;6.92171553341823
19.12;7;2;8.8956646082016;6.92501206859892
19.13;7;2;8.87032951118469;6.93264850790716
19.14;7;2;8.91162806860848;6.93374245826945
19.15;7;2;8.8806312625409;6.94126485208749
19.16;7;2;8.89628538415126;6.94405134849585
19.17;7;2;8.89183127347287;6.94844855035421
19.18;7;2;8.90457236057325;6.95098409852875
19.19;7;2;8.89675440701339;6.95518884978327
19.2;7;2;8.89499683558256;6.95854782724673
19.21;7;2;8.89918758457294;6.96113152888961
19.22;7;2;8.90422960978853;6.96345406554136
19.23;7;2;8.90956949400327;6.96558389939629
19.24;7;2;8.88585620700865;6.97017638768737
19.25;7;2;8.92459077184127;6.96882053436114
19.26;7;2;8.88775539554876;6.97436282247321
19.27;7;2;8.9066178043454;6.97449643213485
19.28;7;2;8.88865449632061;6.97793481279478
19.29;7;2;8.89965586290676;6.97852077408269
19.3;7;2;8.92994140273394;6.97732930537958
19.31;7;2;8.88727135112197;6.98278894488328
19.32;7;2;8.91768420070352;6.9812811489449
19.33;7;2;8.88120570833078;6.98590127355821
19.34;7;2;8.93528401835887;6.98204127695654
19.35;7;2;8.95366183391732;6.98167003894304
19.36;7;2;8.87082247505628;6.99043486372363
19.37;7;2;8.89508548008019;6.98893441671809
19.38;7;2;8.89239278420764;6.98996715760925
19.39;7;2;8.90330988873266;6.98970124924323
19.4;7;2;8.89098326955111;6.99154626948879
19.41;7;2;8.91037316888252;6.990405015874
19.42;7;2;8.91192233433022;6.99095094644475
19.43;7;2;8.90784391054535;6.99196436501042
19.44;7;2;8.91125481980144;6.99223135655335
19.45;7;2;8.9193449667307;6.99205814587726
19.46;7;2;8.90509912271468;6.99390754660005
19.47;7;2;8.90755208723782;6.99412195448355
19.48;7;2;8.8925670542829;6.99589046730871
19.49;7;1.99999999999929;8.91345648237764;6.99430395625813
19.5;7;0;8.10571095802208;7.0674079139337
19.51;7;0;7.12651357410524;7.15072082769202
19.52;7;0;6.98431456004178;7.15275296477646
19.53;7;0;6.98302241947315;7.1419583304953
19.54;7;0;6.95136718304664;7.13466742023816
19.55;7;0;6.93611156983153;7.12642132323187
19.56;7;0;6.9320362536184;7.11775800646571
19.57;7;0;6.94271194453111;7.10838590743563
19.58;7;0;6.95893328636219;7.09918413551324
19.59;7;0;6.94174463363675;7.09364653260345
19.6;7;0;6.93406796432855;7.08764839427899
19.61;7;0;6.93230549176942;7.08154641672995
19.62;7;0;6.93133041501844;7.07580942913213
19.63;7;0;6.95280946007627;7.06846135541191
19.64;7;0;6.95012830661352;7.06381256202567
19.65;7;0;6.94700888730459;7.0595352692639
19.66;7;0;6.93579860775415;7.05629167486849
19.67;7;0;6.96201676862359;7.04991120613584
19.68;7;0;6.9474535646428;7.0476568080736
19.69;7;0;6.96948467434434;7.04226995019568
19.7;7;0;6.92842014785463;7.04294647522156
19.71;7;0;6.93065241044688;7.03967796598137
19.72;7;0;6.95468585893927;7.03468081495336
19.73;7;0;6.9277488985953;7.03462794014934
19.74;7;0;6.97921470944671;7.02752259264374
19.75;7;0;6.92144859022615;7.03075564379496
19.76;7;0;6.96366842102874;7.02475902712325
19.77;7;0;6.95854550839344;7.0234515871897
19.78;7;0;6.92157451864866;7.02510386280175
19.79;7;0;6.93652071659143;7.02196557178782
19.8;7;0;6.95151013474051;7.01904755461263
19.81;7;0;6.96264422951046;7.01668494635567
19.82;7;0;6.95608410736017;7.01608357538109
19.83;7;0;6.9223347394265;7.01797219162766
19.84;7;0;6.95587209000773;7.01367010198308
19.85;7;0;6.93611763720821;7.01447156682519
19.86;7;0;6.95687275065465;7.01156992317944
19.87;7;0;6.95413515391961;7.01098988374305
19.88;7;0;6.94895643010237;7.01067097713879
19.89;7;0;6.94213541317262;7.0105226559627
19.9;7;0;6.95162725899454;7.00891677149613
19.91;7;0;6.92650550643763;7.01054081695599
19.92;7;0;6.9384167781264;7.00871588694976
19.93;7;0;6.94647091053129;7.00736845163289
19.94;7;0;6.96093416089867;7.00554044107842
19.95;7;0;6.95393264615891;7.00577483159246
19.96;7;0;6.95279990005903;7.00546429074452
19.97;7;0;6.9476928593092;7.00553361791005
19.98;7;0;6.94116141229543;7.00572618970137
19.99;7;0;6.95224604175013;7.00431955946675
20;7;0;6.94945322402879;7.00426237308399
