Epoche;Kp;Ki;Kd;Kn;IntegralSaturation;AntiWindupBackCalculationConstant
;-;-;-;-;-;-
0;1;1;1;1;1;1
0;"3762FF";"3762FF";"3762FF";"3762FF";"3762FF";"3762FF"
0;-0.708426;0.061495;-0.603565;0.499802;100000000.000000;0.100000
1;-0.613208;0.061739;-0.709891;0.643300;100000000.000000;0.100000
2;-0.830988;-0.581103;-0.524827;0.942137;100000000.000000;0.100000
3;-0.830988;-0.237403;0.066439;0.643300;100000000.000000;0.100000
4;-0.757753;0.061495;-0.603565;0.279702;100000000.000000;0.100000
5;-0.757753;0.061495;-0.551415;0.643300;100000000.000000;0.100000
6;-0.712613;0.061495;-0.551415;0.475837;100000000.000000;0.100000
7;-0.757753;0.049664;0.066439;0.038423;100000000.000000;0.100000
8;-0.757753;0.049664;0.066439;-0.021594;100000000.000000;0.100000
9;-0.757753;0.049664;0.066439;0.038423;100000000.000000;0.100000
10;-0.757753;0.049664;0.051602;0.038423;100000000.000000;0.100000
11;-0.757753;0.049664;0.051602;0.038423;100000000.000000;0.100000
12;-0.757753;0.049664;0.067682;0.028757;100000000.000000;0.100000
13;-0.757753;0.049664;0.066439;0.038423;100000000.000000;0.100000
14;-0.757753;0.049664;0.062398;-0.025404;100000000.000000;0.100000
15;-0.757753;0.049664;0.062398;-0.025404;100000000.000000;0.100000
16;-0.757753;0.049664;0.062398;-0.025404;100000000.000000;0.100000
17;-0.735807;0.043568;0.073086;0.051978;100000000.000000;0.100000
18;-0.735807;0.043568;0.055779;-0.023413;100000000.000000;0.100000
19;-0.735807;0.043568;0.055779;0.038423;100000000.000000;0.100000
20;-0.735807;0.043568;0.066439;0.038423;100000000.000000;0.100000
21;-0.735807;0.043568;0.066439;0.038423;100000000.000000;0.100000
22;-0.757753;0.049664;0.076408;-0.025404;100000000.000000;0.100000
23;-0.757753;0.049664;0.066439;-0.025404;100000000.000000;0.100000
24;-0.761431;0.049664;0.066439;-0.025404;100000000.000000;0.100000
25;-0.762791;0.049664;0.053387;0.038423;100000000.000000;0.100000
26;-0.785904;0.053170;0.053387;0.038423;100000000.000000;0.100000
27;-0.785904;0.053170;0.053387;0.038423;100000000.000000;0.100000
28;-0.785904;0.053170;0.039840;0.051978;100000000.000000;0.100000
29;-0.768582;0.049664;0.053909;0.038423;100000000.000000;0.100000
30;-0.757753;0.049664;0.080946;-0.030524;100000000.000000;0.100000
31;-0.757753;0.049664;0.053387;0.032685;100000000.000000;0.100000
32;-0.765045;0.049664;0.053387;-0.018105;100000000.000000;0.100000
33;-0.765648;0.049664;0.066439;-0.020272;100000000.000000;0.100000
34;-0.757753;0.049664;0.066439;-0.030524;100000000.000000;0.100000
35;-0.765648;0.049664;0.066439;-0.025404;100000000.000000;0.100000
36;-0.757753;0.049664;0.065648;-0.030524;100000000.000000;0.100000
37;-0.765648;0.049664;0.039840;-0.023413;100000000.000000;0.100000
38;-0.765648;0.049664;0.057106;0.038423;100000000.000000;0.100000
39;-0.765648;0.049664;0.039840;-0.028879;100000000.000000;0.100000
40;-0.764598;0.049664;0.065648;-0.023413;100000000.000000;0.100000
41;-0.764598;0.049664;0.063139;-0.025404;100000000.000000;0.100000
42;-0.765648;0.049664;0.065921;-0.025711;100000000.000000;0.100000
43;-0.765299;0.049664;0.039840;-0.023413;100000000.000000;0.100000
44;-0.765299;0.049664;0.062825;-0.018138;100000000.000000;0.100000
45;-0.765648;0.049664;0.058940;-0.013459;100000000.000000;0.100000
46;-0.765648;0.049664;0.058940;-0.013459;100000000.000000;0.100000
47;-0.770610;0.051762;0.062825;-0.025404;100000000.000000;0.100000
48;-0.770610;0.051762;0.066738;-0.036205;100000000.000000;0.100000
49;-0.765648;0.049664;0.076854;-0.028977;100000000.000000;0.100000
50;-0.765299;0.049664;0.065648;-0.024378;100000000.000000;0.100000
51;-0.779325;0.052740;0.052211;-0.024378;100000000.000000;0.100000
52;-0.765648;0.049664;0.066738;-0.029505;100000000.000000;0.100000
53;-0.779325;0.052740;0.052211;-0.031183;100000000.000000;0.100000
54;-0.765648;0.049664;0.082056;-0.025404;100000000.000000;0.100000
55;-0.763020;0.049664;0.066265;-0.023353;100000000.000000;0.100000
56;-0.763020;0.049664;0.065648;-0.023871;100000000.000000;0.100000
57;-0.757753;0.048002;0.065648;-0.021958;100000000.000000;0.100000
58;-0.763020;0.049664;0.055019;-0.025404;100000000.000000;0.100000
59;-0.768206;0.049664;0.066265;-0.025404;100000000.000000;0.100000
60;-0.758966;0.049412;0.065648;-0.023871;100000000.000000;0.100000
61;-0.779325;0.052740;0.065648;-0.023871;100000000.000000;0.100000
62;-0.779325;0.052740;0.065648;-0.031183;100000000.000000;0.100000
63;-0.779325;0.052740;0.066738;-0.030223;100000000.000000;0.100000
64;-0.779325;0.052740;0.065648;-0.025404;100000000.000000;0.100000
65;-0.770610;0.051762;0.066738;-0.035792;100000000.000000;0.100000
66;-0.770610;0.051762;0.066265;-0.031183;100000000.000000;0.100000
67;-0.763020;0.049664;0.071933;-0.031183;100000000.000000;0.100000
68;-0.763020;0.049664;0.064026;-0.025404;100000000.000000;0.100000
69;-0.763020;0.049664;0.065648;-0.025404;100000000.000000;0.100000
70;-0.763020;0.049664;0.064026;-0.031183;100000000.000000;0.100000
71;-0.763020;0.049664;0.067350;-0.031567;100000000.000000;0.100000
72;-0.763020;0.049664;0.067350;-0.034743;100000000.000000;0.100000
73;-0.765607;0.049664;0.066265;-0.033869;100000000.000000;0.100000
74;-0.763020;0.049664;0.064026;-0.020542;100000000.000000;0.100000
75;-0.765607;0.049664;0.060047;-0.025404;100000000.000000;0.100000
76;-0.763020;0.049664;0.077311;-0.031567;100000000.000000;0.100000
77;-0.763020;0.049664;0.064026;-0.031567;100000000.000000;0.100000
78;-0.763020;0.049664;0.064026;-0.032392;100000000.000000;0.100000
79;-0.763020;0.049664;0.054481;-0.020542;100000000.000000;0.100000
80;-0.763020;0.049664;0.054481;-0.020542;100000000.000000;0.100000
81;-0.763020;0.049664;0.065648;-0.020542;100000000.000000;0.100000
82;-0.763020;0.049664;0.065648;-0.020542;100000000.000000;0.100000
83;-0.763020;0.049664;0.065648;-0.020542;100000000.000000;0.100000
84;-0.763020;0.049664;0.065648;-0.020542;100000000.000000;0.100000
85;-0.763020;0.049664;0.065648;-0.017511;100000000.000000;0.100000
86;-0.763020;0.049664;0.091705;-0.035293;100000000.000000;0.100000
87;-0.763020;0.049664;0.065648;-0.017511;100000000.000000;0.100000
88;-0.763020;0.049664;0.065648;-0.016401;100000000.000000;0.100000
89;-0.763020;0.049664;0.065648;-0.016401;100000000.000000;0.100000
90;-0.763020;0.049664;0.051887;-0.032392;100000000.000000;0.100000
91;-0.763020;0.049664;0.060238;-0.017511;100000000.000000;0.100000
92;-0.763020;0.049664;0.039790;-0.020788;100000000.000000;0.100000
93;-0.763020;0.049664;0.039790;-0.025624;100000000.000000;0.100000
94;-0.761321;0.049664;0.082624;-0.032392;100000000.000000;0.100000
95;-0.763020;0.049664;0.066791;-0.017511;100000000.000000;0.100000
96;-0.763020;0.049664;0.058606;-0.025624;100000000.000000;0.100000
97;-0.763020;0.049664;0.058606;-0.026038;100000000.000000;0.100000
98;-0.763020;0.049664;0.058606;-0.025624;100000000.000000;0.100000
99;-0.763020;0.049664;0.045395;-0.031195;100000000.000000;0.100000
100;-0.771129;0.053075;0.068757;-0.034079;100000000.000000;0.100000
101;-0.769536;0.049664;0.058606;-0.025624;100000000.000000;0.100000
102;-0.769536;0.053075;0.066997;-0.025624;100000000.000000;0.100000
103;-0.771129;0.049664;0.065648;-0.021246;100000000.000000;0.100000
104;-0.763020;0.049664;0.065648;-0.021246;100000000.000000;0.100000
105;-0.771129;0.053075;0.070869;-0.018685;100000000.000000;0.100000
106;-0.771129;0.053075;0.068757;-0.017969;100000000.000000;0.100000
107;-0.771129;0.053075;0.065648;-0.016044;100000000.000000;0.100000
108;-0.769536;0.053075;0.065648;-0.016044;100000000.000000;0.100000
109;-0.769536;0.053075;0.065648;-0.016044;100000000.000000;0.100000
110;-0.771129;0.055569;0.068757;-0.012478;100000000.000000;0.100000
111;-0.819756;0.055569;0.068757;-0.012478;100000000.000000;0.100000
112;-0.821988;0.049664;0.052640;-0.012478;100000000.000000;0.100000
113;-0.771129;0.053075;0.065648;-0.011143;100000000.000000;0.100000
114;-0.771129;0.053075;0.051090;-0.011143;100000000.000000;0.100000
115;-0.771129;0.053075;0.065648;-0.010523;100000000.000000;0.100000
116;-0.773230;0.053075;0.065648;-0.010523;100000000.000000;0.100000
117;-0.771129;0.055569;0.068757;-0.010523;100000000.000000;0.100000
118;-0.711945;0.055569;0.065648;-0.010523;100000000.000000;0.100000
119;-0.771129;0.055569;0.065648;-0.009996;100000000.000000;0.100000
120;-0.730211;0.055569;0.065648;-0.004867;100000000.000000;0.100000
121;-0.726371;0.055569;0.065648;-0.004867;100000000.000000;0.100000
122;-0.726371;0.055569;0.051440;-0.004867;100000000.000000;0.100000
123;-0.730670;0.053075;0.065648;-0.002297;100000000.000000;0.100000
124;-0.726371;0.053075;0.065648;-0.001144;100000000.000000;0.100000
125;-0.726371;0.064070;0.056194;-0.002297;100000000.000000;0.100000
126;-0.771129;0.064070;0.056194;-0.002297;100000000.000000;0.100000
127;-0.726371;0.030913;0.065648;-0.001144;100000000.000000;0.100000
128;-0.726371;0.030913;0.072689;-0.001144;100000000.000000;0.100000
129;-0.726371;0.030913;0.072689;-0.001144;100000000.000000;0.100000
130;-0.707980;0.030913;0.065648;-0.001144;100000000.000000;0.100000
131;-0.726371;0.030913;0.068935;-0.001144;100000000.000000;0.100000
132;-0.771129;0.027605;0.065648;-0.001144;100000000.000000;0.100000
133;-0.726371;0.020015;0.061997;-0.001144;100000000.000000;0.100000
134;-0.726371;0.020015;0.061997;-0.001144;100000000.000000;0.100000
135;-0.771129;0.020015;0.061997;-0.001821;100000000.000000;0.100000
136;-0.771129;0.021379;0.076028;-0.001821;100000000.000000;0.100000
137;-0.726371;0.020015;0.072408;-0.001144;100000000.000000;0.100000
138;-0.762868;0.020015;0.065648;-0.001769;100000000.000000;0.100000
139;-0.726371;0.020015;0.065648;-0.001769;100000000.000000;0.100000
140;-0.779548;0.020015;0.065648;-0.001769;100000000.000000;0.100000
141;-0.690542;0.020015;0.065648;-0.001769;100000000.000000;0.100000
142;-0.774978;0.020015;0.065648;-0.001769;100000000.000000;0.100000
143;-0.726371;0.020015;0.065648;-0.001769;100000000.000000;0.100000
144;-0.721268;0.020015;0.067430;-0.001769;100000000.000000;0.100000
145;-0.735818;0.020015;0.065648;-0.001769;100000000.000000;0.100000
146;-0.736102;0.020015;0.065648;-0.001769;100000000.000000;0.100000
147;-0.736102;0.020015;0.065648;-0.001769;100000000.000000;0.100000
148;-0.735818;0.020015;0.073390;-0.001769;100000000.000000;0.100000
149;-0.726371;0.018538;0.065648;-0.001769;100000000.000000;0.100000
150;-0.726371;0.018538;0.065648;-0.001769;100000000.000000;0.100000
151;-0.726371;0.018538;0.065648;-0.001769;100000000.000000;0.100000
152;-0.726371;0.018538;0.066212;-0.001769;100000000.000000;0.100000
153;-0.726371;0.018538;0.066212;-0.001769;100000000.000000;0.100000
154;-0.726371;0.018538;0.066212;-0.001769;100000000.000000;0.100000
155;-0.726371;0.018538;0.066212;-0.001769;100000000.000000;0.100000
156;-0.726371;0.010401;0.065648;-0.001769;100000000.000000;0.100000
157;-0.726371;0.010401;0.066212;-0.001769;100000000.000000;0.100000
158;-0.695206;0.005797;0.066212;-0.001769;100000000.000000;0.100000
159;-0.695206;0.005797;0.066212;-0.001769;100000000.000000;0.100000
160;-0.676390;0.005797;0.066212;-0.001769;100000000.000000;0.100000
161;-0.676390;0.003368;0.066212;-0.001769;100000000.000000;0.100000
162;-0.728145;0.003368;0.066212;-0.001769;100000000.000000;0.100000
163;-0.676390;0.003368;0.066212;-0.001769;100000000.000000;0.100000
164;-0.726371;0.004758;0.065648;-0.001769;100000000.000000;0.100000
165;-0.741273;0.004758;0.065648;-0.001769;100000000.000000;0.100000
166;-0.726371;0.005797;0.076149;-0.001769;100000000.000000;0.100000
167;-0.729029;0.005797;0.065648;-0.001769;100000000.000000;0.100000
168;-0.730896;0.000451;0.065648;-0.001769;100000000.000000;0.100000
169;-0.730896;0.005797;0.078854;-0.001769;100000000.000000;0.100000
170;-0.726371;0.003100;0.065648;-0.001769;100000000.000000;0.100000
171;-0.726371;0.000008;0.065648;-0.000505;100000000.000000;0.100000
172;-0.688984;0.003100;0.065648;-0.001769;100000000.000000;0.100000
173;-0.726371;0.003100;0.065648;-0.001769;100000000.000000;0.100000
174;-0.726371;0.003100;0.065648;-0.001769;100000000.000000;0.100000
175;-0.684617;0.003100;0.065648;-0.001769;100000000.000000;0.100000
176;-0.726371;0.003100;0.065648;-0.001769;100000000.000000;0.100000
177;-0.684617;0.002902;0.065648;-0.001769;100000000.000000;0.100000
178;-0.730896;0.002902;0.065648;-0.001769;100000000.000000;0.100000
179;-0.734981;0.002902;0.065648;-0.001769;100000000.000000;0.100000
180;-0.730896;0.002902;0.065648;-0.001769;100000000.000000;0.100000
181;-0.730896;0.002902;0.065648;-0.001769;100000000.000000;0.100000
182;-0.730896;0.002902;0.065648;-0.001769;100000000.000000;0.100000
183;-0.730896;0.002902;0.065648;-0.001769;100000000.000000;0.100000
184;-0.676619;0.003100;0.065648;-0.001769;100000000.000000;0.100000
185;-0.684617;0.003100;0.065648;-0.001769;100000000.000000;0.100000
186;-0.685151;0.003100;0.065648;-0.001769;100000000.000000;0.100000
187;-0.685151;0.003100;0.065648;-0.001769;100000000.000000;0.100000
188;-0.740774;0.002902;0.065648;-0.001769;100000000.000000;0.100000
189;-0.730896;0.002902;0.054669;-0.001769;100000000.000000;0.100000
190;-0.685151;0.002902;0.071912;-0.001769;100000000.000000;0.100000
191;-0.685151;0.002902;0.057343;-0.001769;100000000.000000;0.100000
192;-0.685290;0.002902;0.057343;-0.001769;100000000.000000;0.100000
193;-0.710581;0.002902;0.054669;-0.001769;100000000.000000;0.100000
194;-0.685151;0.002902;0.064044;-0.001769;100000000.000000;0.100000
195;-0.684617;0.002902;0.064044;-0.001769;100000000.000000;0.100000
196;-0.684617;0.002902;0.064044;-0.001769;100000000.000000;0.100000
197;-0.684617;0.002902;0.058789;-0.001769;100000000.000000;0.100000
198;-0.710581;0.002902;0.055115;-0.001769;100000000.000000;0.100000
199;-0.708006;0.002902;0.054669;-0.001769;100000000.000000;0.100000
200;-0.749393;0.002303;0.054669;-0.001769;100000000.000000;0.100000
201;-0.749393;0.002303;0.054669;-0.001769;100000000.000000;0.100000
202;-0.677923;0.002902;0.057804;-0.001769;100000000.000000;0.100000
203;-0.685151;0.002902;0.061482;-0.001769;100000000.000000;0.100000
204;-0.685151;0.002902;0.061482;-0.001769;100000000.000000;0.100000
205;-0.685151;0.002902;0.060658;-0.001769;100000000.000000;0.100000
206;-0.657119;0.002902;0.060658;-0.001769;100000000.000000;0.100000
207;-0.711384;0.002902;0.060658;-0.001769;100000000.000000;0.100000
208;-0.685151;0.002160;0.053097;-0.001769;100000000.000000;0.100000
209;-0.685151;0.002902;0.065105;-0.001769;100000000.000000;0.100000
210;-0.677923;0.002902;0.065105;-0.001769;100000000.000000;0.100000
211;-0.711384;0.002160;0.054669;-0.001769;100000000.000000;0.100000
212;-0.655409;0.002160;0.054669;-0.001769;100000000.000000;0.100000
213;-0.634362;0.002902;0.064396;-0.001769;100000000.000000;0.100000
214;-0.677923;0.002902;0.064396;-0.001769;100000000.000000;0.100000
215;-0.643928;0.002902;0.064396;-0.001769;100000000.000000;0.100000
216;-0.634362;0.002160;0.054669;-0.001769;100000000.000000;0.100000
217;-0.693511;0.002902;0.066521;-0.001769;100000000.000000;0.100000
218;-0.625437;0.002639;0.055710;-0.001769;100000000.000000;0.100000
219;-0.693511;0.002902;0.066521;-0.001769;100000000.000000;0.100000
220;-0.655409;-0.000152;0.060113;0.005269;100000000.000000;0.100000
221;-0.663526;-0.000152;0.060113;0.005269;100000000.000000;0.100000
222;-0.663526;-0.000152;0.055710;0.000900;100000000.000000;0.100000
223;-0.663526;-0.000152;0.055710;0.000900;100000000.000000;0.100000
224;-0.677692;-0.000152;0.055710;0.000900;100000000.000000;0.100000
225;-0.689672;-0.000152;0.055710;0.008596;100000000.000000;0.100000
226;-0.655409;-0.000152;0.054669;0.005269;100000000.000000;0.100000
227;-0.663526;-0.000152;0.057408;0.005269;100000000.000000;0.100000
228;-0.655409;-0.000152;0.054669;0.005269;100000000.000000;0.100000
229;-0.663526;-0.000152;0.055710;0.000900;100000000.000000;0.100000
230;-0.695585;-0.000152;0.055710;0.000900;100000000.000000;0.100000
231;-0.663526;-0.000152;0.055710;0.000900;100000000.000000;0.100000
232;-0.695585;-0.000152;0.057408;0.004456;100000000.000000;0.100000
233;-0.695585;-0.000152;0.057408;0.000900;100000000.000000;0.100000
234;-0.655409;-0.000152;0.055710;0.000900;100000000.000000;0.100000
235;-0.663526;-0.000152;0.054669;0.001023;100000000.000000;0.100000
236;-0.663526;-0.000152;0.054669;0.000900;100000000.000000;0.100000
237;-0.678376;-0.000152;0.053086;0.000900;100000000.000000;0.100000
238;-0.678376;-0.000152;0.053086;0.000900;100000000.000000;0.100000
239;-0.678376;-0.000152;0.053086;0.000900;100000000.000000;0.100000
240;-0.715637;-0.000152;0.053086;0.000900;100000000.000000;0.100000
241;-0.678376;-0.000152;0.053086;0.000900;100000000.000000;0.100000
242;-0.678376;-0.000152;0.054669;0.000900;100000000.000000;0.100000
243;-0.678376;-0.000152;0.054669;0.000900;100000000.000000;0.100000
244;-0.678376;-0.000152;0.054669;0.000900;100000000.000000;0.100000
245;-0.693589;-0.000152;0.054669;0.000900;100000000.000000;0.100000
246;-0.686243;-0.000152;0.054669;0.000900;100000000.000000;0.100000
247;-0.678376;-0.000152;0.054669;0.000900;100000000.000000;0.100000
248;-0.678376;-0.000152;0.053086;0.000900;100000000.000000;0.100000
249;-0.678376;-0.000152;0.053086;0.000900;100000000.000000;0.100000
250;-0.678376;-0.000152;0.054669;0.000900;100000000.000000;0.100000
251;-0.678376;-0.000152;0.054669;0.000900;100000000.000000;0.100000
252;-0.678376;-0.000152;0.051452;0.000900;100000000.000000;0.100000
253;-0.706393;-0.000152;0.053086;0.000900;100000000.000000;0.100000
254;-0.706393;-0.000152;0.053086;0.000900;100000000.000000;0.100000
255;-0.715973;-0.000152;0.053086;0.005269;100000000.000000;0.100000
256;-0.715973;-0.000152;0.047732;0.000900;100000000.000000;0.100000
257;-0.715973;-0.000152;0.047732;0.000900;100000000.000000;0.100000
258;-0.706393;-0.000152;0.053086;0.000235;100000000.000000;0.100000
259;-0.715973;-0.000152;0.047732;0.005269;100000000.000000;0.100000
260;-0.715973;-0.000152;0.047732;0.005269;100000000.000000;0.100000
261;-0.715973;-0.000152;0.047732;0.000235;100000000.000000;0.100000
262;-0.715973;-0.000152;0.047732;0.000900;100000000.000000;0.100000
263;-0.715973;-0.000152;0.047732;0.005269;100000000.000000;0.100000
264;-0.715973;-0.000152;0.054669;0.000900;100000000.000000;0.100000
265;-0.706393;-0.000152;0.054669;0.000900;100000000.000000;0.100000
266;-0.706393;-0.000152;0.047732;0.000235;100000000.000000;0.100000
267;-0.713895;-0.000152;0.049098;0.005269;100000000.000000;0.100000
268;-0.713895;-0.000152;0.049098;0.005269;100000000.000000;0.100000
269;-0.713895;-0.000152;0.053086;0.001597;100000000.000000;0.100000
270;-0.713895;-0.000152;0.047732;0.000900;100000000.000000;0.100000
271;-0.713895;-0.000152;0.047732;0.000900;100000000.000000;0.100000
272;-0.713895;-0.000152;0.047732;0.000900;100000000.000000;0.100000
273;-0.713895;-0.000152;0.047732;0.000900;100000000.000000;0.100000
274;-0.713895;-0.000152;0.047732;0.001597;100000000.000000;0.100000
275;-0.713895;-0.000152;0.053086;0.001597;100000000.000000;0.100000
276;-0.713895;-0.000152;0.054669;0.001597;100000000.000000;0.100000
277;-0.714016;-0.000152;0.044697;0.001597;100000000.000000;0.100000
278;-0.714016;-0.000152;0.044697;0.001597;100000000.000000;0.100000
279;-0.714016;-0.000152;0.044697;0.001597;100000000.000000;0.100000
280;-0.713895;-0.000152;0.044587;0.001256;100000000.000000;0.100000
281;-0.714787;-0.000152;0.040779;0.005269;100000000.000000;0.100000
282;-0.714016;-0.000152;0.053086;0.002393;100000000.000000;0.100000
283;-0.714016;-0.000152;0.044697;0.001597;100000000.000000;0.100000
284;-0.714016;-0.000152;0.044587;0.005189;100000000.000000;0.100000
285;-0.713895;-0.000152;0.044587;0.005189;100000000.000000;0.100000
286;-0.713895;-0.000152;0.053086;0.001597;100000000.000000;0.100000
287;-0.713895;-0.000152;0.044587;0.002800;100000000.000000;0.100000
288;-0.713895;-0.000152;0.053901;0.000838;100000000.000000;0.100000
289;-0.713895;-0.000152;0.044587;0.001821;100000000.000000;0.100000
290;-0.713895;-0.000152;0.047732;0.000838;100000000.000000;0.100000
291;-0.713895;-0.000152;0.051700;0.000838;100000000.000000;0.100000
292;-0.713895;-0.000152;0.047732;0.000838;100000000.000000;0.100000
293;-0.713895;-0.000152;0.047732;0.000838;100000000.000000;0.100000
294;-0.710825;-0.000152;0.053901;0.005189;100000000.000000;0.100000
295;-0.713895;-0.000152;0.053901;0.000838;100000000.000000;0.100000
296;-0.713895;-0.000152;0.044587;0.001454;100000000.000000;0.100000
297;-0.713895;-0.000152;0.044587;0.000838;100000000.000000;0.100000
298;-0.713895;-0.000152;0.041759;0.000838;100000000.000000;0.100000
299;-0.713895;-0.000152;0.041759;0.000838;100000000.000000;0.100000
300;-0.713895;-0.000152;0.044587;0.000838;100000000.000000;0.100000
301;-0.713895;-0.000152;0.044587;0.000838;100000000.000000;0.100000
302;-0.713895;-0.000152;0.044587;0.000838;100000000.000000;0.100000
303;-0.713895;-0.000152;0.044587;0.000838;100000000.000000;0.100000
304;-0.713895;-0.000152;0.044587;0.000838;100000000.000000;0.100000
305;-0.713895;-0.000152;0.042959;0.005189;100000000.000000;0.100000
306;-0.713895;-0.000152;0.049005;0.000838;100000000.000000;0.100000
307;-0.713895;-0.000152;0.041759;0.001610;100000000.000000;0.100000
308;-0.713895;-0.000152;0.050070;0.000838;100000000.000000;0.100000
309;-0.713895;-0.000152;0.050070;0.007228;100000000.000000;0.100000
310;-0.713895;-0.000152;0.050070;0.005189;100000000.000000;0.100000
311;-0.713895;-0.000152;0.051700;0.007228;100000000.000000;0.100000
312;-0.704051;-0.000152;0.045953;0.007228;100000000.000000;0.100000
313;-0.704051;-0.000152;0.053901;0.007228;100000000.000000;0.100000
314;-0.696776;-0.000152;0.044587;0.001715;100000000.000000;0.100000
315;-0.704051;-0.000152;0.047769;0.010505;100000000.000000;0.100000
316;-0.695917;-0.000152;0.041836;0.007228;100000000.000000;0.100000
317;-0.696776;-0.000152;0.034570;0.001715;100000000.000000;0.100000
318;-0.696776;-0.000152;0.045953;0.010505;100000000.000000;0.100000
319;-0.696776;-0.000152;0.050070;0.001552;100000000.000000;0.100000
320;-0.704897;-0.000152;0.047769;0.005189;100000000.000000;0.100000
321;-0.704051;-0.000152;0.047769;0.005189;100000000.000000;0.100000
322;-0.704897;-0.000152;0.038131;0.001552;100000000.000000;0.100000
323;-0.712569;-0.000152;0.050070;0.006875;100000000.000000;0.100000
324;-0.712569;-0.000152;0.050070;0.011704;100000000.000000;0.100000
325;-0.712569;-0.000152;0.045953;0.005189;100000000.000000;0.100000
326;-0.712569;-0.000152;0.047769;0.006875;100000000.000000;0.100000
327;-0.712569;-0.000152;0.047769;0.010505;100000000.000000;0.100000
328;-0.712569;-0.000152;0.050070;0.007228;100000000.000000;0.100000
329;-0.712569;-0.000152;0.053288;0.010505;100000000.000000;0.100000
330;-0.712569;-0.000152;0.047769;0.011704;100000000.000000;0.100000
331;-0.712569;-0.000152;0.050070;0.011704;100000000.000000;0.100000
332;-0.712569;-0.000152;0.050070;0.004008;100000000.000000;0.100000
333;-0.712569;-0.000152;0.047769;0.011704;100000000.000000;0.100000
334;-0.701200;-0.000152;0.045953;0.011739;100000000.000000;0.100000
335;-0.701200;-0.000152;0.050070;0.010181;100000000.000000;0.100000
336;-0.701200;-0.000152;0.058443;0.004008;100000000.000000;0.100000
337;-0.701200;-0.000152;0.042495;0.004008;100000000.000000;0.100000
338;-0.701200;-0.000152;0.045184;0.004008;100000000.000000;0.100000
339;-0.715301;-0.000152;0.045953;0.010688;100000000.000000;0.100000
340;-0.715301;-0.000152;0.043265;0.013551;100000000.000000;0.100000
341;-0.701200;-0.000152;0.045184;0.004008;100000000.000000;0.100000
342;-0.701200;-0.000152;0.050090;0.004008;100000000.000000;0.100000
343;-0.701200;-0.000152;0.045810;0.011739;100000000.000000;0.100000
344;-0.701200;-0.000152;0.045810;0.006578;100000000.000000;0.100000
345;-0.701200;-0.000152;0.042495;0.011739;100000000.000000;0.100000
346;-0.701200;-0.000152;0.045953;0.004008;100000000.000000;0.100000
347;-0.701200;-0.000152;0.045810;0.011739;100000000.000000;0.100000
348;-0.715017;-0.000152;0.050070;0.011739;100000000.000000;0.100000
349;-0.701200;-0.000152;0.045953;0.011739;100000000.000000;0.100000
350;-0.701200;-0.000152;0.042495;0.006495;100000000.000000;0.100000
351;-0.705486;-0.000152;0.037755;0.006495;100000000.000000;0.100000
352;-0.707256;-0.000152;0.042495;0.013551;100000000.000000;0.100000
353;-0.701200;-0.000152;0.040106;0.011739;100000000.000000;0.100000
354;-0.701200;-0.000152;0.042495;0.006495;100000000.000000;0.100000
355;-0.701200;-0.000152;0.044363;0.006495;100000000.000000;0.100000
356;-0.701200;-0.000152;0.045953;0.008161;100000000.000000;0.100000
357;-0.746325;-0.000095;0.050090;0.013551;100000000.000000;0.100000
358;-0.701200;-0.000095;0.050090;0.013551;100000000.000000;0.100000
359;-0.709877;-0.000095;0.050090;0.013551;100000000.000000;0.100000
360;-0.709877;-0.000095;0.045953;0.013551;100000000.000000;0.100000
361;-0.709877;-0.000095;0.045953;0.013551;100000000.000000;0.100000
362;-0.701200;-0.000095;0.054273;0.013551;100000000.000000;0.100000
363;-0.709877;-0.000095;0.054273;0.013551;100000000.000000;0.100000
364;-0.708963;-0.000095;0.045953;0.013551;100000000.000000;0.100000
365;-0.701200;-0.000095;0.055562;0.013551;100000000.000000;0.100000
366;-0.701200;-0.000095;0.055562;0.013551;100000000.000000;0.100000
367;-0.701200;-0.000095;0.055350;0.015736;100000000.000000;0.100000
368;-0.712608;-0.000095;0.045953;0.013551;100000000.000000;0.100000
369;-0.701200;-0.000095;0.055350;0.013551;100000000.000000;0.100000
370;-0.714446;-0.000095;0.055350;0.013551;100000000.000000;0.100000
371;-0.701200;-0.000095;0.070665;0.013551;100000000.000000;0.100000
372;-0.701200;-0.000095;0.054273;0.023007;100000000.000000;0.100000
373;-0.701200;-0.000095;0.054273;0.023007;100000000.000000;0.100000
374;-0.701200;-0.000095;0.059998;0.013551;100000000.000000;0.100000
375;-0.701200;-0.000095;0.063156;0.013673;100000000.000000;0.100000
376;-0.701200;-0.000095;0.055350;0.020718;100000000.000000;0.100000
377;-0.701200;-0.000095;0.059998;0.017194;100000000.000000;0.100000
378;-0.701200;-0.000095;0.059998;0.024551;100000000.000000;0.100000
379;-0.714467;-0.000095;0.055350;0.013673;100000000.000000;0.100000
380;-0.697516;-0.000095;0.051881;0.013551;100000000.000000;0.100000
381;-0.697516;-0.000095;0.051881;0.024551;100000000.000000;0.100000
382;-0.703770;-0.000095;0.062499;0.013551;100000000.000000;0.100000
383;-0.698677;-0.000095;0.051881;0.018231;100000000.000000;0.100000
384;-0.716278;-0.000095;0.055350;0.013551;100000000.000000;0.100000
385;-0.716278;-0.000095;0.062499;0.018231;100000000.000000;0.100000
386;-0.716278;-0.000095;0.062499;0.013551;100000000.000000;0.100000
387;-0.716278;-0.000095;0.062499;0.013551;100000000.000000;0.100000
388;-0.716278;-0.000095;0.062499;0.013551;100000000.000000;0.100000
389;-0.716278;-0.000095;0.062499;0.013551;100000000.000000;0.100000
390;-0.716278;-0.000095;0.071822;0.013551;100000000.000000;0.100000
391;-0.716278;-0.000095;0.071822;0.013551;100000000.000000;0.100000
392;-0.716278;-0.000095;0.062499;0.018300;100000000.000000;0.100000
393;-0.716278;-0.000095;0.062499;0.013551;100000000.000000;0.100000
394;-0.716278;-0.000095;0.062499;0.018300;100000000.000000;0.100000
395;-0.716278;-0.000095;0.062499;0.018300;100000000.000000;0.100000
396;-0.716278;-0.000095;0.062499;0.018300;100000000.000000;0.100000
397;-0.716278;-0.000095;0.064266;0.013551;100000000.000000;0.100000
398;-0.716278;-0.000095;0.062499;0.018300;100000000.000000;0.100000
399;-0.716278;-0.000095;0.062499;0.014145;100000000.000000;0.100000
400;-0.716278;-0.000095;0.053793;0.018300;100000000.000000;0.100000
401;-0.708241;-0.000095;0.058310;0.018167;100000000.000000;0.100000
402;-0.716278;-0.000095;0.056668;0.020060;100000000.000000;0.100000
403;-0.716278;-0.000095;0.060927;0.013551;100000000.000000;0.100000
404;-0.716278;-0.000095;0.063142;0.018167;100000000.000000;0.100000
405;-0.716278;-0.000095;0.053793;0.025593;100000000.000000;0.100000
406;-0.716278;-0.000095;0.062499;0.013551;100000000.000000;0.100000
407;-0.708241;-0.000095;0.070891;0.013551;100000000.000000;0.100000
408;-0.716278;-0.000095;0.062499;0.012578;100000000.000000;0.100000
409;-0.716278;-0.000095;0.062499;0.025593;100000000.000000;0.100000
410;-0.716278;-0.000095;0.062499;0.025593;100000000.000000;0.100000
411;-0.712655;-0.000095;0.062457;0.013551;100000000.000000;0.100000
412;-0.716278;-0.000095;0.058922;0.025593;100000000.000000;0.100000
413;-0.716278;-0.000095;0.063734;0.013551;100000000.000000;0.100000
414;-0.716278;-0.000095;0.063734;0.013551;100000000.000000;0.100000
415;-0.716278;-0.000095;0.063734;0.012578;100000000.000000;0.100000
416;-0.716278;-0.000095;0.063734;0.019691;100000000.000000;0.100000
417;-0.708241;-0.000095;0.053040;0.020690;100000000.000000;0.100000
418;-0.708241;-0.000095;0.062499;0.020690;100000000.000000;0.100000
419;-0.708241;-0.000095;0.063734;0.019691;100000000.000000;0.100000
420;-0.708241;-0.000095;0.060896;0.013551;100000000.000000;0.100000
421;-0.709382;-0.000095;0.073715;0.020690;100000000.000000;0.100000
422;-0.709382;-0.000095;0.073715;0.013551;100000000.000000;0.100000
423;-0.709382;-0.000095;0.069624;0.013551;100000000.000000;0.100000
424;-0.709382;-0.000095;0.059547;0.018593;100000000.000000;0.100000
425;-0.709382;-0.000095;0.073715;0.018995;100000000.000000;0.100000
426;-0.709382;-0.000095;0.069624;0.013551;100000000.000000;0.100000
427;-0.709382;-0.000095;0.073715;0.019237;100000000.000000;0.100000
428;-0.709382;-0.000095;0.073715;0.019237;100000000.000000;0.100000
429;-0.714679;-0.000095;0.059547;0.013551;100000000.000000;0.100000
430;-0.709382;-0.000095;0.069770;0.022107;100000000.000000;0.100000
431;-0.709382;-0.000095;0.069770;0.019237;100000000.000000;0.100000
432;-0.709382;-0.000095;0.068495;0.019237;100000000.000000;0.100000
433;-0.709382;-0.000095;0.069624;0.019237;100000000.000000;0.100000
434;-0.709382;-0.000095;0.068495;0.022476;100000000.000000;0.100000
435;-0.709382;-0.000095;0.062809;0.019237;100000000.000000;0.100000
436;-0.709382;-0.000095;0.068495;0.022476;100000000.000000;0.100000
437;-0.709382;-0.000095;0.070535;0.017350;100000000.000000;0.100000
438;-0.709382;-0.000095;0.062809;0.025215;100000000.000000;0.100000
439;-0.709382;-0.000095;0.058865;0.019237;100000000.000000;0.100000
440;-0.709382;-0.000095;0.070535;0.025215;100000000.000000;0.100000
441;-0.709382;-0.000095;0.046673;0.022128;100000000.000000;0.100000
442;-0.716250;-0.000095;0.062809;0.007079;100000000.000000;0.100000
443;-0.716250;-0.000095;0.070295;0.013376;100000000.000000;0.100000
444;-0.716250;-0.000095;0.062809;0.015896;100000000.000000;0.100000
445;-0.716250;-0.000095;0.062809;0.010620;100000000.000000;0.100000
446;-0.716250;-0.000095;0.062809;0.013376;100000000.000000;0.100000
447;-0.709382;-0.000095;0.070535;0.015896;100000000.000000;0.100000
448;-0.709382;-0.000095;0.069624;0.020174;100000000.000000;0.100000
449;-0.716250;-0.000095;0.070535;0.013376;100000000.000000;0.100000
450;-0.716250;-0.000095;0.062809;0.015684;100000000.000000;0.100000
451;-0.716250;-0.000095;0.066948;0.015684;100000000.000000;0.100000
452;-0.716250;-0.000095;0.066948;0.015896;100000000.000000;0.100000
453;-0.716250;-0.000095;0.072164;0.012916;100000000.000000;0.100000
454;-0.716250;-0.000095;0.066948;0.015896;100000000.000000;0.100000
455;-0.716250;-0.000095;0.072164;0.015684;100000000.000000;0.100000
456;-0.716250;-0.000095;0.066948;0.015896;100000000.000000;0.100000
457;-0.716250;-0.000095;0.070535;0.012916;100000000.000000;0.100000
458;-0.716250;-0.000095;0.066948;0.013376;100000000.000000;0.100000
459;-0.716250;-0.000095;0.063653;0.012349;100000000.000000;0.100000
460;-0.709382;-0.000095;0.063653;0.016131;100000000.000000;0.100000
461;-0.709382;-0.000095;0.069050;0.013376;100000000.000000;0.100000
462;-0.709382;-0.000095;0.069050;0.013376;100000000.000000;0.100000
463;-0.709382;-0.000095;0.072220;0.013376;100000000.000000;0.100000
464;-0.709382;-0.000095;0.070535;0.012349;100000000.000000;0.100000
465;-0.709382;-0.000095;0.065197;0.011645;100000000.000000;0.100000
466;-0.709382;-0.000095;0.061527;0.012349;100000000.000000;0.100000
467;-0.706898;-0.000095;0.060675;0.012349;100000000.000000;0.100000
468;-0.709382;-0.000095;0.087912;0.012349;100000000.000000;0.100000
469;-0.706898;-0.000095;0.061527;0.011954;100000000.000000;0.100000
470;-0.706898;-0.000095;0.065197;0.012349;100000000.000000;0.100000
471;-0.706898;-0.000095;0.068731;0.012349;100000000.000000;0.100000
472;-0.706898;-0.000095;0.065197;0.012349;100000000.000000;0.100000
473;-0.706898;-0.000095;0.065197;0.012349;100000000.000000;0.100000
474;-0.706898;-0.000095;0.065197;0.012349;100000000.000000;0.100000
475;-0.709382;-0.000095;0.065197;0.012349;100000000.000000;0.100000
476;-0.709382;-0.000095;0.065197;0.012349;100000000.000000;0.100000
477;-0.709382;-0.000095;0.065197;0.012349;100000000.000000;0.100000
478;-0.709382;-0.000095;0.065197;0.012349;100000000.000000;0.100000
479;-0.709382;-0.000095;0.065197;0.012349;100000000.000000;0.100000
480;-0.709382;-0.000095;0.065197;0.013695;100000000.000000;0.100000
481;-0.702815;-0.000095;0.065197;0.012473;100000000.000000;0.100000
482;-0.709382;-0.000095;0.061580;0.005841;100000000.000000;0.100000
483;-0.709382;-0.000095;0.061527;0.011860;100000000.000000;0.100000
484;-0.709382;-0.000095;0.060610;0.012349;100000000.000000;0.100000
485;-0.709382;-0.000095;0.065197;0.010353;100000000.000000;0.100000
486;-0.709382;-0.000095;0.065197;0.005557;100000000.000000;0.100000
487;-0.699999;-0.000095;0.043064;0.011486;100000000.000000;0.100000
488;-0.700648;-0.000095;0.063478;0.012349;100000000.000000;0.100000
489;-0.700648;-0.000095;0.049889;0.009055;100000000.000000;0.100000
490;-0.699520;-0.000095;0.049889;0.012349;100000000.000000;0.100000
491;-0.705570;-0.000095;0.043064;0.015714;100000000.000000;0.100000
492;-0.705570;-0.000095;0.070836;0.012349;100000000.000000;0.100000
493;-0.705570;-0.000095;0.070836;-0.000434;100000000.000000;0.100000
494;-0.705570;-0.000095;0.049889;0.009055;100000000.000000;0.100000
495;-0.705570;-0.000095;0.041476;-0.000434;100000000.000000;0.100000
496;-0.705570;-0.000095;0.041476;0.010353;100000000.000000;0.100000
497;-0.705570;-0.000095;0.065197;0.010353;100000000.000000;0.100000
498;-0.705570;-0.000095;0.065197;0.010353;100000000.000000;0.100000
499;-0.714282;-0.000095;0.070836;0.010353;100000000.000000;0.100000
500;-0.714282;-0.000095;0.067444;0.009055;100000000.000000;0.100000
501;-0.714282;-0.000095;0.033279;0.009055;100000000.000000;0.100000
502;-0.714282;-0.000095;0.065197;0.010353;100000000.000000;0.100000
503;-0.705570;-0.000095;0.065197;0.007269;100000000.000000;0.100000
504;-0.705570;-0.000095;0.070921;0.012900;100000000.000000;0.100000
505;-0.705570;-0.000095;0.065197;0.012900;100000000.000000;0.100000
506;-0.705570;-0.000095;0.070921;0.010353;100000000.000000;0.100000
507;-0.705570;-0.000095;0.067444;0.015153;100000000.000000;0.100000
508;-0.705570;-0.000095;0.067444;0.015153;100000000.000000;0.100000
509;-0.705570;-0.000095;0.070921;0.012900;100000000.000000;0.100000
510;-0.705570;-0.000095;0.065197;0.010353;100000000.000000;0.100000
511;-0.705570;-0.000095;0.049889;0.015361;100000000.000000;0.100000
512;-0.700897;-0.000095;0.049889;0.015361;100000000.000000;0.100000
513;-0.705570;-0.000095;0.078219;0.019366;100000000.000000;0.100000
514;-0.705570;-0.000095;0.065197;0.012900;100000000.000000;0.100000
515;-0.705570;-0.000095;0.065197;0.012900;100000000.000000;0.100000
516;-0.716440;-0.000095;0.049889;0.015361;100000000.000000;0.100000
517;-0.716440;-0.000095;0.044586;0.009055;100000000.000000;0.100000
518;-0.714998;-0.000095;0.065197;0.012900;100000000.000000;0.100000
519;-0.714998;-0.000095;0.044817;0.009055;100000000.000000;0.100000
520;-0.705570;-0.000095;0.049889;0.012900;100000000.000000;0.100000
521;-0.705570;-0.000095;0.059576;0.012900;100000000.000000;0.100000
522;-0.705570;-0.000095;0.049889;0.012900;100000000.000000;0.100000
523;-0.705570;-0.000095;0.044586;0.012900;100000000.000000;0.100000
524;-0.705570;-0.000095;0.049889;0.012900;100000000.000000;0.100000
525;-0.705570;-0.000095;0.055195;0.012900;100000000.000000;0.100000
526;-0.705570;-0.000095;0.055195;0.014805;100000000.000000;0.100000
527;-0.716323;-0.000095;0.040575;0.009055;100000000.000000;0.100000
528;-0.705570;-0.000095;0.055195;0.015091;100000000.000000;0.100000
529;-0.705570;-0.000095;0.049889;0.010934;100000000.000000;0.100000
530;-0.705570;-0.000095;0.049889;0.013862;100000000.000000;0.100000
531;-0.705570;-0.000095;0.049889;0.015067;100000000.000000;0.100000
532;-0.705570;-0.000095;0.047672;0.019425;100000000.000000;0.100000
533;-0.714389;-0.000095;0.044817;0.009055;100000000.000000;0.100000
534;-0.714389;-0.000095;0.044817;0.009055;100000000.000000;0.100000
535;-0.714389;-0.000095;0.044817;0.009055;100000000.000000;0.100000
536;-0.714389;-0.000095;0.044817;0.011230;100000000.000000;0.100000
537;-0.705570;-0.000095;0.044817;0.015067;100000000.000000;0.100000
538;-0.705570;-0.000095;0.049889;0.009055;100000000.000000;0.100000
539;-0.714389;-0.000095;0.044817;0.013832;100000000.000000;0.100000
540;-0.714389;-0.000095;0.049889;0.009055;100000000.000000;0.100000
541;-0.714389;-0.000095;0.039479;0.011230;100000000.000000;0.100000
542;-0.714389;-0.000095;0.044817;0.006105;100000000.000000;0.100000
543;-0.714389;-0.000095;0.044817;0.011230;100000000.000000;0.100000
544;-0.714389;-0.000095;0.036670;0.011230;100000000.000000;0.100000
545;-0.714389;-0.000095;0.039479;0.009055;100000000.000000;0.100000
546;-0.712344;-0.000095;0.048772;0.008083;100000000.000000;0.100000
547;-0.714058;-0.000095;0.036670;0.008083;100000000.000000;0.100000
548;-0.714058;-0.000095;0.033044;0.014413;100000000.000000;0.100000
549;-0.714058;-0.000095;0.036670;0.008083;100000000.000000;0.100000
550;-0.714058;-0.000095;0.046926;0.008083;100000000.000000;0.100000
551;-0.714466;-0.000095;0.036670;0.016760;100000000.000000;0.100000
552;-0.714466;-0.000095;0.048772;0.008930;100000000.000000;0.100000
553;-0.714466;-0.000095;0.048772;0.009968;100000000.000000;0.100000
554;-0.714466;-0.000095;0.036670;0.009278;100000000.000000;0.100000
555;-0.714466;-0.000095;0.054764;0.006218;100000000.000000;0.100000
556;-0.714466;-0.000095;0.036670;0.009968;100000000.000000;0.100000
557;-0.714466;-0.000095;0.036670;0.008083;100000000.000000;0.100000
558;-0.705570;-0.000095;0.048772;0.008083;100000000.000000;0.100000
559;-0.705570;-0.000095;0.036670;0.012249;100000000.000000;0.100000
560;-0.705455;-0.000095;0.048772;0.006218;100000000.000000;0.100000
561;-0.705455;-0.000095;0.048772;0.006218;100000000.000000;0.100000
562;-0.704356;-0.000095;0.036670;0.004619;100000000.000000;0.100000
563;-0.704356;-0.000095;0.036670;-0.000712;100000000.000000;0.100000
564;-0.716135;-0.000095;0.036670;0.011433;100000000.000000;0.100000
565;-0.716135;-0.000095;0.036670;0.006218;100000000.000000;0.100000
566;-0.716135;-0.000095;0.036670;0.005622;100000000.000000;0.100000
567;-0.716135;-0.000095;0.035367;0.014894;100000000.000000;0.100000
568;-0.716135;-0.000095;0.036670;0.004619;100000000.000000;0.100000
569;-0.716135;-0.000095;0.036670;0.017589;100000000.000000;0.100000
570;-0.716135;-0.000095;0.046424;0.000845;100000000.000000;0.100000
571;-0.705570;-0.000095;0.036880;0.004619;100000000.000000;0.100000
572;-0.705570;-0.000095;0.036670;0.004619;100000000.000000;0.100000
573;-0.705570;-0.000095;0.036659;0.017589;100000000.000000;0.100000
574;-0.705570;-0.000095;0.036670;0.017589;100000000.000000;0.100000
575;-0.705570;-0.000095;0.036659;0.017589;100000000.000000;0.100000
576;-0.705570;-0.000095;0.036670;0.014537;100000000.000000;0.100000
577;-0.705570;-0.000095;0.039581;0.004619;100000000.000000;0.100000
578;-0.705570;-0.000095;0.039581;0.004619;100000000.000000;0.100000
579;-0.705570;-0.000095;0.044019;0.000537;100000000.000000;0.100000
580;-0.705570;-0.000095;0.040573;0.017589;100000000.000000;0.100000
581;-0.705570;-0.000095;0.036670;0.020765;100000000.000000;0.100000
582;-0.705570;-0.000095;0.045773;0.017589;100000000.000000;0.100000
583;-0.705570;-0.000095;0.045773;0.017589;100000000.000000;0.100000
584;-0.705570;-0.000095;0.036659;0.017589;100000000.000000;0.100000
585;-0.680246;-0.000095;0.040573;0.017589;100000000.000000;0.100000
586;-0.693687;-0.000095;0.040573;0.021195;100000000.000000;0.100000
587;-0.693687;-0.000095;0.040105;0.017589;100000000.000000;0.100000
588;-0.707697;-0.000095;0.040573;0.021195;100000000.000000;0.100000
589;-0.693687;-0.000095;0.040573;0.017589;100000000.000000;0.100000
590;-0.693687;-0.000095;0.040573;0.021195;100000000.000000;0.100000
591;-0.693687;-0.000095;0.040573;0.021195;100000000.000000;0.100000
592;-0.690862;-0.000095;0.036659;0.017589;100000000.000000;0.100000
593;-0.714464;-0.000095;0.040573;0.017589;100000000.000000;0.100000
594;-0.714464;-0.000095;0.040573;0.004619;100000000.000000;0.100000
595;-0.714464;-0.000095;0.036659;0.002140;100000000.000000;0.100000
596;-0.693687;-0.000095;0.040573;0.004619;100000000.000000;0.100000
597;-0.707062;-0.000095;0.036659;0.017589;100000000.000000;0.100000
598;-0.707062;-0.000095;0.031363;0.004619;100000000.000000;0.100000
599;-0.707062;-0.000095;0.036659;0.017589;100000000.000000;0.100000
600;-0.707062;-0.000095;0.030310;0.017589;100000000.000000;0.100000
601;-0.707062;-0.000095;0.040573;0.017589;100000000.000000;0.100000
602;-0.707062;-0.000095;0.040573;0.024508;100000000.000000;0.100000
603;-0.705793;-0.000095;0.043349;0.024508;100000000.000000;0.100000
604;-0.705793;-0.000095;0.043349;0.004619;100000000.000000;0.100000
605;-0.705793;-0.000095;0.032474;-0.000159;100000000.000000;0.100000
606;-0.705793;-0.000095;0.032474;0.003682;100000000.000000;0.100000
607;-0.705674;-0.000095;0.036659;0.017589;100000000.000000;0.100000
608;-0.705793;-0.000095;0.030310;0.002140;100000000.000000;0.100000
609;-0.707062;-0.000095;0.036659;0.024508;100000000.000000;0.100000
610;-0.707062;-0.000095;0.040573;0.017589;100000000.000000;0.100000
611;-0.707062;-0.000095;0.036659;0.017589;100000000.000000;0.100000
612;-0.707062;-0.000095;0.036659;0.004619;100000000.000000;0.100000
613;-0.705728;-0.000095;0.040573;0.004619;100000000.000000;0.100000
614;-0.707062;-0.000095;0.030398;0.004619;100000000.000000;0.100000
615;-0.707062;-0.000095;0.036659;0.027092;100000000.000000;0.100000
616;-0.707062;-0.000095;0.035449;0.027092;100000000.000000;0.100000
617;-0.707062;-0.000095;0.040573;0.022722;100000000.000000;0.100000
618;-0.707062;-0.000095;0.036659;0.002608;100000000.000000;0.100000
619;-0.711728;-0.000095;0.036659;0.005925;100000000.000000;0.100000
620;-0.696882;-0.000095;0.036659;0.006069;100000000.000000;0.100000
621;-0.687983;-0.000095;0.035449;0.011679;100000000.000000;0.100000
622;-0.681797;-0.000095;0.036659;-0.000783;100000000.000000;0.100000
623;-0.708339;-0.000095;0.039650;0.017589;100000000.000000;0.100000
624;-0.706488;-0.000095;0.026325;0.005474;100000000.000000;0.100000
625;-0.706488;-0.000095;0.026325;0.005925;100000000.000000;0.100000
626;-0.706488;-0.000095;0.026325;0.005474;100000000.000000;0.100000
627;-0.688490;-0.000095;0.036659;0.005925;100000000.000000;0.100000
628;-0.697010;-0.000095;0.026325;0.017400;100000000.000000;0.100000
629;-0.688490;-0.000095;0.036659;0.005474;100000000.000000;0.100000
630;-0.695179;-0.000095;0.036659;0.002016;100000000.000000;0.100000
631;-0.699115;-0.000095;0.043289;0.017400;100000000.000000;0.100000
632;-0.699115;-0.000095;0.043289;0.005925;100000000.000000;0.100000
633;-0.715193;-0.000095;0.043289;0.013761;100000000.000000;0.100000
634;-0.715193;-0.000095;0.043289;0.010363;100000000.000000;0.100000
635;-0.715193;-0.000095;0.043289;0.013761;100000000.000000;0.100000
636;-0.715193;-0.000095;0.043289;0.013761;100000000.000000;0.100000
637;-0.715193;-0.000095;0.043289;0.010363;100000000.000000;0.100000
638;-0.715193;-0.000095;0.026325;0.011373;100000000.000000;0.100000
639;-0.715193;-0.000095;0.036659;0.008877;100000000.000000;0.100000
640;-0.699115;-0.000095;0.036659;0.008877;100000000.000000;0.100000
641;-0.699115;-0.000095;0.036659;0.013761;100000000.000000;0.100000
642;-0.691111;-0.000095;0.036659;0.022411;100000000.000000;0.100000
643;-0.705005;-0.000095;0.036659;0.012994;100000000.000000;0.100000
644;-0.705005;-0.000095;0.036032;0.013761;100000000.000000;0.100000
645;-0.705005;-0.000095;0.016831;0.013761;100000000.000000;0.100000
646;-0.705005;-0.000095;0.016831;0.008877;100000000.000000;0.100000
647;-0.699222;-0.000095;0.043289;0.013761;100000000.000000;0.100000
648;-0.699222;-0.000095;0.043289;0.013761;100000000.000000;0.100000
649;-0.716658;-0.000095;0.043289;0.008877;100000000.000000;0.100000
650;-0.716658;-0.000095;0.043289;0.013761;100000000.000000;0.100000
651;-0.712887;-0.000095;0.036659;0.008951;100000000.000000;0.100000
652;-0.712887;-0.000095;0.043163;0.008877;100000000.000000;0.100000
653;-0.716658;-0.000095;0.035992;0.022411;100000000.000000;0.100000
654;-0.716658;-0.000095;0.045575;0.008877;100000000.000000;0.100000
655;-0.712920;-0.000095;0.040493;0.014286;100000000.000000;0.100000
656;-0.717097;-0.000095;0.045575;0.022411;100000000.000000;0.100000
657;-0.712920;-0.000095;0.032316;0.008877;100000000.000000;0.100000
658;-0.712920;-0.000095;0.035992;0.019241;100000000.000000;0.100000
659;-0.715762;-0.000095;0.035992;0.019241;100000000.000000;0.100000
660;-0.697297;-0.000095;0.035992;0.008877;100000000.000000;0.100000
661;-0.712568;-0.000095;0.038155;0.010705;100000000.000000;0.100000
662;-0.712920;-0.000095;0.038155;0.028786;100000000.000000;0.100000
663;-0.712920;-0.000095;0.040877;0.033753;100000000.000000;0.100000
664;-0.712568;-0.000095;0.031919;0.019241;100000000.000000;0.100000
665;-0.712568;-0.000095;0.040877;0.033753;100000000.000000;0.100000
666;-0.712920;-0.000095;0.040493;0.019241;100000000.000000;0.100000
667;-0.715117;-0.000095;0.040877;0.028786;100000000.000000;0.100000
668;-0.712568;-0.000095;0.034674;0.008877;100000000.000000;0.100000
669;-0.715117;-0.000095;0.039454;0.008877;100000000.000000;0.100000
670;-0.715117;-0.000095;0.038155;0.008877;100000000.000000;0.100000
671;-0.715117;-0.000095;0.040877;0.008877;100000000.000000;0.100000
672;-0.715117;-0.000095;0.038155;0.008877;100000000.000000;0.100000
673;-0.715117;-0.000095;0.039454;0.008877;100000000.000000;0.100000
674;-0.712920;-0.000095;0.045403;0.008877;100000000.000000;0.100000
675;-0.696499;-0.000095;0.038155;0.008877;100000000.000000;0.100000
676;-0.696499;-0.000095;0.036572;0.035246;100000000.000000;0.100000
677;-0.712568;-0.000095;0.038190;0.012524;100000000.000000;0.100000
678;-0.696499;-0.000095;0.042206;0.008877;100000000.000000;0.100000
679;-0.696499;-0.000095;0.036572;0.035246;100000000.000000;0.100000
680;-0.717582;-0.000095;0.038155;0.035246;100000000.000000;0.100000
681;-0.710182;-0.000095;0.038190;0.012524;100000000.000000;0.100000
682;-0.705972;-0.000095;0.037837;0.017107;100000000.000000;0.100000
683;-0.712568;-0.000095;0.037837;0.012524;100000000.000000;0.100000
684;-0.712568;-0.000095;0.037837;0.012524;100000000.000000;0.100000
685;-0.708049;-0.000095;0.037837;0.017107;100000000.000000;0.100000
686;-0.696499;-0.000095;0.038155;0.012524;100000000.000000;0.100000
687;-0.696499;-0.000095;0.050427;0.008877;100000000.000000;0.100000
688;-0.696499;-0.000095;0.050427;0.008877;100000000.000000;0.100000
689;-0.696499;-0.000095;0.046809;0.012524;100000000.000000;0.100000
690;-0.696499;-0.000095;0.048254;0.008877;100000000.000000;0.100000
691;-0.696499;-0.000095;0.049893;0.008877;100000000.000000;0.100000
692;-0.712568;-0.000095;0.049893;0.008877;100000000.000000;0.100000
693;-0.712568;-0.000095;0.048254;0.012067;100000000.000000;0.100000
694;-0.712568;-0.000095;0.049124;0.007097;100000000.000000;0.100000
695;-0.710182;-0.000095;0.048254;0.017608;100000000.000000;0.100000
696;-0.710182;-0.000095;0.048254;0.006460;100000000.000000;0.100000
697;-0.712568;-0.000095;0.048254;0.020778;100000000.000000;0.100000
698;-0.710182;-0.000095;0.049893;0.020778;100000000.000000;0.100000
699;-0.712568;-0.000095;0.049893;0.020778;100000000.000000;0.100000
700;-0.712568;-0.000095;0.054167;0.020778;100000000.000000;0.100000
701;-0.698309;-0.000095;0.049893;0.020778;100000000.000000;0.100000
702;-0.712568;-0.000095;0.054167;0.020778;100000000.000000;0.100000
703;-0.698076;-0.000095;0.054167;0.020778;100000000.000000;0.100000
704;-0.698076;-0.000095;0.049893;0.008877;100000000.000000;0.100000
705;-0.712568;-0.000095;0.048735;0.004424;100000000.000000;0.100000
706;-0.712568;-0.000095;0.054167;0.020778;100000000.000000;0.100000
707;-0.708024;-0.000095;0.036086;0.015344;100000000.000000;0.100000
708;-0.713647;-0.000095;0.049893;0.015344;100000000.000000;0.100000
709;-0.713647;-0.000095;0.046229;0.015826;100000000.000000;0.100000
710;-0.712568;-0.000095;0.036086;0.015344;100000000.000000;0.100000
711;-0.707436;-0.000095;0.048254;0.015395;100000000.000000;0.100000
712;-0.707436;-0.000095;0.048254;0.004424;100000000.000000;0.100000
713;-0.712568;-0.000095;0.054167;0.015395;100000000.000000;0.100000
714;-0.705744;-0.000095;0.054167;0.011221;100000000.000000;0.100000
715;-0.705744;-0.000095;0.047496;0.011221;100000000.000000;0.100000
716;-0.705087;-0.000095;0.048254;0.020778;100000000.000000;0.100000
717;-0.706435;-0.000095;0.036086;0.014279;100000000.000000;0.100000
718;-0.706435;-0.000095;0.036086;0.015020;100000000.000000;0.100000
719;-0.713990;-0.000095;0.050708;0.012390;100000000.000000;0.100000
720;-0.706435;-0.000095;0.047496;0.012390;100000000.000000;0.100000
721;-0.713990;-0.000095;0.050708;0.015395;100000000.000000;0.100000
722;-0.706435;-0.000095;0.054167;0.015395;100000000.000000;0.100000
723;-0.707436;-0.000095;0.047496;0.012390;100000000.000000;0.100000
724;-0.713990;-0.000095;0.047496;0.011221;100000000.000000;0.100000
725;-0.715238;-0.000095;0.050708;0.012390;100000000.000000;0.100000
726;-0.713990;-0.000095;0.047496;0.015716;100000000.000000;0.100000
727;-0.713990;-0.000095;0.047496;0.015020;100000000.000000;0.100000
728;-0.715238;-0.000095;0.047496;0.015020;100000000.000000;0.100000
729;-0.713990;-0.000095;0.047496;0.012390;100000000.000000;0.100000
730;-0.707436;-0.000095;0.041181;0.015020;100000000.000000;0.100000
731;-0.715238;-0.000095;0.047496;0.015020;100000000.000000;0.100000
732;-0.715238;-0.000095;0.047496;0.015020;100000000.000000;0.100000
733;-0.715238;-0.000095;0.050917;0.014776;100000000.000000;0.100000
734;-0.715238;-0.000095;0.042528;0.015020;100000000.000000;0.100000
735;-0.715238;-0.000095;0.047496;0.015020;100000000.000000;0.100000
736;-0.715238;-0.000095;0.044971;0.015020;100000000.000000;0.100000
737;-0.715238;-0.000095;0.054033;0.011221;100000000.000000;0.100000
738;-0.715238;-0.000095;0.042528;0.015505;100000000.000000;0.100000
739;-0.707436;-0.000095;0.058908;0.012390;100000000.000000;0.100000
740;-0.700171;-0.000104;0.058908;0.009678;100000000.000000;0.100000
741;-0.700171;-0.000104;0.058908;0.013684;100000000.000000;0.100000
742;-0.707436;-0.000095;0.062220;0.011975;100000000.000000;0.100000
743;-0.707436;-0.000095;0.047496;0.015020;100000000.000000;0.100000
744;-0.707436;-0.000095;0.047496;0.016387;100000000.000000;0.100000
745;-0.707436;-0.000095;0.047887;0.015505;100000000.000000;0.100000
746;-0.713447;-0.000095;0.047221;0.015020;100000000.000000;0.100000
747;-0.715053;-0.000095;0.047110;0.012390;100000000.000000;0.100000
748;-0.715053;-0.000095;0.047221;0.011451;100000000.000000;0.100000
749;-0.703920;-0.000095;0.047496;0.012892;100000000.000000;0.100000
750;-0.707436;-0.000095;0.049686;0.015020;100000000.000000;0.100000
751;-0.707436;-0.000095;0.051454;0.015020;100000000.000000;0.100000
752;-0.707436;-0.000095;0.047496;0.016143;100000000.000000;0.100000
753;-0.707436;-0.000095;0.053039;0.015020;100000000.000000;0.100000
754;-0.707436;-0.000095;0.047496;0.016143;100000000.000000;0.100000
755;-0.707436;-0.000095;0.054877;0.015020;100000000.000000;0.100000
756;-0.707436;-0.000095;0.051454;0.016143;100000000.000000;0.100000
757;-0.715736;-0.000095;0.051454;0.013717;100000000.000000;0.100000
758;-0.717005;-0.000095;0.054110;0.015020;100000000.000000;0.100000
759;-0.717005;-0.000095;0.051454;0.016143;100000000.000000;0.100000
760;-0.717005;-0.000095;0.054110;0.016143;100000000.000000;0.100000
761;-0.717005;-0.000095;0.054110;0.016143;100000000.000000;0.100000
762;-0.717005;-0.000095;0.055671;0.015020;100000000.000000;0.100000
763;-0.717005;-0.000095;0.061737;0.016143;100000000.000000;0.100000
764;-0.717005;-0.000095;0.047496;0.016265;100000000.000000;0.100000
765;-0.717005;-0.000095;0.061737;0.016143;100000000.000000;0.100000
766;-0.717005;-0.000095;0.050139;0.021138;100000000.000000;0.100000
767;-0.717005;-0.000095;0.055671;0.018462;100000000.000000;0.100000
768;-0.717005;-0.000095;0.053669;0.021138;100000000.000000;0.100000
769;-0.717005;-0.000095;0.047221;0.017677;100000000.000000;0.100000
770;-0.717005;-0.000095;0.050908;0.015020;100000000.000000;0.100000
771;-0.717005;-0.000095;0.050908;0.015020;100000000.000000;0.100000
772;-0.717005;-0.000095;0.047221;0.015020;100000000.000000;0.100000
773;-0.707436;-0.000095;0.047221;0.019855;100000000.000000;0.100000
774;-0.707436;-0.000095;0.052385;0.013907;100000000.000000;0.100000
775;-0.707436;-0.000095;0.052385;0.019855;100000000.000000;0.100000
776;-0.707436;-0.000095;0.047221;0.013907;100000000.000000;0.100000
777;-0.712960;-0.000095;0.047221;0.015020;100000000.000000;0.100000
778;-0.708725;-0.000095;0.046348;0.015020;100000000.000000;0.100000
779;-0.708725;-0.000095;0.047221;0.015020;100000000.000000;0.100000
780;-0.708725;-0.000095;0.055760;0.013907;100000000.000000;0.100000
781;-0.704761;-0.000095;0.046348;0.015020;100000000.000000;0.100000
782;-0.708725;-0.000095;0.050542;0.015020;100000000.000000;0.100000
783;-0.708725;-0.000095;0.047221;0.015020;100000000.000000;0.100000
784;-0.708725;-0.000095;0.056808;0.014536;100000000.000000;0.100000
785;-0.708324;-0.000095;0.047221;0.013907;100000000.000000;0.100000
786;-0.708324;-0.000095;0.044866;0.014862;100000000.000000;0.100000
787;-0.708324;-0.000095;0.047096;0.015020;100000000.000000;0.100000
788;-0.708324;-0.000095;0.053953;0.014536;100000000.000000;0.100000
789;-0.716543;-0.000095;0.047221;0.009753;100000000.000000;0.100000
790;-0.716543;-0.000095;0.047221;0.014536;100000000.000000;0.100000
791;-0.716543;-0.000095;0.047221;0.013907;100000000.000000;0.100000
792;-0.708324;-0.000095;0.047096;0.009753;100000000.000000;0.100000
793;-0.714482;-0.000095;0.045221;0.013907;100000000.000000;0.100000
794;-0.714482;-0.000095;0.047096;0.009158;100000000.000000;0.100000
795;-0.708324;-0.000095;0.044925;0.014536;100000000.000000;0.100000
796;-0.705117;-0.000095;0.047096;0.014536;100000000.000000;0.100000
797;-0.705117;-0.000095;0.047096;0.014536;100000000.000000;0.100000
798;-0.708725;-0.000095;0.047096;0.015020;100000000.000000;0.100000
799;-0.705117;-0.000095;0.047096;0.015020;100000000.000000;0.100000
800;-0.705117;-0.000095;0.060860;0.015020;100000000.000000;0.100000
801;-0.702663;-0.000095;0.047096;0.014536;100000000.000000;0.100000
802;-0.705117;-0.000095;0.045221;0.013907;100000000.000000;0.100000
803;-0.708725;-0.000095;0.060860;0.013907;100000000.000000;0.100000
804;-0.705117;-0.000095;0.047096;0.013907;100000000.000000;0.100000
805;-0.708271;-0.000095;0.040690;0.014536;100000000.000000;0.100000
806;-0.705117;-0.000095;0.047096;0.013907;100000000.000000;0.100000
807;-0.705117;-0.000095;0.045877;0.013907;100000000.000000;0.100000
808;-0.715996;-0.000095;0.040690;0.014536;100000000.000000;0.100000
809;-0.707501;-0.000095;0.040690;0.013907;100000000.000000;0.100000
810;-0.707501;-0.000095;0.040690;0.013907;100000000.000000;0.100000
811;-0.707501;-0.000095;0.040690;0.016130;100000000.000000;0.100000
812;-0.707501;-0.000095;0.045221;0.014536;100000000.000000;0.100000
813;-0.712120;-0.000095;0.041157;0.009233;100000000.000000;0.100000
814;-0.708271;-0.000095;0.044181;0.016130;100000000.000000;0.100000
815;-0.704773;-0.000095;0.040690;0.016130;100000000.000000;0.100000
816;-0.708271;-0.000095;0.041157;0.015611;100000000.000000;0.100000
817;-0.708271;-0.000095;0.044181;0.016130;100000000.000000;0.100000
818;-0.708271;-0.000095;0.046597;0.013538;100000000.000000;0.100000
819;-0.708271;-0.000095;0.040690;0.016130;100000000.000000;0.100000
820;-0.708271;-0.000095;0.040690;0.015611;100000000.000000;0.100000
821;-0.708271;-0.000095;0.040690;0.015272;100000000.000000;0.100000
822;-0.706135;-0.000095;0.040690;0.013907;100000000.000000;0.100000
823;-0.708271;-0.000095;0.040690;0.015611;100000000.000000;0.100000
824;-0.708271;-0.000095;0.040690;0.015272;100000000.000000;0.100000
825;-0.708271;-0.000095;0.040690;0.013080;100000000.000000;0.100000
826;-0.708271;-0.000095;0.040690;0.015611;100000000.000000;0.100000
827;-0.706179;-0.000095;0.040690;0.015611;100000000.000000;0.100000
828;-0.712868;-0.000095;0.025811;0.010090;100000000.000000;0.100000
829;-0.706179;-0.000095;0.033035;0.010090;100000000.000000;0.100000
830;-0.706179;-0.000095;0.038328;0.013907;100000000.000000;0.100000
831;-0.706179;-0.000095;0.033035;0.010090;100000000.000000;0.100000
832;-0.706179;-0.000095;0.040690;0.010090;100000000.000000;0.100000
833;-0.706179;-0.000095;0.039180;0.010090;100000000.000000;0.100000
834;-0.706179;-0.000095;0.039180;0.010090;100000000.000000;0.100000
835;-0.706179;-0.000095;0.028700;0.010090;100000000.000000;0.100000
836;-0.706179;-0.000095;0.028700;0.006125;100000000.000000;0.100000
837;-0.704628;-0.000095;0.028700;0.015272;100000000.000000;0.100000
838;-0.704628;-0.000095;0.033035;0.013907;100000000.000000;0.100000
839;-0.712769;-0.000095;0.033035;0.010090;100000000.000000;0.100000
840;-0.704628;-0.000095;0.036794;0.010090;100000000.000000;0.100000
841;-0.715236;-0.000095;0.026043;0.015272;100000000.000000;0.100000
842;-0.715236;-0.000095;0.040690;0.013907;100000000.000000;0.100000
843;-0.715236;-0.000095;0.040690;0.010090;100000000.000000;0.100000
844;-0.715236;-0.000095;0.033035;0.016961;100000000.000000;0.100000
845;-0.715236;-0.000095;0.028700;0.013907;100000000.000000;0.100000
846;-0.715236;-0.000095;0.028700;0.017764;100000000.000000;0.100000
847;-0.715236;-0.000095;0.036794;0.016961;100000000.000000;0.100000
848;-0.715236;-0.000095;0.028700;0.017764;100000000.000000;0.100000
849;-0.715236;-0.000095;0.036888;0.016961;100000000.000000;0.100000
850;-0.715236;-0.000095;0.036794;0.016961;100000000.000000;0.100000
851;-0.714419;-0.000095;0.033078;0.013907;100000000.000000;0.100000
852;-0.714419;-0.000095;0.033035;0.018036;100000000.000000;0.100000
853;-0.714419;-0.000095;0.032967;0.012084;100000000.000000;0.100000
854;-0.715236;-0.000095;0.036794;0.016961;100000000.000000;0.100000
855;-0.715236;-0.000095;0.036794;0.012795;100000000.000000;0.100000
856;-0.715236;-0.000095;0.036794;0.012252;100000000.000000;0.100000
857;-0.715236;-0.000095;0.033035;0.018036;100000000.000000;0.100000
858;-0.715236;-0.000095;0.036788;0.014747;100000000.000000;0.100000
859;-0.715236;-0.000095;0.033078;0.013698;100000000.000000;0.100000
860;-0.715236;-0.000095;0.033035;0.013698;100000000.000000;0.100000
861;-0.715236;-0.000095;0.033035;0.016121;100000000.000000;0.100000
862;-0.715236;-0.000095;0.033035;0.013338;100000000.000000;0.100000
863;-0.715236;-0.000095;0.033078;0.018036;100000000.000000;0.100000
864;-0.715236;-0.000095;0.038239;0.006750;100000000.000000;0.100000
865;-0.715236;-0.000095;0.031232;0.006750;100000000.000000;0.100000
866;-0.705538;-0.000095;0.033035;0.010090;100000000.000000;0.100000
867;-0.705538;-0.000095;0.029769;0.013698;100000000.000000;0.100000
868;-0.698303;-0.000095;0.037721;0.017836;100000000.000000;0.100000
869;-0.715236;-0.000095;0.029769;0.013698;100000000.000000;0.100000
870;-0.715236;-0.000095;0.033715;0.010090;100000000.000000;0.100000
871;-0.706935;-0.000095;0.033035;0.008334;100000000.000000;0.100000
872;-0.697173;-0.000095;0.035644;0.009887;100000000.000000;0.100000
873;-0.697173;-0.000095;0.035644;0.017268;100000000.000000;0.100000
874;-0.697173;-0.000095;0.033035;0.018036;100000000.000000;0.100000
875;-0.697173;-0.000095;0.033035;0.016001;100000000.000000;0.100000
876;-0.703488;-0.000095;0.031509;0.018134;100000000.000000;0.100000
877;-0.707707;-0.000095;0.033035;0.016001;100000000.000000;0.100000
878;-0.707707;-0.000095;0.031338;0.009887;100000000.000000;0.100000
879;-0.713083;-0.000095;0.035644;0.016001;100000000.000000;0.100000
880;-0.696012;-0.000095;0.033452;0.018036;100000000.000000;0.100000
881;-0.697173;-0.000095;0.031338;0.016001;100000000.000000;0.100000
882;-0.703488;-0.000095;0.031338;0.013484;100000000.000000;0.100000
883;-0.703488;-0.000095;0.031338;0.019430;100000000.000000;0.100000
884;-0.716125;-0.000095;0.035644;0.016721;100000000.000000;0.100000
885;-0.716125;-0.000095;0.029829;0.019430;100000000.000000;0.100000
886;-0.716125;-0.000095;0.041253;0.018972;100000000.000000;0.100000
887;-0.696012;-0.000095;0.033452;0.019430;100000000.000000;0.100000
888;-0.696012;-0.000095;0.033452;0.021218;100000000.000000;0.100000
889;-0.709844;-0.000095;0.035644;0.016721;100000000.000000;0.100000
890;-0.696012;-0.000095;0.033452;0.019430;100000000.000000;0.100000
891;-0.708658;-0.000095;0.031338;0.021218;100000000.000000;0.100000
892;-0.707995;-0.000095;0.027522;0.018036;100000000.000000;0.100000
893;-0.707995;-0.000095;0.033452;0.019653;100000000.000000;0.100000
894;-0.708244;-0.000095;0.031338;0.021218;100000000.000000;0.100000
895;-0.708244;-0.000095;0.033452;0.019430;100000000.000000;0.100000
896;-0.708244;-0.000095;0.033452;0.021218;100000000.000000;0.100000
897;-0.708244;-0.000095;0.031338;0.021218;100000000.000000;0.100000
898;-0.716321;-0.000095;0.034511;0.016345;100000000.000000;0.100000
899;-0.716321;-0.000095;0.030753;0.018955;100000000.000000;0.100000
900;-0.708244;-0.000095;0.031338;0.021506;100000000.000000;0.100000
901;-0.708244;-0.000095;0.034747;0.023147;100000000.000000;0.100000
902;-0.708244;-0.000095;0.030720;0.023147;100000000.000000;0.100000
903;-0.696012;-0.000095;0.039098;0.021506;100000000.000000;0.100000
904;-0.708244;-0.000095;0.035693;0.018036;100000000.000000;0.100000
905;-0.708244;-0.000095;0.039282;0.025895;100000000.000000;0.100000
906;-0.708244;-0.000095;0.035693;0.015788;100000000.000000;0.100000
907;-0.708244;-0.000095;0.039282;0.015788;100000000.000000;0.100000
908;-0.708244;-0.000095;0.039282;0.015788;100000000.000000;0.100000
909;-0.708244;-0.000095;0.039282;0.013176;100000000.000000;0.100000
910;-0.708244;-0.000095;0.034747;0.016129;100000000.000000;0.100000
911;-0.708244;-0.000095;0.030720;0.023147;100000000.000000;0.100000
912;-0.703331;-0.000095;0.034511;0.023147;100000000.000000;0.100000
913;-0.708244;-0.000095;0.030720;0.013176;100000000.000000;0.100000
914;-0.703331;-0.000095;0.031005;0.023147;100000000.000000;0.100000
915;-0.696012;-0.000095;0.035117;0.013176;100000000.000000;0.100000
916;-0.712322;-0.000095;0.033198;0.024260;100000000.000000;0.100000
917;-0.713234;-0.000095;0.030720;0.023147;100000000.000000;0.100000
918;-0.712322;-0.000095;0.031005;0.017321;100000000.000000;0.100000
919;-0.706443;-0.000095;0.036334;0.013176;100000000.000000;0.100000
920;-0.713234;-0.000095;0.036334;0.023147;100000000.000000;0.100000
921;-0.706443;-0.000095;0.031005;0.023147;100000000.000000;0.100000
922;-0.706443;-0.000095;0.034664;0.023147;100000000.000000;0.100000
923;-0.712322;-0.000095;0.031005;0.023147;100000000.000000;0.100000
924;-0.706443;-0.000095;0.034191;0.023147;100000000.000000;0.100000
925;-0.706443;-0.000095;0.036334;0.017321;100000000.000000;0.100000
926;-0.713234;-0.000095;0.036334;0.017321;100000000.000000;0.100000
927;-0.706443;-0.000095;0.036334;0.020288;100000000.000000;0.100000
928;-0.713234;-0.000095;0.031005;0.017321;100000000.000000;0.100000
929;-0.706443;-0.000095;0.036334;0.020288;100000000.000000;0.100000
930;-0.707062;-0.000104;0.035181;0.017321;100000000.000000;0.100000
931;-0.706443;-0.000095;0.036334;0.015871;100000000.000000;0.100000
932;-0.707062;-0.000104;0.035181;0.017321;100000000.000000;0.100000
933;-0.706443;-0.000104;0.035181;0.017321;100000000.000000;0.100000
934;-0.706443;-0.000104;0.035181;0.018196;100000000.000000;0.100000
935;-0.707062;-0.000104;0.035181;0.018196;100000000.000000;0.100000
936;-0.706443;-0.000104;0.034671;0.013742;100000000.000000;0.100000
937;-0.706443;-0.000104;0.034671;0.017321;100000000.000000;0.100000
938;-0.711386;-0.000104;0.035181;0.014555;100000000.000000;0.100000
939;-0.706443;-0.000104;0.034671;0.017321;100000000.000000;0.100000
940;-0.706443;-0.000104;0.035723;0.014555;100000000.000000;0.100000
941;-0.706443;-0.000104;0.035723;0.013742;100000000.000000;0.100000
942;-0.696028;-0.000104;0.035181;0.015471;100000000.000000;0.100000
943;-0.706897;-0.000104;0.035723;0.014883;100000000.000000;0.100000
944;-0.698326;-0.000104;0.034671;0.013742;100000000.000000;0.100000
945;-0.711386;-0.000104;0.036967;0.015471;100000000.000000;0.100000
946;-0.711386;-0.000104;0.036967;0.013999;100000000.000000;0.100000
947;-0.711386;-0.000104;0.036967;0.015718;100000000.000000;0.100000
948;-0.711386;-0.000104;0.036967;0.013742;100000000.000000;0.100000
949;-0.711386;-0.000095;0.036967;0.014883;100000000.000000;0.100000
950;-0.710408;-0.000104;0.029219;0.013742;100000000.000000;0.100000
951;-0.711386;-0.000104;0.034544;0.010740;100000000.000000;0.100000
952;-0.711386;-0.000104;0.036967;0.015907;100000000.000000;0.100000
953;-0.696055;-0.000104;0.034544;0.015907;100000000.000000;0.100000
954;-0.711386;-0.000104;0.036967;0.015471;100000000.000000;0.100000
955;-0.696055;-0.000104;0.031295;0.014033;100000000.000000;0.100000
956;-0.713115;-0.000095;0.035676;0.014324;100000000.000000;0.100000
957;-0.713115;-0.000095;0.035676;0.010740;100000000.000000;0.100000
958;-0.713115;-0.000095;0.034544;0.017525;100000000.000000;0.100000
959;-0.700173;-0.000104;0.031295;0.014324;100000000.000000;0.100000
960;-0.696055;-0.000095;0.038962;0.014324;100000000.000000;0.100000
961;-0.711386;-0.000095;0.038962;0.014324;100000000.000000;0.100000
962;-0.705846;-0.000104;0.035676;0.011327;100000000.000000;0.100000
963;-0.708814;-0.000095;0.031295;0.010740;100000000.000000;0.100000
964;-0.705846;-0.000095;0.033769;0.010740;100000000.000000;0.100000
965;-0.705846;-0.000095;0.033819;0.010740;100000000.000000;0.100000
966;-0.705846;-0.000095;0.033819;0.010740;100000000.000000;0.100000
967;-0.705846;-0.000095;0.038870;0.010740;100000000.000000;0.100000
968;-0.696055;-0.000095;0.035676;0.010740;100000000.000000;0.100000
969;-0.696055;-0.000095;0.033769;0.010740;100000000.000000;0.100000
970;-0.696055;-0.000095;0.033769;0.019321;100000000.000000;0.100000
971;-0.696055;-0.000095;0.031705;0.006693;100000000.000000;0.100000
972;-0.715678;-0.000095;0.031705;0.010740;100000000.000000;0.100000
973;-0.715678;-0.000095;0.031705;0.006709;100000000.000000;0.100000
974;-0.700689;-0.000095;0.031705;0.010740;100000000.000000;0.100000
975;-0.702145;-0.000095;0.035676;0.010740;100000000.000000;0.100000
976;-0.702145;-0.000095;0.035676;0.010740;100000000.000000;0.100000
977;-0.696055;-0.000095;0.031705;0.010643;100000000.000000;0.100000
978;-0.696055;-0.000095;0.035676;0.011097;100000000.000000;0.100000
979;-0.702145;-0.000095;0.035676;0.010740;100000000.000000;0.100000
980;-0.696055;-0.000095;0.034803;0.015079;100000000.000000;0.100000
981;-0.696055;-0.000095;0.038217;0.010740;100000000.000000;0.100000
982;-0.696055;-0.000095;0.038217;0.010740;100000000.000000;0.100000
983;-0.696055;-0.000095;0.034769;0.013762;100000000.000000;0.100000
984;-0.696479;-0.000095;0.035676;0.015079;100000000.000000;0.100000
985;-0.702145;-0.000095;0.038217;0.010740;100000000.000000;0.100000
986;-0.696055;-0.000095;0.038217;0.010740;100000000.000000;0.100000
987;-0.696055;-0.000095;0.038217;0.015079;100000000.000000;0.100000
988;-0.696055;-0.000095;0.038217;0.010740;100000000.000000;0.100000
989;-0.696479;-0.000095;0.038217;0.009312;100000000.000000;0.100000
990;-0.696055;-0.000095;0.038217;0.015079;100000000.000000;0.100000
991;-0.711325;-0.000095;0.038217;0.015079;100000000.000000;0.100000
992;-0.696741;-0.000095;0.028397;0.010740;100000000.000000;0.100000
993;-0.711325;-0.000095;0.038217;0.017867;100000000.000000;0.100000
994;-0.711325;-0.000095;0.038217;0.016653;100000000.000000;0.100000
995;-0.696479;-0.000095;0.034909;0.009382;100000000.000000;0.100000
996;-0.709050;-0.000095;0.031824;0.007610;100000000.000000;0.100000
997;-0.709050;-0.000095;0.034909;0.005020;100000000.000000;0.100000
998;-0.709050;-0.000095;0.034909;0.010740;100000000.000000;0.100000
999;-0.709050;-0.000095;0.034909;0.010740;100000000.000000;0.100000
