time;u;y;z1;z2;r
;-;-;-;-;-
0;1;1;1;1;1
0;FF0000;FF0000;FF0000;FF0000;FF0000
0;0.046882102;-0.004219391;0;0;0
0.01;0.060970741;-0.005185985;0;0;0
0.02;0.158165881;-0.013563124;0;0;0
0.03;0.072271008;-0.004863787;0;0;0
0.04;0.051071348;-0.002608403;0;0;0
0.05;0.081781287;-0.005185985;0;0;0
0.06;0.057257367;-0.002608403;0;0;0
0.07;0.080807362;-0.004541589;0;0;0
0.08;0.055772017;-0.001964008;0;0;0
0.09;0.068070669;-0.002930601;0;0;0
0.1;0.077556487;-0.003574996;0;0;0
0.11;0.094713674;-0.004863787;0;0;0
0.12;0.094993848;-0.004541589;0;0;0
0.13;0.102178255;-0.004863787;0;0;0
0.14;0.088138539;-0.003252798;0;0;0
0.15;0.112199958;-0.005185985;0;0;0
0.16;0.101995928;-0.003897194;0;0;0
0.17;0.119408827;-0.005185985;0;0;0
0.18;0.091304934;-0.002286205;0;0;0
0.19;0.125339134;-0.005185985;0;0;0
0.2;0.097235241;-0.002286205;0;0;0
0.21;0.13126944;-0.005185985;0;0;0
0.22;0.096005603;-0.00164181;0;0;0
0.23;0.111628515;-0.002930601;0;0;0
0.24;0.106794443;-0.002286205;0;0;0
0.25;0.140828642;-0.005185985;0;0;0
0.26;0.105564805;-0.00164181;0;0;0
0.27;0.142667552;-0.004863787;0;0;0
0.28;0.135787781;-0.003897194;0;0;0
0.29;0.128140873;-0.002930601;0;0;0
0.3;0.159106525;-0.005508182;0;0;0
0.31;0.167058068;-0.00583038;0;0;0
0.32;0.15378549;-0.004219391;0;0;0
0.33;0.167874129;-0.005185985;0;0;0
0.34;0.154090126;-0.003574996;0;0;0
0.35;0.171247312;-0.004863787;0;0;0
0.36;0.171527486;-0.004541589;0;0;0
0.37;0.160812031;-0.003252798;0;0;0
0.38;0.174133533;-0.004219391;0;0;0
0.39;0.188222172;-0.005185985;0;0;0
0.4;0.178018141;-0.003897194;0;0;0
0.41;0.191851067;-0.004863787;0;0;0
0.42;0.184971296;-0.003897194;0;0;0
0.43;0.177324389;-0.002930601;0;0;0
0.44;0.168910343;-0.001964008;0;0;0
0.45;0.188368941;-0.003574996;0;0;0
0.46;0.162566458;-0.000997415;0;0;0
0.47;0.191997836;-0.003574996;0;0;0
0.48;0.198415105;-0.003897194;0;0;0
0.49;0.197928142;-0.003574996;0;0;0
0.5;10;-0.002608403;0;0;1
0.51;7.907314952;0.302835213;0;0;1
0.52;0.828096024;0.989762756;0;0;1
0.53;0;1.087711346;0;0;1
0.54;0.793260893;0.993629147;0;0;1
0.55;0;1.07546777;0;0;1
0.56;1.857993704;0.898258198;0;0;1
0.57;0;1.112198502;0;0;1
0.58;0.266886149;1.048725223;0;0;1
0.59;3.08146588;0.791932535;0;0;1
0.6;0.404088159;1.047758625;0;0;1
0.61;1.329201733;0.961087027;0;0;1
0.62;2.731220324;0.837684783;0;0;1
0.63;0.29318994;1.068701583;0;0;1
0.64;1.058482658;0.994917944;0;0;1
0.65;1.112635883;0.990407154;0;0;1
0.66;2.018826403;0.909535166;0;0;1
0.67;0.63356827;1.04067024;0;0;1
0.68;2.416344657;0.87731526;0;0;1
0.69;0.014880823;1.10221032;0;0;1
0.7;2.242854846;0.89439181;0;0;1
0.71;2.84934896;0.847350752;0;0;1
0.72;0;1.203380967;0;0;1
0.73;0;1.124119882;0;0;1
0.74;2.480040697;0.891492018;0;0;1
0.75;0;1.153117835;0;0;1
0.76;0.590003955;1.069345982;0;0;1
0.77;3.875096376;0.768734217;0;0;1
0.78;2.386786794;0.919201139;0;0;1
0.79;0;1.172449807;0;0;1
0.8;1.427035912;1.011350105;0;0;1
0.81;0.190091003;1.121864485;0;0;1
0.82;1.908428332;0.958509434;0;0;1
0.83;0.337521713;1.102854718;0;0;1
0.84;2.944462972;0.86088311;0;0;1
0.85;0;1.182760193;0;0;1
0.86;0;1.175349603;0;0;1
0.87;3.638410775;0.80836468;0;0;1
0.88;2.970685282;0.882148246;0;0;1
0.89;0;1.180826996;0;0;1
0.9;2.745599388;0.910823962;0;0;1
0.91;2.093216303;0.97590819;0;0;1
0.92;0;1.283608686;0;0;1
0.93;2.105176658;0.976552588;0;0;1
0.94;0.040230939;1.164072619;0;0;1
0.95;0.228633962;1.135396863;0;0;1
0.96;2.322870235;0.93724429;0;0;1
0.97;0.375041821;1.117031494;0;0;1
0.98;3.50056993;0.827374417;0;0;1
0.99;3.147116117;0.871515678;0;0;1
1;0;1.375757839;0;0;0
1.01;0;1.371247041;0;0;0
1.02;0;0.930800307;0;0;0
1.03;0;1.033581856;0;0;0
1.04;0;0.861849707;0;0;0
1.05;0;0.814808658;0;0;0
1.06;0;0.839295778;0;0;0
1.07;0;0.680451751;0;0;0
1.08;0;0.587980744;0;0;0
1.09;0;0.548028126;0;0;0
1.1;0;0.527085225;0;0;0
1.11;0;0.465867526;0;0;0
1.12;0;0.417215577;0;0;0
1.13;0;0.371463424;0;0;0
1.14;0;0.323133696;0;0;0
1.15;0;0.284147722;0;0;0
1.16;0;0.243228568;0;0;0
1.17;0;0.209397776;0;0;0
1.18;0;0.177500177;0;0;0
1.19;0.246633546;0.141736208;0;0;0
1.2;0.302403364;0.126592908;0;0;0
1.21;0.312912071;0.116604774;0;0;0
1.22;0.291968146;0.110160817;0;0;0
1.23;0.294038338;0.102105871;0;0;0
1.24;0.259541652;0.097917299;0;0;0
1.25;0.242689123;0.092439936;0;0;0
1.26;0.283883311;0.082129606;0;0;0
1.27;0.308200478;0.074074661;0;0;0
1.28;0.24583114;0.074396859;0;0;0
1.29;0.269125456;0.066986309;0;0;0
1.3;0.26250142;0.062797738;0;0;0
1.31;0.280681486;0.05667598;0;0;0
1.32;0.278660273;0.052809607;0;0;0
1.33;0.268967689;0.049909827;0;0;0
1.34;0.290216301;0.044432465;0;0;0
1.35;0.31223205;0.039277301;0;0;0
1.36;0.266739735;0.040566092;0;0;0
1.37;0.281084112;0.036377521;0;0;0
1.38;0.280852885;0.033799939;0;0;0
1.39;0.304147195;0.029289171;0;0;0
1.4;0.284481829;0.028966973;0;0;0
1.41;0.272232122;0.02800038;0;0;0
1.42;0.307289199;0.022845216;0;0;0
1.43;0.296318053;0.022200821;0;0;0
1.44;0.321658061;0.018334448;0;0;0
1.45;0.299946997;0.018978844;0;0;0
1.46;0.317104209;0.016079064;0;0;0
1.47;0.33298286;0.013501482;0;0;0
1.48;0.297207619;0.015756866;0;0;0
1.49;0.331241844;0.011568296;0;0;0
1.5;10;0.013501482;0;0;5
1.51;10;0.450079806;0;0;5
1.52;10;0.903413383;0;0;5
1.53;10;1.635451177;0;0;5
1.54;10;2.111986324;0;0;5
1.55;10;2.506361387;0;0;5
1.56;10;2.934891116;0;0;5
1.57;10;3.323146713;0;0;5
1.58;10;3.67434993;0;0;5
1.59;10;4.068729852;0;0;5
1.6;6.963791209;4.413813437;0;0;5
1.61;3.863252821;4.734732515;0;0;5
1.62;2.806429329;4.848794358;0;0;5
1.63;5.346575713;4.630981459;0;0;5
1.64;4.816026899;4.705089346;0;0;5
1.65;3.356698765;4.857493995;0;0;5
1.66;4.998498575;4.719910929;0;0;5
1.67;5.08832798;4.73183264;0;0;5
1.68;4.35959465;4.816573485;0;0;5
1.69;6.3990395;4.64612524;0;0;5
1.7;3.35040518;4.945779247;0;0;5
1.71;4.392284645;4.855882951;0;0;5
1.72;6.264488832;4.697678555;0;0;5
1.73;5.770507611;4.763731277;0;0;5
1.74;5.639394067;4.792407838;0;0;5
1.75;4.7909827;4.883592912;0;0;5
1.76;4.65782307;4.903892074;0;0;5
1.77;5.152970457;4.866193633;0;0;5
1.78;4.962017871;4.89293697;0;0;5
1.79;5.039828253;4.893581388;0;0;5
1.8;5.485877143;4.861038292;0;0;5
1.81;4.80496262;4.932246466;0;0;5
1.82;4.958977951;4.923224613;0;0;5
1.83;5.102252981;4.915813806;0;0;5
1.84;4.796737093;4.949323547;0;0;5
1.85;5.248667765;4.912269507;0;0;5
1.86;5.361256238;4.908402999;0;0;5
1.87;4.785954317;4.96672284;0;0;5
1.88;5.216915907;4.930313212;0;0;5
1.89;4.896312405;4.964145167;0;0;5
1.9;4.663421251;4.987666438;0;0;5
1.91;5.407130113;4.921613568;0;0;5
1.92;4.892945536;4.973489233;0;0;5
1.93;4.967687271;4.968656095;0;0;5
1.94;5.239590193;4.946423665;0;0;5
1.95;5.131746857;4.959956448;0;0;5
1.96;4.744655664;4.997654924;0;0;5
1.97;5.365874075;4.941912738;0;0;5
1.98;4.964462555;4.982188881;0;0;5
1.99;4.695770345;5.007643412;0;0;5
2;5.466585808;4.93772402;0;0;5
2.01;4.703328402;5.010865505;0;0;5
2.02;4.834328889;4.998299343;0;0;5
2.03;5.290351298;4.957378775;0;0;5
2.04;4.948267099;4.991210739;0;0;5
2.05;4.797718211;5.005387947;0;0;5
2.06;5.484401337;4.943201574;0;0;5
2.07;5.235911235;4.969622722;0;0;5
2.08;4.572640729;5.031486902;0;0;5
2.09;5.442676266;4.950934592;0;0;5
2.1;4.561531113;5.033742368;0;0;5
2.11;5.458417414;4.950612383;0;0;5
2.12;4.860356026;5.007965621;0;0;5
2.13;5.222784436;4.974778069;0;0;5
2.14;4.544682045;5.037608881;0;0;5
2.15;5.886012054;4.914202761;0;0;5
2.16;4.174794921;5.074340758;0;0;5
2.17;6.260274336;4.88133745;0;0;5
2.18;6.064463009;4.907436372;0;0;5
2.19;3.649755422;5.131371859;0;0;5
2.2;5.253201181;4.977677952;0;0;5
2.21;2.965330058;5.185180894;0;0;5
2.22;4.049917501;5.074340758;0;0;5
2.23;6.096015853;4.884881747;0;0;5
2.24;6.409345451;4.864904798;0;0;5
2.25;5.156126408;4.987344228;0;0;5
2.26;4.263984909;5.068540987;0;0;5
2.27;5.709649628;4.933535302;0;0;5
2.28;4.455662552;5.051141676;0;0;5
2.29;4.382852969;5.054041561;0;0;5
2.3;6.07989149;4.897447895;0;0;5
2.31;4.235187932;5.070796454;0;0;5
2.32;6.230397696;4.886170583;0;0;5
2.33;6.080871909;4.907758581;0;0;5
2.34;2.856804366;5.204513489;0;0;5
2.35;5.991767046;4.907758581;0;0;5
2.36;6.104355526;4.904214283;0;0;5
2.37;2.503609478;5.235123438;0;0;5
2.38;2.771677443;5.194202771;0;0;5
2.39;7.418462739;4.762120234;0;0;5
2.4;7.098882843;4.807873851;0;0;5
2.41;2.067375297;5.274433072;0;0;5
2.42;2.565593313;5.209991058;0;0;5
2.43;5.857313297;4.898736731;0;0;5
2.44;7.11553231;4.792730046;0;0;5
2.45;6.596234089;4.854271907;0;0;5
2.46;4.979123512;5.010221086;0;0;5
2.47;4.344493579;5.06660773;0;0;5
2.48;5.394301592;4.967367258;0;0;5
2.49;4.68269973;5.033742368;0;0;5
2.5;0;5.057585865;0;0;0
2.51;0;4.965111794;0;0;0
2.52;0;4.591027664;0;0;0
2.53;0;4.10965007;0;0;0
2.54;0;3.924703692;0;0;0
2.55;0;3.554167428;0;0;0
2.56;0;3.325402143;0;0;0
2.57;0;3.078916082;0;0;0
2.58;0;2.850473873;0;0;0
2.59;0;2.624931883;0;0;0
2.6;0;2.451587008;0;0;0
2.61;0;2.253755014;0;0;0
2.62;0;2.06107851;0;0;0
2.63;0;1.906099763;0;0;0
2.64;0;1.773997419;0;0;0
2.65;0;1.623851962;0;0;0
2.66;0;1.493360852;0;0;0
2.67;0;1.369636041;0;0;0
2.68;0;1.267820899;0;0;0
2.69;0;1.159561826;0;0;0
2.7;0;1.058069004;0;0;0
2.71;0;0.972041799;0;0;0
2.72;0;0.878604056;0;0;0
2.73;0;0.789032745;0;0;0
2.74;0;0.715571414;0;0;0
2.75;0;0.645976493;0;0;0
2.76;0;0.585725354;0;0;0
2.77;0;0.527729622;0;0;0
2.78;0;0.477466667;0;0;0
2.79;0.284101499;0.427203725;0;0;0
2.8;0.374648638;0.388539931;0;0;0
2.81;0.252442722;0.371785623;0;0;0
2.82;0.207973462;0.349231748;0;0;0
2.83;0.260163576;0.319589516;0;0;0
2.84;0.249959767;0.297680043;0;0;0
2.85;0.246404468;0.276737166;0;0;0
2.86;0.245150565;0.257083084;0;0;0
2.87;0.223695352;0.240650983;0;0;0
2.88;0.218861447;0.223896686;0;0;0
2.89;0.227324584;0.20714239;0;0;0
2.9;0.213285008;0.193610075;0;0;0
2.91;0.256525029;0.175889188;0;0;0
2.92;0.235069776;0.165256656;0;0;0
2.93;0.393891818;0.139158625;0;0;0
2.94;0.147409577;0.151402146;0;0;0
2.95;0.299327368;0.126915106;0;0;0
2.96;0.10194193;0.135614449;0;0;0
2.97;0.36662889;0.102105871;0;0;0
2.98;0.199673244;0.109838619;0;0;0
2.99;0.295078553;0.09340653;0;0;0
3;0.274646129;0.088573562;0;0;0
3.01;0.190029889;0.089862353;0;0;0
3.02;0.254749697;0.077618837;0;0;0
3.03;0.239687232;0.073430265;0;0;0
3.04;0.238688948;0.0682751;0;0;0
3.05;0.277581795;0.059897958;0;0;0
3.06;0.061785101;0.075041254;0;0;0
3.07;0.36738596;0.042177081;0;0;0
3.08;0.162073488;0.057642574;0;0;0
3.09;0.309644088;0.040243894;0;0;0
3.1;0.395843713;0.029611369;0;0;0
3.11;0.204084005;0.044754663;0;0;0
3.12;0.272383766;0.035410928;0;0;0
3.13;0.365999047;0.024456205;0;0;0
3.14;0.224870389;0.035410928;0;0;0
3.15;0.311325723;0.0251006;0;0;0
3.16;0.348684284;0.019945437;0;0;0
3.17;0.232615438;0.028966973;0;0;0
3.18;0.291965261;0.021556425;0;0;0
3.19;0.32497671;0.017045657;0;0;0
3.2;0.250588977;0.022523019;0;0;0
3.21;0.254193507;0.020589832;0;0;0
3.22;0.320191847;0.013179285;0;0;0
3.23;0.266772525;0.017045657;0;0;0
3.24;0.274724164;0.015112471;0;0;0
3.25;0.33074972;0.008990714;0;0;0
3.26;0.237694987;0.016723459;0;0;0
3.27;0.335401652;0.00673533;0;0;0
3.28;0.308576413;0.008668517;0;0;0
3.29;0.283796871;0.010279505;0;0;0
3.3;0.268478685;0.010923901;0;0;0
3.31;0.317088581;0.005768737;0;0;0
3.32;0.287450504;0.008024121;0;0;0
3.33;0.320461947;0.004479946;0;0;0
3.34;0.334806389;0.002868958;0;0;0
3.35;0.332529531;0.002868958;0;0;0
3.36;0.298032919;0.005768737;0;0;0
3.37;0.332834346;0.002224562;0;0;0
3.38;0.277369323;0.007057528;0;0;0
3.39;0.32546779;0.002224562;0;0;0
3.4;0.316542409;0.002868958;0;0;0
3.41;0.307105602;0.003513353;0;0;0
3.42;0.318637206;0.002224562;0;0;0
3.43;0.331191658;0.000935772;0;0;0
3.44;0.305389262;0.003191156;0;0;0
3.45;0.360136247;-0.001964008;0;0;0
3.46;0.275775729;0.005768737;0;0;0
3.47;0.360696766;-0.002286205;0;0;0
3.48;0.29091185;0.004157749;0;0;0
3.49;0.319831888;0.001257969;0;0;0
3.5;10;0.001580167;0;0;8
3.51;10;0.470056104;0;0;8
3.52;10;1.021660482;0;0;8
3.53;10;1.514303863;0;0;8
3.54;10;1.992127447;0;0;8
3.55;10;2.463830691;0;0;8
3.56;10;2.910403666;0;0;8
3.57;10;3.292859511;0;0;8
3.58;10;3.687882551;0;0;8
3.59;10;4.057452629;0;0;8
3.6;10;4.42219083;0;0;8
3.61;10;4.718299888;0;0;8
3.62;10;5.077240644;0;0;8
3.63;10;5.374318281;0;0;8
3.64;10;5.624676192;0;0;8
3.65;10;5.923688855;0;0;8
3.66;10;6.209813983;0;0;8
3.67;10;6.468551826;0;0;8
3.68;10;6.697968862;0;0;8
3.69;10;6.908697996;0;0;8
3.7;10;7.113627776;0;0;8
3.71;8.051210283;7.305347156;0;0;8
3.72;6.400698178;7.503511385;0;0;8
3.73;6.250545075;7.552488639;0;0;8
3.74;7.060398844;7.511566852;0;0;8
3.75;7.376439812;7.518011226;0;0;8
3.76;7.254161091;7.563444082;0;0;8
3.77;7.890630619;7.537344353;0;0;8
3.78;7.566837118;7.599532611;0;0;8
3.79;8.321453656;7.560221893;0;0;8
3.8;8.054687606;7.615643566;0;0;8
3.81;7.783318012;7.667520868;0;0;8
3.82;7.664107204;7.701998349;0;0;8
3.83;7.750247198;7.71553157;0;0;8
3.84;7.689598287;7.741309141;0;0;8
3.85;7.690835908;7.759675666;0;0;8
3.86;7.698978188;7.776108876;0;0;8
3.87;7.661856228;7.79544207;0;0;8
3.88;7.7132168;7.805430888;0;0;8
3.89;7.72084752;7.818641908;0;0;8
3.9;7.678610848;7.835397351;0;0;8
3.91;7.791346595;7.837008452;0;0;8
3.92;7.849100366;7.843452854;0;0;8
3.93;7.751370185;7.863430506;0;0;8
3.94;7.81679584;7.867297149;0;0;8
3.95;7.778906474;7.880185959;0;0;8
3.96;7.995724423;7.86923047;0;0;8
3.97;7.959880897;7.881797061;0;0;8
3.98;8.204061981;7.868263809;0;0;8
3.99;7.92911063;7.902419163;0;0;8
4;7.870507045;7.914663539;0;0;8
4.01;7.633915049;7.942052283;0;0;8
4.02;7.751509698;7.935607872;0;0;8
4.03;7.340765104;7.977174333;0;0;8
4.04;7.76702652;7.94044118;0;0;8
4.05;7.341705254;7.982974307;0;0;8
4.06;8.053361871;7.920141287;0;0;8
4.07;7.142919735;8.007785309;0;0;8
4.08;8.443523648;7.890174789;0;0;8
4.09;6.966126941;8.030985215;0;0;8
4.1;8.767451143;7.866652708;0;0;8
4.11;6.854033937;8.048385149;0;0;8
4.12;9.379074875;7.817675248;0;0;8
4.13;9.16575476;7.849897258;0;0;8
4.14;5.411074179;8.19854031;0;0;8
4.15;9.07360871;7.85473056;0;0;8
4.16;8.884582807;7.882119281;0;0;8
4.17;5.362104786;8.207562519;0;0;8
4.18;7.495883207;8.00069645;0;0;8
4.19;8.243597981;7.933352328;0;0;8
4.2;6.746253411;8.072873952;0;0;8
4.21;7.547672333;7.995540917;0;0;8
4.22;7.168126563;8.030018552;0;0;8
4.23;7.89257014;7.962674402;0;0;8
4.24;7.836268048;7.970407699;0;0;8
4.25;7.884815485;7.968152154;0;0;8
4.26;7.827746196;7.97556323;0;0;8
4.27;8.069114469;7.955585548;0;0;8
4.28;8.086462783;7.957196651;0;0;8
4.29;7.859076941;7.980718762;0;0;8
4.3;8.085612859;7.96170774;0;0;8
4.31;7.797363113;7.990385384;0;0;8
4.32;7.837215718;7.987485397;0;0;8
4.33;7.521346949;8.016807494;0;0;8
4.34;7.747882968;7.995218696;0;0;8
4.35;7.372173167;8.02937411;0;0;8
4.36;7.817870405;7.987163177;0;0;8
4.37;7.351887685;8.030018552;0;0;8
4.38;8.087071952;7.96170774;0;0;8
4.39;7.14364004;8.049351812;0;0;8
4.4;8.658291001;7.909508012;0;0;8
4.41;6.907773333;8.073518394;0;0;8
4.42;9.28398016;7.85440834;0;0;8
4.43;8.364844047;7.947530033;0;0;8
4.44;6.22970589;8.143440418;0;0;8
4.45;8.027708284;7.971374361;0;0;8
4.46;8.071908312;7.969441036;0;0;8
4.47;6.950487598;8.072551731;0;0;8
4.48;8.765366497;7.904030265;0;0;8
4.49;6.274507614;8.135062661;0;0;8
4.5;0;7.83185293;0;0;0
4.51;0;7.59631042;0;0;0
4.52;0;7.146493922;0;0;0
4.53;0;6.676058219;0;0;0
4.54;0;6.20208086;0;0;0
4.55;0;5.767093737;0;0;0
4.56;0;5.397517442;0;0;0
4.57;0;5.007321202;0;0;0
4.58;0;4.629048211;0;0;0
4.59;0;4.330039542;0;0;0
4.6;0;3.988178285;0;0;0
4.61;0;3.719458675;0;0;0
4.62;0;3.425929933;0;0;0
4.63;0;3.196198278;0;0;0
4.64;0;2.928769253;0;0;0
4.65;0;2.729325557;0;0;0
4.66;0;2.51796067;0;0;0
4.67;0;2.320450786;0;0;0
4.68;0;2.151617103;0;0;0
4.69;0;1.987938832;0;0;0
4.7;0;1.827160544;0;0;0
4.71;0;1.671537629;0;0;0
4.72;0;1.549745887;0;0;0
4.73;0;1.426021035;0;0;0
4.74;0;1.310673467;0;0;0
4.75;0;1.199192372;0;0;0
4.76;0;1.092222138;0;0;0
4.77;0;1.001039729;0;0;0
4.78;0;0.914045953;0;0;0
4.79;0;0.841551171;0;0;0
4.8;0;0.763901234;0;0;0
4.81;0;0.692050905;0;0;0
4.82;0.723149139;0.625033581;0;0;0
4.83;0.534969577;0.597324502;0;0;0
4.84;0.315081572;0.574448405;0;0;0
4.85;0.260128399;0.538362171;0;0;0
4.86;0.262454856;0.499698357;0;0;0
4.87;0.213127251;0.468445113;0;0;0
4.88;0.199343685;0.436225278;0;0;0
4.89;0.304210803;0.395628293;0;0;0
4.9;0.262298741;0.371141226;0;0;0
4.91;0.264880666;0.344398775;0;0;0
4.92;0.195607299;0.326033479;0;0;0
4.93;0.251888833;0.297680043;0;0;0
4.94;0.205373859;0.280603543;0;0;0
4.95;0.140191852;0.266426828;0;0;0
4.96;0.275999934;0.235173617;0;0;0
4.97;0.27193321;0.218741518;0;0;0
4.98;0.288067765;0.201665025;0;0;0
4.99;0.23541564;0.191999085;0;0;0
5;0.215494714;0.180077761;0;0;0
5.01;0.30885442;0.158812697;0;0;0
5.02;0.229352472;0.154624125;0;0;0
5.03;0.117375038;0.153657531;0;0;0
5.04;0.246023042;0.131103678;0;0;0
5.05;0.306651517;0.116282576;0;0;0
5.06;0.282383455;0.110160817;0;0;0
5.07;0.248654031;0.105327849;0;0;0
5.08;0.290359772;0.094050925;0;0;0
5.09;0.247936124;0.091151145;0;0;0
5.1;0.189914018;0.089862353;0;0;0
5.11;0.251053895;0.077941034;0;0;0
5.12;0.267955523;0.070852683;0;0;0
5.13;0.261843033;0.066341914;0;0;0
5.14;0.266470463;0.061186749;0;0;0
5.15;0.271609316;0.056353782;0;0;0
5.16;0.241204148;0.055064991;0;0;0
5.17;0.269101401;0.048621036;0;0;0
5.18;0.244833329;0.047332245;0;0;0
5.19;0.260967811;0.042499279;0;0;0
5.2;0.284517951;0.037344115;0;0;0
5.21;0.244139999;0.038310708;0;0;0
5.22;0.288914262;0.031544555;0;0;0
5.23;0.296098808;0.028644775;0;0;0
5.24;0.230405334;0.032511148;0;0;0
5.25;0.304842226;0.023489612;0;0;0
5.26;0.339899415;0.018656646;0;0;0
5.27;0.21411354;0.028644775;0;0;0
5.28;0.252239277;0.023167414;0;0;0
5.29;0.366311576;0.011246098;0;0;0
5.3;0.235667168;0.022200821;0;0;0
5.31;0.246687394;0.019623239;0;0;0
5.32;0.338512717;0.009957307;0;0;0
5.33;0.287650558;0.01382368;0;0;0
5.34;0.219399958;0.018978844;0;0;0
5.35;0.329636567;0.007701923;0;0;0
5.36;0.287724338;0.010923901;0;0;0
5.37;0.296954574;0.009312912;0;0;0
5.38;0.2645037;0.011568296;0;0;0
5.39;0.334082044;0.004479946;0;0;0
5.4;0.29830691;0.007379726;0;0;0
5.41;0.324669869;0.004479946;0;0;0
5.42;0.253095007;0.010601703;0;0;0
5.43;0.348500293;0.001257969;0;0;0
5.44;0.336762115;0.002224562;0;0;0
5.45;0.284877102;0.00673533;0;0;0
5.46;0.29385162;0.00544654;0;0;0
5.47;0.328908795;0.001902365;0;0;0
5.48;0.245059738;0.009312912;0;0;0
5.49;0.337907897;0.000291376;0;0;0
5.5;10;0.001902365;0;0;9
5.51;10;0.50324254;0;0;9
5.52;10;1.0136055;0;0;9
5.53;10;1.493360852;0;0;9
5.54;10;1.984394619;0;0;9
5.55;10;2.45642004;0;0;9
5.56;10;2.880438766;0;0;9
5.57;10;3.29737037;0;0;9
5.58;10;3.650828948;0;0;9
5.59;10;4.054874978;0;0;9
5.6;10;4.375148554;0;0;9
5.61;10;4.746654227;0;0;9
5.62;10;5.046630744;0;0;9
5.63;10;5.328886609;0;0;9
5.64;10;5.649164261;0;0;9
5.65;10;5.936899566;0;0;9
5.66;10;6.173403864;0;0;9
5.67;10;6.395086954;0;0;9
5.68;10;6.635781316;0;0;9
5.69;10;6.865521034;0;0;9
5.7;10;7.110727823;0;0;9
5.71;10;7.317913653;0;0;9
5.72;10;7.526066695;0;0;9
5.73;10;7.704898325;0;0;9
5.74;10;7.887274806;0;0;9
5.75;10;8.034207424;0;0;9
5.76;9.192365067;8.203373636;0;0;9
5.77;8.285103319;8.341929117;0;0;9
5.78;7.339478995;8.474040411;0;0;9
5.79;7.581474506;8.489829338;0;0;9
5.8;8.186865759;8.47178485;0;0;9
5.81;8.076206178;8.519473864;0;0;9
5.82;8.303624828;8.533329462;0;0;9
5.83;9.680049354;8.442784789;0;0;9
5.84;10;8.450195915;0;0;9
5.85;7.931166329;8.639985438;0;0;9
5.86;7.991335387;8.660285537;0;0;9
5.87;7.956627384;8.687674568;0;0;9
5.88;8.408579508;8.669307805;0;0;9
5.89;8.477699137;8.686707896;0;0;9
5.9;9.503260372;8.616785333;0;0;9
5.91;9.392088388;8.654163284;0;0;9
5.92;8.238035615;8.782730704;0;0;9
5.93;8.360347581;8.787241845;0;0;9
5.94;8.085249496;8.827197687;0;0;9
5.95;9.214128582;8.737941525;0;0;9
5.96;8.65235349;8.807219763;0;0;9
5.97;9.11683695;8.779186235;0;0;9
5.98;9.317147641;8.776930664;0;0;9
5.99;7.843680774;8.925476268;0;0;9
6;8.758512102;8.848464515;0;0;9
6.01;8.441984767;8.887775943;0;0;9
6.02;8.395000845;8.900020491;0;0;9
6.03;9.380158641;8.818497623;0;0;9
6.04;8.392841407;8.920320667;0;0;9
6.05;8.448918254;8.920965117;0;0;9
6.06;8.844609836;8.890998192;0;0;9
6.07;9.049268099;8.880364771;0;0;9
6.08;9.330390765;8.863609079;0;0;9
6.09;8.475543141;8.950287605;0;0;9
6.1;8.106845447;8.987021289;0;0;9
6.11;8.417889338;8.959954362;0;0;9
6.12;8.907946971;8.918709542;0;0;9
6.13;8.234925726;8.985087937;0;0;9
6.14;9.317263514;8.888742618;0;0;9
6.15;7.38986537;9.07015549;0;0;9
6.16;9.768775824;8.851042313;0;0;9
6.17;9.643537433;8.872953599;0;0;9
6.18;7.624842493;9.063710975;0;0;9
6.19;9.296392832;8.908720566;0;0;9
6.2;6.715847461;9.147489724;0;0;9
6.21;9.914132001;8.849108965;0;0;9
6.22;9.421659716;8.904209416;0;0;9
6.23;8.097794714;9.030199505;0;0;9
6.24;9.83890388;8.871342475;0;0;9
6.25;0;9.138145166;0;0;0
6.26;0;8.903242741;0;0;0
6.27;0;8.04258517;0;0;0
6.28;0;7.739375823;0;0;0
6.29;0;7.082050512;0;0;0
6.3;0;6.660591886;0;0;0
6.31;0;6.208525129;0;0;0
6.32;0;5.733583707;0;0;0
6.33;0;5.297632208;0;0;0
6.34;0;4.95190122;0;0;0
6.35;0;4.610682352;0;0;0
6.36;0;4.262698267;0;0;0
6.37;0;3.98108975;0;0;0
6.38;0;3.659528488;0;0;0
6.39;0;3.422385683;0;0;0
6.4;0;3.158500417;0;0;0
6.41;0;2.924902813;0;0;0
6.42;0;2.711926605;0;0;0
6.43;0;2.489284667;0;0;0
6.44;0;2.323028401;0;0;0
6.45;0;2.148072887;0;0;0
6.46;0;1.96731796;0;0;0
6.47;0;1.816850118;0;0;0
6.48;0;1.679592641;0;0;0
6.49;0;1.544912883;0;0;0
6.5;10;1.417321634;0;0;2
6.51;10;1.563278298;0;0;2
6.52;4.159686638;2.391657417;0;0;2
6.53;1.521832528;2.601088894;0;0;2
6.54;3.926696421;2.341716111;0;0;2
6.55;2.620867464;2.434832496;0;0;2
6.56;0;2.671006859;0;0;2
6.57;1.054974507;2.544703466;0;0;2
6.58;1.904318732;2.42935506;0;0;2
6.59;2.616087015;2.334627669;0;0;2
6.6;2.56531088;2.315295556;0;0;2
6.61;2.082375316;2.336238678;0;0;2
6.62;2.732004128;2.253755014;0;0;2
6.63;2.169029701;2.286297391;0;0;2
6.64;2.242531261;2.259232443;0;0;2
6.65;2.069011602;2.256332627;0;0;2
6.66;2.366775565;2.211224392;0;0;2
6.67;1.848295743;2.242800155;0;0;2
6.68;2.124579569;2.200591739;0;0;2
6.69;2.352021647;2.16579397;0;0;2
6.7;2.005638404;2.185126063;0;0;2
6.71;2.392135377;2.137118037;0;0;2
6.72;2.104310992;2.153228111;0;0;2
6.73;2.233302577;2.130674007;0;0;2
6.74;2.279953814;2.117141547;0;0;2
6.75;1.947123559;2.138729044;0;0;2
6.76;2.32748322;2.094587449;0;0;2
6.77;2.406354546;2.080732791;0;0;2
6.78;1.923419491;2.118430353;0;0;2
6.79;2.115828406;2.092654241;0;0;2
6.8;2.607935458;2.041746433;0;0;2
6.81;2.009161514;2.092654241;0;0;2
6.82;2.608668924;2.032080395;0;0;2
6.83;1.820665742;2.100709275;0;0;2
6.84;2.317119977;2.048834861;0;0;2
6.85;2.317742432;2.045290647;0;0;2
6.86;1.895156263;2.080088388;0;0;2
6.87;2.644256953;2.006948701;0;0;2
6.88;2.094580448;2.055923289;0;0;2
6.89;2.386718163;2.025636371;0;0;2
6.9;1.929610493;2.064944926;0;0;2
6.91;2.296928473;2.027247377;0;0;2
6.92;2.536644542;2.003726689;0;0;2
6.93;1.674484083;2.081054992;0;0;2
6.94;2.970559261;1.95861853;0;0;2
6.95;1.438936672;2.09942047;0;0;2
6.96;2.466255478;1.999860275;0;0;2
6.97;2.251565818;2.019192346;0;0;2
6.98;1.770932366;2.06107851;0;0;2
6.99;2.871641125;1.957651927;0;0;2
7;0;2.054312283;0;0;0
7.01;0;1.76046499;0;0;0
7.02;0;1.745321559;0;0;0
7.03;0;1.679270441;0;0;0
7.04;0;1.57648851;0;0;0
7.05;0;1.444064237;0;0;0
7.06;0;1.274264894;0;0;0
7.07;0;1.201447769;0;0;0
7.08;0;1.095444132;0;0;0
7.09;0;0.985251967;0;0;0
7.1;0;0.910179564;0;0;0
7.11;0;0.824796825;0;0;0
7.12;0;0.750368883;0;0;0
7.13;0;0.671430188;0;0;0
7.14;0;0.619878404;0;0;0
7.15;0;0.560271669;0;0;0
7.16;0;0.507431119;0;0;0
7.17;0;0.45523498;0;0;0
7.18;0;0.404327646;0;0;0
7.19;0;0.363408469;0;0;0
7.2;0;0.315723138;0;0;0
7.21;0;0.280925741;0;0;0
7.22;0;0.246450548;0;0;0
7.23;0.272748094;0.194576669;0;0;0
7.24;0.179181967;0.189099304;0;0;0
7.25;0.168722408;0.176533584;0;0;0
7.26;0.22551523;0.158812697;0;0;0
7.27;0.264152454;0.143991594;0;0;0
7.28;0.23221303;0.136581042;0;0;0
7.29;0.256274631;0.124659721;0;0;0
7.3;0.236097975;0.117571368;0;0;0
7.31;0.275246602;0.105650047;0;0;0
7.32;0.220037339;0.103072464;0;0;0
7.33;0.285012914;0.089862353;0;0;0
7.34;0.249493506;0.086640375;0;0;0
7.35;0.255910932;0.079874221;0;0;0
7.36;0.242638502;0.075363452;0;0;0
7.37;0.254425885;0.068919496;0;0;0
7.38;0.246267701;0.064730925;0;0;0
7.39;0.28797343;0.056353782;0;0;0
7.4;0.246828348;0.056031585;0;0;0
7.41;0.273958468;0.049587629;0;0;0
7.42;0.231023399;0.049909827;0;0;0
7.43;0.313131676;0.038955103;0;0;0
7.44;0.207035652;0.045721256;0;0;0
7.45;0.303208105;0.033799939;0;0;0
7.46;0.3444024;0.027678182;0;0;0
7.47;0.161336958;0.042177081;0;0;0
7.48;0.281802082;0.028322578;0;0;0
7.49;0.38820302;0.016723459;0;0;0
7.5;10;0.030577962;0;0;2
7.51;10;0.450079806;0;0;2
7.52;10;0.936277692;0;0;2
7.53;5.738990099;1.533958075;0;0;2
7.54;1.809278827;1.920921008;0;0;2
7.55;0.031914297;2.086532415;0;0;2
7.56;2.240124738;1.881612491;0;0;2
7.57;1.843621961;1.925754023;0;0;2
7.58;0.330922617;2.067200335;0;0;2
7.59;3.231097036;1.801384481;0;0;2
7.6;2.934067582;1.842303983;0;0;2
7.61;1.376618923;1.993738453;0;0;2
7.62;1.614289219;1.972795379;0;0;2
7.63;2.967643662;1.852936611;0;0;2
7.64;0.478113157;2.087499019;0;0;2
7.65;2.012514761;1.943152879;0;0;2
7.66;4.148356045;1.754987579;0;0;2
7.67;0.608860703;2.091043234;0;0;2
7.68;1.821828571;1.975372988;0;0;2
7.69;1.984574342;1.962484944;0;0;2
7.7;3.116991084;1.863247039;0;0;2
7.71;1.270839832;2.039168823;0;0;2
7.72;3.527379715;1.83328236;0;0;2
7.73;3.663275372;1.832960159;0;0;2
7.74;0.108435342;2.164827365;0;0;2
7.75;0.632762754;2.105864498;0;0;2
7.76;3.563112199;1.834571163;0;0;2
7.77;1.553559332;2.027247377;0;0;2
7.78;4.313601381;1.776897226;0;0;2
7.79;3.695905622;1.848425799;0;0;2
7.8;0;2.267287487;0;0;2
7.81;0;2.22056824;0;0;2
7.82;4.861564543;1.754343178;0;0;2
7.83;4.444349276;1.8094395;0;0;2
7.84;0;2.322706199;0;0;2
7.85;0;2.231845298;0;0;2
7.86;5.028768515;1.770453212;0;0;2
7.87;4.333846907;1.849392402;0;0;2
7.88;0;2.30917372;0;0;2
7.89;0;2.254077215;0;0;2
7.9;4.632377115;1.83328236;0;0;2
7.91;4.102391297;1.892889523;0;0;2
7.92;1.226730008;2.159349939;0;0;2
7.93;0.258958242;2.235067315;0;0;2
7.94;3.591549747;1.9183434;0;0;2
7.95;3.642036613;1.919632204;0;0;2
7.96;0.490969333;2.208968981;0;0;2
7.97;3.643792689;1.910288375;0;0;2
7.98;2.447668818;2.024347566;0;0;2
7.99;1.533342311;2.104897893;0;0;2
8;0;2.03594681;0;0;0
8.01;0;1.953141112;0;0;0
8.02;0;1.822649733;0;0;0
8.03;0;1.681203644;0;0;0
8.04;0;1.544912883;0;0;0
8.05;0;1.431820635;0;0;0
8.06;0;1.315506464;0;0;0
8.07;0;1.204669765;0;0;0
8.08;0;1.10221032;0;0;0
8.09;0;0.995562342;0;0;0
8.1;0;0.918234542;0;0;0
8.11;0;0.831563003;0;0;0
8.12;0;0.75939045;0;0;0
8.13;0;0.692373104;0;0;0
8.14;0;0.626322376;0;0;0
8.15;0;0.574126206;0;0;0
8.16;0;0.513230691;0;0;0
8.17;0;0.460067955;0;0;0
8.18;0;0.414315793;0;0;0
8.19;0;0.369208037;0;0;0
8.2;0;0.323778092;0;0;0
8.21;0;0.288658496;0;0;0
8.22;0;0.249994727;0;0;0
8.23;0.185154001;0.218741518;0;0;0
8.24;0.326587685;0.190388096;0;0;0
8.25;0.290045431;0.180077761;0;0;0
8.26;0.190086471;0.176211386;0;0;0
8.27;0.250714961;0.158168302;0;0;0
8.28;0.286283617;0.143669396;0;0;0
8.29;0.247439937;0.13690324;0;0;0
8.3;0.206806268;0.13078148;0;0;0
8.31;0.242630622;0.118215763;0;0;0
8.32;0.256207987;0.108549828;0;0;0
8.33;0.259556853;0.100494882;0;0;0
8.34;0.244238709;0.094695321;0;0;0
8.35;0.272903099;0.085351584;0;0;0
8.36;0.280343357;0.07858543;0;0;0
8.37;0.21081418;0.079229826;0;0;0
8.38;0.241012839;0.070852683;0;0;0
8.39;0.270700071;0.063119936;0;0;0
8.4;0.274304638;0.058286969;0;0;0
8.41;0.23878521;0.057320376;0;0;0
8.42;0.239832652;0.053131805;0;0;0
8.43;0.283584058;0.045399058;0;0;0
8.44;0.286932909;0.041854883;0;0;0
8.45;0.242974973;0.042821476;0;0;0
8.46;0.302069117;0.034444335;0;0;0
8.47;0.263992565;0.035410928;0;0;0
8.48;0.264528578;0.032833346;0;0;0
8.49;0.245630451;0.032188951;0;0;0
8.5;10;0.023489612;0;0;2
8.51;10;0.428492518;0;0;2
8.52;10;0.953354247;0;0;2
8.53;5.67364196;1.541368681;0;0;2
8.54;1.988649681;1.905777562;0;0;2
8.55;0;2.093298644;0;0;2
8.56;2.228109944;1.890956318;0;0;2
8.57;2.013931884;1.918021199;0;0;2
8.58;0.281828963;2.079766187;0;0;2
8.59;3.290170934;1.803317686;0;0;2
8.6;3.005927199;1.842948385;0;0;2
8.61;1.222426384;2.014681529;0;0;2
8.62;2.173797285;1.92800943;0;0;2
8.63;1.998232117;1.948952498;0;0;2
8.64;1.845425553;1.966351357;0;0;2
8.65;2.359012249;1.922532013;0;0;2
8.66;2.159154163;1.946052689;0;0;2
8.67;2.72107092;1.899333542;0;0;2
8.68;1.698321965;1.99857147;0;0;2
8.69;3.063439479;1.875812874;0;0;2
8.7;1.629756569;2.013714926;0;0;2
8.71;2.678554854;1.9183434;0;0;2
8.72;1.819719141;2.001471281;0;0;2
8.73;2.552453676;1.935420054;0;0;2
8.74;2.295826832;1.963129346;0;0;2
8.75;2.27854921;1.96731796;0;0;2
8.76;1.907106235;2.003082287;0;0;2
8.77;2.488201791;1.950563504;0;0;2
8.78;1.983275594;1.999538074;0;0;2
8.79;2.441883652;1.958296329;0;0;2
8.8;2.102660797;1.991805246;0;0;2
8.81;2.327545313;1.972150977;0;0;2
8.82;2.213607398;1.984394619;0;0;2
8.83;2.118592386;1.994060654;0;0;2
8.84;2.298726771;1.978272798;0;0;2
8.85;2.426950993;1.968284563;0;0;2
8.86;2.201521317;1.990838642;0;0;2
8.87;2.07991193;2.002437884;0;0;2
8.88;2.196117557;1.991805246;0;0;2
8.89;2.256321582;1.986972229;0;0;2
8.9;2.041120477;2.007270902;0;0;2
8.91;2.23225062;1.989549838;0;0;2
8.92;2.301404669;1.984072418;0;0;2
8.93;2.467986145;1.97021777;0;0;2
8.94;2.126461818;2.003082287;0;0;2
8.95;2.202775892;1.995993861;0;0;2
8.96;2.316935791;1.986005625;0;0;2
8.97;2.217062185;1.995993861;0;0;2
8.98;2.030501155;2.013070523;0;0;2
8.99;2.302948689;1.987616631;0;0;2
9;0;1.991483045;0;0;0
9.01;0;1.852292209;0;0;0
9.02;0;1.657683008;0;0;0
9.03;0;1.566500301;0;0;0
9.04;0;1.436975836;0;0;0
9.05;0;1.37479124;0;0;0
9.06;0;1.30616267;0;0;0
9.07;0;1.162139422;0;0;0
9.08;0;1.100921522;0;0;0
9.09;0;0.976874787;0;0;0
9.1;0;0.895358407;0;0;0
9.11;0;0.809331276;0;0;0
9.12;0;0.733936744;0;0;0
9.13;0;0.660797631;0;0;0
9.14;0;0.605701665;0;0;0
9.15;0;0.548028126;0;0;0
9.16;0;0.494220984;0;0;0
9.17;0;0.435258683;0;0;0
9.18;0;0.3943395;0;0;0
9.19;0;0.35245373;0;0;0
9.2;0;0.31185676;0;0;0
9.21;0;0.268682214;0;0;0
9.22;0;0.238073399;0;0;0
9.23;0;0.203276014;0;0;0
9.24;0.245912964;0.173633802;0;0;0
9.25;0.315747087;0.154946323;0;0;0
9.26;0.275113408;0.147535771;0;0;0
9.27;0.269000911;0.137547636;0;0;0
9.28;0.224275829;0.131748074;0;0;0
9.29;0.248593109;0.120148951;0;0;0
9.3;0.242736315;0.112094004;0;0;0
9.31;0.236112383;0.104683454;0;0;0
9.32;0.217469964;0.098883893;0;0;0
9.33;0.232070159;0.090506749;0;0;0
9.34;0.242578953;0.083096199;0;0;0
9.35;0.248229209;0.076652243;0;0;0
9.36;0.244673818;0.071497078;0;0;0
9.37;0.245209824;0.066341914;0;0;0
9.38;0.23193736;0.062797738;0;0;0
9.39;0.275177332;0.054420596;0;0;0
9.4;0.246306412;0.053131805;0;0;0
9.41;0.272157939;0.047010047;0;0;0
9.42;0.252748377;0.045399058;0;0;0
9.43;0.26325716;0.041210488;0;0;0
9.44;0.280670177;0.036699719;0;0;0
9.45;0.262283463;0.035733126;0;0;0
9.46;0.262563751;0.033155544;0;0;0
9.47;0.26846971;0.030255764;0;0;0
9.48;0.273097106;0.027678182;0;0;0
9.49;0.2403905;0.028644775;0;0;0
9.5;0.278516213;0.023167414;0;0;0
9.51;0.299509198;0.019623239;0;0;0
9.52;0.240975644;0.023489612;0;0;0
9.53;0.311832534;0.015434669;0;0;0
9.54;0.310322832;0.014468075;0;0;0
9.55;0.345379993;0.010279505;0;0;0
9.56;0.111683485;0.030577962;0;0;0
9.57;0.259254076;0.015112471;0;0;0
9.58;0.40477896;0.000935772;0;0;0
9.59;0.289477272;0.011246098;0;0;0
9.6;0.237592238;0.015112471;0;0;0
9.61;0.329417533;0.005768737;0;0;0
9.62;0.303359444;0.007701923;0;0;0
9.63;0.279347053;0.009312912;0;0;0
9.64;0.339975441;0.003191156;0;0;0
9.65;0.341022858;0.002868958;0;0;0
9.66;0.295786343;0.00673533;0;0;0
9.67;0.301180868;0.005768737;0;0;0
9.68;0.275122776;0.007701923;0;0;0
9.69;0.294070053;0.00544654;0;0;0
9.7;0.296907453;0.004802144;0;0;0
9.71;0.285936387;0.00544654;0;0;0
9.72;0.328153484;0.001257969;0;0;0
9.73;0.237655885;0.009312912;0;0;0
9.74;0.33050402;0.000291376;0;0;0
9.75;0.333852843;-3.08E-05;0;0;0
9.76;0.255118009;0.007057528;0;0;0
9.77;0.356916074;-0.002608403;0;0;0
9.78;0.255167132;0.00673533;0;0;0
9.79;0.325001155;-3.08E-05;0;0;0
9.8;0.307125853;0.001580167;0;0;0
9.81;0.298711906;0.002224562;0;0;0
9.82;0.314846341;0.000613574;0;0;0
9.83;0.296459612;0.002224562;0;0;0
9.84;0.351973743;-0.002930601;0;0;0
9.85;0.29344018;0.00254676;0;0;0
9.86;0.312898873;0.000613574;0;0;0
9.87;0.330311868;-0.000997415;0;0;0
9.88;0.288143891;0.002868958;0;0;0
9.89;0.343146595;-0.002286205;0;0;0
9.9;0.273361687;0.004157749;0;0;0
9.91;0.345241403;-0.002608403;0;0;0
9.92;0.297192042;0.001902365;0;0;0
9.93;0.306422239;0.000935772;0;0;0
9.94;0.3128396;0.000291376;0;0;0
9.95;0.305448496;0.000935772;0;0;0
9.96;0.326185746;-0.000997415;0;0;0
9.97;0.312657545;0.000291376;0;0;0
9.98;0.323166301;-0.000675217;0;0;0
9.99;0.320122305;-0.000353019;0;0;0
10;10;-0.003897194;0;0;5
10.01;10;0.447180021;0;0;5
10.02;10;0.983640971;0;0;5
10.03;10;1.487239049;0;0;5
10.04;10;1.981172608;0;0;5
10.05;10;2.438376719;0;0;5
10.06;10;2.874961312;0;0;5
10.07;10;3.269983012;0;0;5
10.08;10;3.643096023;0;0;5
10.09;10;4.039086869;0;0;5
10.1;7.270024754;4.374181932;0;0;5
10.11;4.179460807;4.697034138;0;0;5
10.12;2.64060359;4.857171786;0;0;5
10.13;5.52495007;4.60778248;0;0;5
10.14;5.367242203;4.649991738;0;0;5
10.15;2.508864507;4.932246466;0;0;5
10.16;6.876647604;4.543985313;0;0;5
10.17;6.139477309;4.642903159;0;0;5
10.18;1.954928304;5.045019697;0;0;5
10.19;3.326177852;4.918391478;0;0;5
10.2;7.16078342;4.57910597;0;0;5
10.21;7.37668333;4.589738832;0;0;5
10.22;4.673530132;4.862327127;0;0;5
10.23;4.163437489;4.918069269;0;0;5
10.24;4.482648793;4.895192432;0;0;5
10.25;4.805695864;4.873604437;0;0;5
10.26;4.605281626;4.900669984;0;0;5
10.27;5.299891534;4.845250061;0;0;5
10.28;4.781871632;4.902925447;0;0;5
10.29;5.743198636;4.823339868;0;0;5
10.3;4.941839745;4.90808079;0;0;5
10.31;5.218857024;4.889714881;0;0;5
10.32;4.203714427;4.988955274;0;0;5
10.33;6.410659675;4.791119003;0;0;5
10.34;3.322128393;5.084007044;0;0;5
10.35;3.749510419;5.039542137;0;0;5
10.36;8.272008748;4.629692627;0;0;5
10.37;6.682775608;4.799174218;0;0;5
10.38;2.481598209;5.191625092;0;0;5
10.39;2.891591686;5.14103815;0;0;5
10.4;7.985118737;4.672546311;0;0;5
10.41;7.314178907;4.756320481;0;0;5
10.42;5.441860117;4.942234947;0;0;5
10.43;2.870649921;5.177770067;0;0;5
10.44;4.985028032;4.974778069;0;0;5
10.45;3.984716423;5.06660773;0;0;5
10.46;6.05127236;4.875859899;0;0;5
10.47;5.544759732;4.930313212;0;0;5
10.48;4.590478445;5.021176203;0;0;5
10.49;4.179860673;5.056619237;0;0;5
10.5;5.534744202;4.930635421;0;0;5
10.51;4.458483722;5.03245353;0;0;5
10.52;5.757363979;4.913236134;0;0;5
10.53;4.358383051;5.045341906;0;0;5
10.54;4.970395819;4.987022019;0;0;5
10.55;5.127479914;4.973811442;0;0;5
10.56;4.736552891;5.010865505;0;0;5
10.57;5.712456927;4.922257986;0;0;5
10.58;4.445939676;5.041797603;0;0;5
10.59;6.120474574;4.888103836;0;0;5
10.6;4.039740107;5.083362625;0;0;5
10.61;6.200401782;4.882948494;0;0;5
10.62;3.128489629;5.167781562;0;0;5
10.63;3.736411646;5.101084151;0;0;5
10.64;7.50479198;4.754709439;0;0;5
10.65;6.847404679;4.831395085;0;0;5
10.66;3.22211193;5.169714821;0;0;5
10.67;3.155439717;5.163592834;0;0;5
10.68;6.867052249;4.81786232;0;0;5
10.69;3.560389441;5.128471971;0;0;5
10.7;4.081365819;5.072407501;0;0;5
10.71;6.250721787;4.871993392;0;0;5
10.72;4.515723309;5.037286671;0;0;5
10.73;5.402636551;4.954801102;0;0;5
10.74;5.810838953;4.921291359;0;0;5
10.75;4.555829185;5.039864346;0;0;5
10.76;5.433536479;4.958023193;0;0;5
10.77;4.360600087;5.057585865;0;0;5
10.78;5.431888643;4.957056566;0;0;5
10.79;4.549464873;5.039542137;0;0;5
10.8;5.735316399;4.929991003;0;0;5
10.81;4.351678537;5.059519122;0;0;5
10.82;5.471554176;4.954478893;0;0;5
10.83;4.362049626;5.057585865;0;0;5
10.84;5.755547086;4.928057748;0;0;5
10.85;4.298261412;5.064352264;0;0;5
10.86;6.112420474;4.896481268;0;0;5
10.87;4.064418217;5.088195768;0;0;5
10.88;6.0601398;4.902281029;0;0;5
10.89;6.098313436;4.905825328;0;0;5
10.9;3.248111545;5.169070401;0;0;5
10.91;6.092573868;4.900992193;0;0;5
10.92;6.199792241;4.898414522;0;0;5
10.93;3.183627013;5.177125647;0;0;5
10.94;5.763929464;4.932246466;0;0;5
10.95;5.799801596;4.933857511;0;0;5
10.96;2.118246331;5.26992213;0;0;5
10.97;2.655845549;5.202258019;0;0;5
10.98;7.901273742;4.715722221;0;0;5
10.99;7.636418386;4.759864775;0;0;5
11;4.81255993;5.031164693;1;0;5
11.01;3.477507873;5.149093394;1;0;5
11.02;5.815130105;4.928057748;1;0;5
11.03;4.708694505;5.03277574;1;0;5
11.04;6.845061634;4.838161469;1;0;5
11.05;7.54990004;4.786285874;1;0;5
11.06;5.428252256;4.992499576;1;0;5
11.07;6.329229794;4.911947298;1;0;5
11.08;6.198627366;4.929991003;1;0;5
11.09;5.616932323;4.987344228;1;0;5
11.1;6.221273115;4.933857511;1;0;5
11.11;6.230805947;4.93772402;1;0;5
11.12;5.653713845;4.994110622;1;0;5
11.13;6.284905414;4.93772402;1;0;5
11.14;6.183966615;4.951256802;1;0;5
11.15;5.606874432;5.006676784;1;0;5
11.16;6.310435219;4.942879365;1;0;5
11.17;6.20898497;4.956089938;1;0;5
11.18;5.588675818;5.015054226;1;0;5
11.19;6.335709293;4.946745874;1;0;5
11.2;6.134527689;4.968656095;1;0;5
11.21;5.633128982;5.016020854;1;0;5
11.22;6.382975399;4.947390292;1;0;5
11.23;6.12042065;4.974778069;1;0;5
11.24;5.55330147;5.02762039;1;0;5
11.25;6.301102198;4.958345402;1;0;5
11.26;6.05849369;4.983155508;1;0;5
11.27;5.681631312;5.018276319;1;0;5
11.28;6.472648885;4.945779247;1;0;5
11.29;6.139770744;4.979611207;1;0;5
11.3;5.550915202;5.034064577;1;0;5
11.31;6.354463242;4.95931203;1;0;5
11.32;6.107507467;4.984444345;1;0;5
11.33;5.650859956;5.026653762;1;0;5
11.34;6.41016814;4.956412147;1;0;5
11.35;6.068851152;4.990244111;1;0;5
11.36;5.593280218;5.033742368;1;0;5
11.37;6.404244176;4.958345402;1;0;5
11.38;6.072133154;4.991210739;1;0;5
11.39;5.613695562;5.033097949;1;0;5
11.4;6.421590858;4.958023193;1;0;5
11.41;6.082575357;4.991532948;1;0;5
11.42;5.573760609;5.03793109;1;0;5
11.43;6.377820122;4.96285633;1;0;5
11.44;6.099410596;4.990566321;1;0;5
11.45;5.620003836;5.034386787;1;0;5
11.46;6.412555859;4.960600866;1;0;5
11.47;6.110875685;4.990566321;1;0;5
11.48;5.613568414;5.035997834;1;0;5
11.49;6.379781144;4.964467376;1;0;5
11.5;6.089352703;4.993143995;1;0;5
11.51;5.643701182;5.033742368;1;0;5
11.52;6.411703945;4.962211912;1;0;5
11.53;6.126645662;4.990566321;1;0;5
11.54;5.511195007;5.046630744;1;0;5
11.55;6.365631708;4.966400631;1;0;5
11.56;6.105889839;4.992177367;1;0;5
11.57;5.646685078;5.034064577;1;0;5
11.58;6.371470925;4.966400631;1;0;5
11.59;6.169010667;4.987022019;1;0;5
11.6;5.627975021;5.036642252;1;0;5
11.61;6.339974815;4.969944932;1;0;5
11.62;6.17766282;4.98669981;1;0;5
11.63;5.601081873;5.039542137;1;0;5
11.64;6.393122492;4.965434003;1;0;5
11.65;6.112667187;4.993143995;1;0;5
11.66;5.563192695;5.04308644;1;0;5
11.67;6.384641304;4.966078422;1;0;5
11.68;6.110834755;4.993143995;1;0;5
11.69;5.586420981;5.040830975;1;0;5
11.7;6.384598924;4.966078422;1;0;5
11.71;6.171654087;4.987666438;1;0;5
11.72;5.587145765;5.041153184;1;0;5
11.73;6.31346599;4.972844814;1;0;5
11.74;6.109471389;4.993143995;1;0;5
11.75;5.631598947;5.036642252;1;0;5
11.76;6.293477341;4.97445586;1;0;5
11.77;6.195607148;4.985088764;1;0;5
11.78;5.631045126;5.036964462;1;0;5
11.79;6.349949401;4.969622722;1;0;5
11.8;6.134191619;4.991210739;1;0;5
11.81;5.614892287;5.038575509;1;0;5
11.82;6.353998566;4.969300513;1;0;5
11.83;6.174297513;4.987666438;1;0;5
11.84;5.557568267;5.044053069;1;0;5
11.85;6.317388022;4.972522605;1;0;5
11.86;6.120809344;4.992177367;1;0;5
11.87;5.647284174;5.035353415;1;0;5
11.88;6.360306845;4.968656095;1;0;5
11.89;6.163216733;4.988633065;1;0;5
11.9;5.599421856;5.040186556;1;0;5
11.91;6.305028639;4.973811442;1;0;5
11.92;6.14322808;4.990244111;1;0;5
11.93;5.656916839;5.034708996;1;0;5
11.94;6.31316935;4.973167023;1;0;5
11.95;6.18052104;4.987022019;1;0;5
11.96;5.510601701;5.048241791;1;0;5
11.97;6.331538909;4.970911559;1;0;5
11.98;6.129078641;4.991210739;1;0;5
11.99;5.692121662;5.031164693;1;0;5
12;6.329706486;4.971555977;1;1;5
12.01;6.137475076;4.99088853;1;1;5
12.02;6.935908365;4.919680314;1;1;5
12.03;7.482967261;4.876182108;1;1;5
12.04;7.226805774;4.90808079;1;1;5
12.05;6.662499922;4.965434003;1;1;5
12.06;7.223367975;4.917424851;1;1;5
12.07;6.981015306;4.945134829;1;1;5
12.08;6.598527204;4.983477718;1;1;5
12.09;7.188036136;4.931602048;1;1;5
12.1;6.963072479;4.956734357;1;1;5
12.11;6.664460974;4.98669981;1;1;5
12.12;7.212031624;4.938368438;1;1;5
12.13;6.913675901;4.969622722;1;1;5
12.14;6.594095193;5.000554808;1;1;5
12.15;7.012526608;4.96285633;1;1;5
12.16;6.9847241;4.968011677;1;1;5
12.17;6.791725531;4.987666438;1;1;5
12.18;7.306308131;4.942234947;1;1;5
12.19;6.915381233;4.981544462;1;1;5
12.2;6.597079092;5.011509923;1;1;5
12.21;7.232362303;4.953512265;1;1;5
12.22;6.921987621;4.984766555;1;1;5
12.23;6.679890486;5.007643412;1;1;5
12.24;7.26812094;4.954156684;1;1;5
12.25;6.921433808;4.988633065;1;1;5
12.26;6.715649119;5.007965621;1;1;5
12.27;7.178320369;4.965756213;1;1;5
12.28;6.865388431;4.996366087;1;1;5
12.29;6.685687323;5.012798761;1;1;5
12.3;7.259085965;4.960278657;1;1;5
12.31;6.932600807;4.992499576;1;1;5
12.32;6.637825014;5.019565156;1;1;5
12.33;7.23807444;4.964145167;1;1;5
12.34;7.033824135;4.985088764;1;1;5
12.35;6.623206502;5.023109459;1;1;5
12.36;7.213482813;4.968333886;1;1;5
12.37;6.919985701;4.997010506;1;1;5
12.38;6.639530302;5.02246504;1;1;5
12.39;7.219577752;4.968656095;1;1;5
12.4;6.93656522;4.996366087;1;1;5
12.41;6.681681979;5.019565156;1;1;5
12.42;7.260450806;4.966078422;1;1;5
12.43;6.947263146;4.996688296;1;1;5
12.44;6.602621635;5.027942599;1;1;5
12.45;7.206962652;4.971555977;1;1;5
12.46;6.921648617;4.99926597;1;1;5
12.47;6.711005197;5.018276319;1;1;5
12.48;7.276476504;4.966078422;1;1;5
12.49;6.913167431;5.001199226;1;1;5
12.5;6.632967741;5.026331553;1;1;5
12.51;7.209946557;4.972522605;1;1;5
12.52;6.927445456;4.999910389;1;1;5
12.53;6.716290591;5.018920738;1;1;5
12.54;7.25260966;4.969300513;1;1;5
12.55;6.969085684;4.997010506;1;1;5
12.56;6.659989469;5.025042715;1;1;5
12.57;7.198610063;4.974778069;1;1;5
12.58;6.946539814;4.99926597;1;1;5
12.59;6.66787446;5.024398296;1;1;5
12.6;7.232067193;4.971878187;1;1;5
12.61;6.967978043;4.997654924;1;1;5
12.62;6.654790281;5.026009343;1;1;5
12.63;7.196223816;4.975422488;1;1;5
12.64;7.004503838;4.994432832;1;1;5
12.65;6.661652386;5.025687134;1;1;5
12.66;7.22482224;4.973167023;1;1;5
12.67;7.013411713;4.994110622;1;1;5
12.68;6.613534351;5.030520274;1;1;5
12.69;7.212249511;4.97445586;1;1;5
12.7;7.021296701;4.993466204;1;1;5
12.71;6.625510886;5.029553646;1;1;5
12.72;7.221413105;4.973811442;1;1;5
12.73;7.052452344;4.99088853;1;1;5
12.74;6.569209757;5.035031205;1;1;5
12.75;7.214466247;4.97445586;1;1;5
12.76;7.059314443;4.990244111;1;1;5
12.77;6.601644019;5.032131321;1;1;5
12.78;7.216981083;4.97445586;1;1;5
12.79;7.06182928;4.990244111;1;1;5
12.8;6.554037424;5.036642252;1;1;5
12.81;7.215915817;4.97445586;1;1;5
12.82;7.078664517;4.988633065;1;1;5
12.83;6.564991072;5.035675624;1;1;5
12.84;7.213316223;4.974778069;1;1;5
12.85;7.075809201;4.988955274;1;1;5
12.86;6.554719828;5.036642252;1;1;5
12.87;7.205857921;4.975422488;1;1;5
12.88;7.103640461;4.986377601;1;1;5
12.89;6.584596875;5.034064577;1;1;5
12.9;7.17333892;4.97864458;1;1;5
12.91;7.111525448;4.985733182;1;1;5
12.92;6.578672899;5.034708996;1;1;5
12.93;7.181223906;4.978000161;1;1;5
12.94;7.119921878;4.985088764;1;1;5
12.95;6.591160878;5.033742368;1;1;5
12.96;7.162258142;4.979933416;1;1;5
12.97;7.135222788;4.983799927;1;1;5
12.98;6.578843863;5.035031205;1;1;5
12.99;7.148918248;4.981222253;1;1;5
13;7.14234061;4.983155508;0;0;5
13.01;6.586473132;5.034386787;0;0;5
13.02;5.599714204;5.120738939;0;0;5
13.03;5.081437158;5.158759687;0;0;5
13.04;4.103371681;5.235445648;0;0;5
13.05;5.441635778;5.098184265;0;0;5
13.06;4.153635745;5.207091168;0;0;5
13.07;4.952326534;5.120416729;0;0;5
13.08;5.429574456;5.068863197;0;0;5
13.09;4.805684534;5.12009452;0;0;5
13.1;5.301088694;5.06692994;0;0;5
13.11;4.642932059;5.121383358;0;0;5
13.12;5.64210782;5.02278725;0;0;5
13.13;4.32086485;5.140071521;0;0;5
13.14;5.792102788;4.997654924;0;0;5
13.15;3.896508803;5.168425981;0;0;5
13.16;6.580378156;4.914847179;0;0;5
13.17;6.107364812;4.963500748;0;0;5
13.18;3.19706663;5.228034818;0;0;5
13.19;5.611662895;4.994432832;0;0;5
13.2;2.558670858;5.26959992;0;0;5
13.21;3.590580651;5.157470848;0;0;5
13.22;8.087511937;4.741498892;0;0;5
13.23;7.154201711;4.843961226;0;0;5
13.24;2.666869378;5.258966985;0;0;5
13.25;2.833671545;5.225457137;0;0;5
13.26;7.584536725;4.781774954;0;0;5
13.27;8.094259849;4.751487354;0;0;5
13.28;3.060965072;5.222235037;0;0;5
13.29;2.369052276;5.268633289;0;0;5
13.3;6.484196777;4.879081987;0;0;5
13.31;6.794969197;4.859749457;0;0;5
13.32;3.777270783;5.14136036;0;0;5
13.33;3.743842401;5.134271746;0;0;5
13.34;5.82114;4.93772402;0;0;5
13.35;4.739253569;5.039542137;0;0;5
13.36;6.114850301;4.912913925;0;0;5
13.37;4.132568208;5.097539846;0;0;5
13.38;6.239017279;4.900992193;0;0;5
13.39;6.303274485;4.902281029;0;0;5
13.4;3.208858217;5.187758573;0;0;5
13.41;6.224654321;4.902925447;0;0;5
13.42;6.495022838;4.885526165;0;0;5
13.43;1.892357924;5.307942937;0;0;5
13.44;2.181395484;5.259933615;0;0;5
13.45;7.645979422;4.749554103;0;0;5
13.46;7.826845471;4.751165146;0;0;5
13.47;4.67336212;5.052752723;0;0;5
13.48;5.433437664;4.980577835;0;0;5
13.49;3.712502037;5.136849424;0;0;5
13.5;5.780593719;4.940946111;0;0;5
13.51;3.267688163;5.17132587;0;0;5
13.52;5.433721863;4.964145167;0;0;5
13.53;6.185357978;4.89905894;0;0;5
13.54;3.977785294;5.104950667;0;0;5
13.55;6.554505821;4.865549216;0;0;5
13.56;6.00605496;4.924513449;0;0;5
13.57;3.373727666;5.166814932;0;0;5
13.58;5.722346331;4.943523783;0;0;5
13.59;2.455572113;5.24156764;0;0;5
13.6;3.266282155;5.151348862;0;0;5
13.61;8.161881875;4.699934013;0;0;5
13.62;7.576608325;4.774041949;0;0;5
13.63;2.679356605;5.230934708;0;0;5
13.64;4.687099969;5.033742368;0;0;5
13.65;2.891748364;5.192913931;0;0;5
13.66;5.409399489;4.952545638;0;0;5
13.67;6.528251129;4.855238534;0;0;5
13.68;3.084520144;5.175514598;0;0;5
13.69;3.442857726;5.130727439;0;0;5
13.7;7.259314667;4.777908452;0;0;5
13.71;3.526109218;5.12976081;0;0;5
13.72;3.623610397;5.111717069;0;0;5
13.73;8.421778703;4.671901894;0;0;5
13.74;7.053232113;4.818506737;0;0;5
13.75;5.274761922;4.991532948;0;0;5
13.76;2.589242719;5.233834598;0;0;5
13.77;4.211613628;5.071118663;0;0;5
13.78;5.873618656;4.916458224;0;0;5
13.79;3.999506795;5.091095654;0;0;5
13.8;6.265014329;4.880693032;0;0;5
13.81;3.10180951;5.173903549;0;0;5
13.82;4.345711454;5.049530629;0;0;5
13.83;5.423392962;4.949001338;0;0;5
13.84;5.181040207;4.97445586;0;0;5
13.85;5.609444664;4.93772402;0;0;5
13.86;4.946430142;5.001843645;0;0;5
13.87;5.374578982;4.963178539;0;0;5
13.88;5.253438157;4.976711324;0;0;5
13.89;4.677624436;5.030198065;0;0;5
13.9;5.273015222;4.97445586;0;0;5
13.91;4.94959868;5.005387947;0;0;5
13.92;4.931002131;5.006676784;0;0;5
13.93;5.183470361;4.983477718;0;0;5
13.94;5.056959355;4.996043878;0;0;5
13.95;4.805911943;5.018920738;0;0;5
13.96;5.381612117;4.965756213;0;0;5
13.97;5.143862301;4.989599693;0;0;5
13.98;4.575720156;5.041475393;0;0;5
13.99;5.591772732;4.947068083;0;0;5
14;5.118247783;4.993466204;1;1;5
14.01;5.159234343;4.990244111;1;1;5
14.02;7.676624829;4.764375694;1;1;5
14.03;7.63808232;4.784674832;1;1;5
14.04;7.035674827;4.854271907;1;1;5
14.05;7.283795535;4.842350182;1;1;5
14.06;6.914861122;4.886815001;1;1;5
14.07;6.632360307;4.920324732;1;1;5
14.08;7.239769405;4.871348975;1;1;5
14.09;6.948062681;4.906791954;1;1;5
14.1;6.635386676;4.941590529;1;1;5
14.11;7.322580899;4.883915121;1;1;5
14.12;6.895597556;4.930635421;1;1;5
14.13;6.674981166;4.95544552;1;1;5
14.14;7.394140624;4.893903597;1;1;5
14.15;6.894788088;4.946423665;1;1;5
14.16;6.633000506;4.973811442;1;1;5
14.17;7.323263576;4.913558343;1;1;5
14.18;6.919295013;4.956089938;1;1;5
14.19;6.757238766;4.973811442;1;1;5
14.2;7.365159581;4.92096915;1;1;5
14.21;6.833585995;4.97445586;1;1;5
14.22;6.699914796;4.988310856;1;1;5
14.23;7.32138892;4.933213093;1;1;5
14.24;6.955522762;4.970911559;1;1;5
14.25;6.796023701;4.987344228;1;1;5
14.26;7.368143602;4.936757393;1;1;5
14.27;6.827619675;4.989921902;1;1;5
14.28;6.667353415;5.005065737;1;1;5
14.29;7.332811709;4.94481262;1;1;5
14.3;6.932678828;4.984766555;1;1;5
14.31;6.812305131;4.996688296;1;1;5
14.32;7.334047972;4.949967965;1;1;5
14.33;6.79019959;5.002488063;1;1;5
14.34;6.709462707;5.009576667;1;1;5
14.35;7.117153858;4.972200396;1;1;5
14.36;6.978112512;4.98669981;1;1;5
14.37;6.823983573;5.001521435;1;1;5
14.38;7.413492602;4.94835692;1;1;5
14.39;6.842282028;5.003454691;1;1;5
14.4;6.653374932;5.020209575;1;1;5
14.41;7.346195509;4.956412147;1;1;5
14.42;6.965497412;4.993788413;1;1;5
14.43;6.791422183;5.009898877;1;1;5
14.44;7.324161107;4.961245284;1;1;5
14.45;6.835804235;5.007965621;1;1;5
14.46;6.668377741;5.02246504;1;1;5
14.47;7.38088888;4.956734357;1;1;5
14.48;6.942653446;4.99926597;1;1;5
14.49;6.724849823;5.018920738;1;1;5
14.5;7.393632581;4.957378775;0;0;5
14.51;6.865383171;5.007965621;0;0;5
14.52;5.08690965;5.167459352;0;0;5
14.53;5.072148982;5.156826428;0;0;5
14.54;4.500170167;5.19710266;0;0;5
14.55;4.988158841;5.139104892;0;0;5
14.56;5.371812707;5.09463996;0;0;5
14.57;4.061564898;5.205802328;0;0;5
14.58;5.731243823;5.040830975;0;0;5
14.59;4.127172153;5.182281005;0;0;5
14.6;6.545858838;4.951579011;0;0;5
14.61;2.352602575;5.332430923;0;0;5
14.62;3.28094569;5.225134927;0;0;5
14.63;8.569080422;4.733121473;0;0;5
14.64;7.527855982;4.845894479;0;0;5
14.65;3.848093934;5.188080783;0;0;5
14.66;4.124856291;5.149737813;0;0;5
14.67;3.680227061;5.179058906;0;0;5
14.68;4.411662776;5.100439732;0;0;5
14.69;5.506222443;4.994755041;0;0;5
14.7;4.167846468;5.115583584;0;0;5
14.71;6.381698845;4.90808079;0;0;5
14.72;3.579828341;5.166814932;0;0;5
14.73;3.694462956;5.144582457;0;0;5
14.74;7.9510161;4.751165146;0;0;5
14.75;7.922958179;4.771464281;0;0;5
14.76;4.3273313;5.111394859;0;0;5
14.77;2.105177947;5.303431993;0;0;5
14.78;6.228506966;4.910658462;0;0;5
14.79;6.464097408;4.89583685;0;0;5
14.8;1.448696088;5.354663442;0;0;5
14.81;3.061095995;5.184214264;0;0;5
14.82;8.36022463;4.694134263;0;0;5
14.83;7.052795045;4.833650546;0;0;5
14.84;5.759939633;4.961889703;0;0;5
14.85;2.145638326;5.289899162;0;0;5
14.86;3.412045379;5.155215379;0;0;5
14.87;6.425027582;4.872960019;0;0;5
14.88;3.357463004;5.158115268;0;0;5
14.89;3.797631479;5.107206134;0;0;5
14.9;7.618434815;4.755676064;0;0;5
14.91;4.228664492;5.078207272;0;0;5
14.92;4.066352342;5.087229139;0;0;5
14.93;6.807501092;4.834294964;0;0;5
14.94;5.464012833;4.967045049;0;0;5
14.95;4.290833446;5.074985177;0;0;5
14.96;5.760024663;4.937401811;0;0;5
14.97;4.177179498;5.084329254;0;0;5
14.98;5.742777798;4.937401811;0;0;5
14.99;4.034628981;5.095606588;0;0;5
15;10;4.881659658;1;1;7
15.01;10;5.104306247;1;1;7
15.02;10;5.131049649;1;1;7
15.03;10;5.496113937;1;1;7
15.04;10;5.643686666;1;1;7
15.05;10;5.75194978;1;1;7
15.06;10;5.831858352;1;1;7
15.07;10;5.959132232;1;1;7
15.08;10;6.077384331;1;1;7
15.09;10;6.202403073;1;1;7
15.1;10;6.282634268;1;1;7
15.11;10;6.336121774;1;1;7
15.12;10;6.424408452;1;1;7
15.13;10;6.50689536;1;1;7
15.14;9.261254211;6.6183817;1;1;7
15.15;8.697725253;6.696357785;1;1;7
15.16;8.000706265;6.780778258;1;1;7
15.17;8.024324406;6.794311319;1;1;7
15.18;8.516945165;6.764667474;1;1;7
15.19;9.158398619;6.723746097;1;1;7
15.2;9.68912237;6.695713354;1;1;7
15.21;9.522480229;6.732445915;1;1;7
15.22;9.330265261;6.768856277;1;1;7
15.23;9.026809011;6.81267762;1;1;7
15.24;8.957086826;6.832332788;1;1;7
15.25;8.961269643;6.843932562;1;1;7
15.26;9.027849792;6.849088017;1;1;7
15.27;9.068857251;6.856176769;1;1;7
15.28;9.233125048;6.851665745;1;1;7
15.29;9.272086689;6.858754498;1;1;7
15.3;9.362705152;6.860687794;1;1;7
15.31;9.530553127;6.855532337;1;1;7
15.32;9.437559688;6.874220868;1;1;7
15.33;9.354795282;6.89065389;1;1;7
15.34;9.004796073;6.92996427;1;1;7
15.35;9.171365472;6.919975565;1;1;7
15.36;9.08092916;6.933830866;1;1;7
15.37;9.036779434;6.942530707;1;1;7
15.38;8.989305245;6.950908332;1;1;7
15.39;9.10345061;6.944141789;1;1;7
15.4;9.094079765;6.948975034;1;1;7
15.41;9.166797332;6.946075087;1;1;7
15.42;9.234656083;6.943819572;1;1;7
15.43;9.365167978;6.93608638;1;1;7
15.44;9.469595703;6.931253135;1;1;7
15.45;9.413171079;6.941241841;1;1;7
15.46;9.466964839;6.940597409;1;1;7
15.47;9.206214184;6.968308019;1;1;7
15.48;9.23494668;6.967985803;1;1;7
15.49;9.056284385;6.986352143;1;1;7
15.5;9.124398879;6.981196679;0;0;7
15.51;9.035496833;6.990540958;0;0;7
15.52;7.349576278;7.142949533;0;0;7
15.53;6.065401733;7.248314619;0;0;7
15.54;7.017568082;7.144882836;0;0;7
15.55;5.728278949;7.250570143;0;0;7
15.56;6.617792019;7.152616049;0;0;7
15.57;6.772342712;7.127805328;0;0;7
15.58;6.538442944;7.139727362;0;0;7
15.59;6.914453746;7.09590584;0;0;7
15.6;6.852658741;7.094616973;0;0;7
15.61;7.350395576;7.043062274;0;0;7
15.62;7.266096565;7.047573308;0;0;7
15.63;7.278462533;7.043062274;0;0;7
15.64;7.018734464;7.063361932;0;0;7
15.65;6.911164236;7.068517402;0;0;7
15.66;6.570370449;7.094294756;0;0;7
15.67;7.032561168;7.045962224;0;0;7
15.68;6.77411173;7.065939667;0;0;7
15.69;6.650174939;7.072384004;0;0;7
15.7;7.029509845;7.033073554;0;0;7
15.71;6.315865401;7.094939189;0;0;7
15.72;7.300251448;6.999563022;0;0;7
15.73;6.305306969;7.089139284;0;0;7
15.74;7.154668925;7.006329571;0;0;7
15.75;6.458669903;7.068517402;0;0;7
15.76;6.493795635;7.060461981;0;0;7
15.77;7.061601547;7.005040705;0;0;7
15.78;7.272411889;6.98570771;0;0;7
15.79;7.333877484;6.981196679;0;0;7
15.8;7.094607794;7.004074055;0;0;7
15.81;6.919525609;7.019540453;0;0;7
15.82;7.000682232;7.010840604;0;0;7
15.83;6.540975396;7.05143991;0;0;7
15.84;7.008536137;7.005685138;0;0;7
15.85;6.585142629;7.04338449;0;0;7
15.86;6.837125178;7.017607153;0;0;7
15.87;6.604760024;7.037262372;0;0;7
15.88;6.789997713;7.01792937;0;0;7
15.89;6.768607665;7.018573803;0;0;7
15.9;6.750286346;7.01889602;0;0;7
15.91;6.989482455;6.99601864;0;0;7
15.92;6.609562658;7.030495821;0;0;7
15.93;7.272754619;6.968630236;0;0;7
15.94;6.928892505;7.001818538;0;0;7
15.95;7.246085374;6.973141267;0;0;7
15.96;7.2853027;6.971530184;0;0;7
15.97;7.042964315;6.995374207;0;0;7
15.98;6.685037079;7.027918087;0;0;7
15.99;6.702261867;7.024373703;0;0;7
16;6.772422222;7.016318287;1;1;7
16.01;6.505278142;7.039195672;1;1;7
16.02;9.825216496;6.737601364;1;1;7
16.03;9.761376258;6.762089749;1;1;7
16.04;9.459710147;6.806233303;1;1;7
16.05;9.387942178;6.826532902;1;1;7
16.06;9.321544419;6.84489921;1;1;7
16.07;9.394517751;6.849410233;1;1;7
16.08;9.52477389;6.848443586;1;1;7
16.09;9.383703826;6.871965356;1;1;7
16.1;9.317050236;6.887109512;1;1;7
16.11;9.002085668;6.923519944;1;1;7
16.12;9.098585862;6.920297781;1;1;7
16.13;9.032955091;6.931897568;1;1;7
16.14;9.076264052;6.932864217;1;1;7
16.15;9.047202241;6.940275192;1;1;7
16.16;9.083862296;6.941241841;1;1;7
16.17;8.972967785;6.955419362;1;1;7
16.18;9.312664481;6.928030972;1;1;7
16.19;9.355461989;6.929319837;1;1;7
16.2;9.404396947;6.92996427;1;1;7
16.21;9.517263675;6.924808809;1;1;7
16.22;9.372868945;6.943175139;1;1;7
16.23;9.385746375;6.946075087;1;1;7
16.24;9.113487987;6.974430132;1;1;7
16.25;9.234026565;6.965408071;1;1;7
16.26;9.060990288;6.983452195;1;1;7
16.27;9.152887426;6.976363431;1;1;7
16.28;9.067821307;6.98570771;1;1;7
16.29;9.086324725;6.985063277;1;1;7
16.3;9.019415233;6.992152041;1;1;7
16.31;9.082926651;6.986996576;1;1;7
16.32;9.161270248;6.980874462;1;1;7
16.33;9.287434832;6.970885751;1;1;7
16.34;9.314121522;6.970563535;1;1;7
16.35;9.401927016;6.964763638;1;1;7
16.36;9.487175234;6.959608176;1;1;7
16.37;9.379605145;6.972174617;1;1;7
16.38;9.369467115;6.975074565;1;1;7
16.39;9.138636447;6.997629723;1;1;7
16.4;9.201380688;6.992152041;1;1;7
16.41;9.093043364;7.002462972;1;1;7
16.42;9.148371516;6.997307506;1;1;7
16.43;9.050263279;7.006329571;1;1;7
16.44;9.088201976;7.002462972;1;1;7
16.45;9.093407576;7.001818538;1;1;7
16.46;9.102704812;7.000851889;1;1;7
16.47;9.12708996;6.998596373;1;1;7
16.48;9.253510296;6.987318793;1;1;7
16.49;9.295796351;6.984418844;1;0;7
16.5;9.304582135;6.984741061;0;0;7
16.51;8.582754823;7.050795476;0;0;7
16.52;7.092464957;7.181293386;0;0;7
16.53;6.676486821;7.205781907;0;0;7
16.54;6.398601744;7.216092865;0;0;7
16.55;6.993260302;7.147138357;0;0;7
16.56;6.826361203;7.151649398;0;0;7
16.57;6.634400775;7.158093742;0;0;7
16.58;6.687939036;7.141982882;0;0;7
16.59;6.754263652;7.125872025;0;0;7
16.6;6.926459488;7.101383529;0;0;7
16.61;6.548840812;7.128127545;0;0;7
16.62;7.284915934;7.052728777;0;0;7
16.63;6.169011612;7.149393877;0;0;7
16.64;7.278449082;7.038873456;0;0;7
16.65;6.36687139;7.118138815;0;0;7
16.66;6.462860371;7.101061312;0;0;7
16.67;7.055727878;7.040484539;0;0;7
16.68;6.55459303;7.082694945;0;0;7
16.69;6.693032712;7.064328583;0;0;7
16.7;7.476161057;6.989252092;0;0;7
16.71;6.972724962;7.035329072;0;0;7
16.72;7.223940314;7.01019617;0;0;7
16.73;7.208687735;7.010840604;0;0;7
16.74;7.017494722;7.027273654;0;0;7
16.75;6.748816252;7.049506609;0;0;7
16.76;6.78112898;7.043062274;0;0;7
16.77;6.739792199;7.043706707;0;0;7
16.78;6.511774357;7.061106414;0;0;7
16.79;7.164993211;6.997951939;0;0;7
16.8;6.250091499;7.080439427;0;0;7
16.81;6.723278428;7.032106904;0;0;7
16.82;6.980631228;7.006651788;0;0;7
16.83;6.474126301;7.051762127;0;0;7
16.84;7.360312599;6.968308019;0;0;7
16.85;6.368692965;7.059817547;0;0;7
16.86;7.638725847;6.941241841;0;0;7
16.87;6.256866405;7.069806269;0;0;7
16.88;7.694400709;6.935441947;0;0;7
16.89;6.095172947;7.083983813;0;0;7
16.9;8.183788578;6.890009458;0;0;7
16.91;4.94151132;7.189671037;0;0;7
16.92;5.471214814;7.128449762;0;0;7
16.93;8.766862628;6.822666311;0;0;7
16.94;6.029138668;7.081728295;0;0;7
16.95;6.44043957;7.038873456;0;0;7
16.96;9.484960463;6.762089749;0;0;7
16.97;8.363434203;6.880020758;0;0;7
16.98;4.613537314;7.226081608;0;0;7
16.99;6.06309365;7.079472776;1;0;7
17;7.772210298;6.919975565;1;1;7
17.01;9.457541239;6.774011728;1;1;7
17.02;10;6.68282474;1;1;7
17.03;10;6.735345855;1;1;7
17.04;9.346903169;6.800111203;1;1;7
17.05;8.803830718;6.863265522;1;1;7
17.06;8.744081785;6.878409677;1;1;7
17.07;8.879963932;6.8748653;1;1;7
17.08;9.040140132;6.869387627;1;1;7
17.09;9.072197154;6.875831948;1;1;7
17.1;9.224445821;6.870998707;1;1;7
17.11;9.326827741;6.870998707;1;1;7
17.12;9.404148424;6.87325422;1;1;7
17.13;9.511900609;6.872609788;1;1;7
17.14;9.419674332;6.890009458;1;1;7
17.15;9.388822496;6.900642591;1;1;7
17.16;9.102499309;6.933508649;1;1;7
17.17;9.201812513;6.929319837;1;1;7
17.18;9.10037994;6.943497356;1;1;7
17.19;9.084360213;6.948975034;1;1;7
17.2;9.063993118;6.954452713;1;1;7
17.21;9.132363348;6.951552765;1;1;7
17.22;9.074148629;6.960252608;1;1;7
17.23;9.137915771;6.957352661;1;1;7
17.24;9.189663735;6.955741578;1;1;7
17.25;9.267751597;6.951874982;1;1;7
17.26;9.420511781;6.941564058;1;1;7
17.27;9.434667857;6.944464005;1;1;7
17.28;9.489484547;6.943497356;1;1;7
17.29;9.294455796;6.965085855;1;1;7
17.3;9.272042872;6.969596885;1;1;7
17.31;9.081361413;6.988929876;1;1;7
17.32;9.147430111;6.983774411;1;1;7
17.33;9.08512372;6.990540958;1;1;7
17.34;9.124852511;6.98764101;1;1;7
17.35;9.113180119;6.989574309;1;1;7
17.36;8.928124611;7.006974004;1;1;7
17.37;9.133820424;6.987963226;1;1;7
17.38;9.222137393;6.980874462;1;1;7
17.39;9.230156003;6.981518895;1;1;7
17.4;9.255564066;6.980552246;1;1;7
17.41;9.392724929;6.969596885;1;1;7
17.42;9.413274176;6.969919102;1;1;7
17.43;9.494430771;6.964763638;1;1;7
17.44;9.314745598;6.983452195;1;1;7
17.45;9.327878753;6.983452195;1;1;7
17.46;9.07965861;7.006974004;1;1;7
17.47;9.235231876;6.992474258;1;1;7
17.48;9.126638834;7.002785188;1;1;7
17.49;9.135168897;7.001818538;1;0;7
17.5;8.321023804;7.07496174;0;0;7
17.51;6.969082354;7.191282124;0;0;7
17.52;6.187157333;7.247992402;0;0;7
17.53;6.903286927;7.165826956;0;0;7
17.54;6.163045774;7.22060391;0;0;7
17.55;6.893751562;7.139082927;0;0;7
17.56;6.633000377;7.152616049;0;0;7
17.57;6.841253913;7.122972071;0;0;7
17.58;6.722175927;7.124905374;0;0;7
17.59;7.500190328;7.045962224;0;0;7
17.6;7.087792926;7.079794993;0;0;7
17.61;7.271496375;7.057562029;0;0;7
17.62;7.157788712;7.063684149;0;0;7
17.63;6.917495905;7.080761644;0;0;7
17.64;6.917842721;7.07496174;0;0;7
17.65;6.539712697;7.103639048;0;0;7
17.66;6.944364808;7.059817547;0;0;7
17.67;6.685659627;7.078828342;0;0;7
17.68;6.587295603;7.082050512;0;0;7
17.69;7.07710483;7.032106904;0;0;7
17.7;6.332005917;7.096872491;0;0;7
17.71;6.91387712;7.037584589;0;0;7
17.72;6.89120845;7.036940155;0;0;7
17.73;6.403627192;7.078183909;0;0;7
17.74;7.354768511;6.986996576;0;0;7
17.75;6.412759805;7.072706221;0;0;7
17.76;7.618861097;6.958963743;0;0;7
17.77;6.255158023;7.084628247;0;0;7
17.78;7.86351831;6.933830866;0;0;7
17.79;6.072239152;7.099772444;0;0;7
17.8;8.023018317;6.917075619;0;0;7
17.81;5.958622421;7.108794521;0;0;7
17.82;7.69817121;6.944464005;0;0;7
17.83;6.217089427;7.081728295;0;0;7
17.84;7.237021425;6.984096628;0;0;7
17.85;5.939295676;7.102027963;0;0;7
17.86;6.667443009;7.029206954;0;0;7
17.87;6.243282222;7.065295233;0;0;7
17.88;7.004162312;6.992152041;0;0;7
17.89;6.731136598;7.017284937;0;0;7
17.9;6.384461295;7.047251092;0;0;7
17.91;7.574962865;6.936730813;0;0;7
17.92;6.354211832;7.051117693;0;0;7
17.93;8.028549039;6.896775997;0;0;7
17.94;5.912240948;7.094616973;0;0;7
17.95;8.500802983;6.854887905;0;0;7
17.96;7.69944576;6.937375245;0;0;7
17.97;6.034240246;7.09171702;0;0;7
17.98;7.27537645;6.973463483;0;0;7
17.99;6.458674368;7.048862176;1;0;7
18;6.333970436;7.056595379;1;1;7
18.01;7.642362343;6.934797515;1;1;7
18.02;9.906658487;6.735668071;1;1;7
18.03;10;6.626437078;1;1;7
18.04;9.661764027;6.776589454;1;1;7
18.05;9.470316068;6.809777677;1;1;7
18.06;9.488819651;6.821699664;1;1;7
18.07;9.530082899;6.830721709;1;1;7
18.08;9.256290662;6.867454331;1;1;7
18.09;9.232599223;6.879054109;1;1;7
18.1;9.04575395;6.904509186;1;1;7
18.11;9.064257418;6.909664645;1;1;7
18.12;9.017806211;6.920297781;1;1;7
18.13;9.113283511;6.917397835;1;1;7
18.14;9.085756096;6.925775458;1;1;7
18.15;9.083801381;6.931253135;1;1;7
18.16;9.177744322;6.927708756;1;1;7
18.17;9.267339902;6.924808809;1;1;7
18.18;9.380718097;6.919975565;1;1;7
18.19;9.419168263;6.922231079;1;1;7
18.2;9.502370665;6.920297781;1;1;7
18.21;9.311433624;6.943175139;1;1;7
18.22;9.288509269;6.949297251;1;1;7
18.23;9.121099047;6.967985803;1;1;7
18.24;9.150087297;6.967663587;1;1;7
18.25;9.079086204;6.976363431;1;1;7
18.26;9.076364276;6.97829673;1;1;7
18.27;9.097169254;6.977974514;1;1;7
18.28;9.107489415;6.978618947;1;1;7
18.29;9.049274672;6.985385494;1;1;7
18.3;9.164698732;6.976041215;1;1;7
18.31;9.251737061;6.969919102;1;1;7
18.32;9.293511672;6.968308019;1;1;7
18.33;9.422489256;6.958963743;1;1;7
18.34;9.422836062;6.961863691;1;1;7
18.35;9.488904755;6.958641526;1;1;7
18.36;9.267536061;6.981518895;1;1;7
18.37;9.310845036;6.978941163;1;1;7
18.38;9.13422856;6.996340857;1;1;7
18.39;9.180094813;6.992474258;1;1;7
18.4;9.089402688;7.001174105;1;1;7
18.41;9.102791575;6.999885239;1;1;7
18.42;9.027698809;7.006651788;1;1;7
18.43;9.158466532;6.994407557;1;1;7
18.44;9.098461683;7.000207456;1;1;7
18.45;9.141259211;6.996340857;1;1;7
18.46;9.140583096;6.996663073;1;1;7
18.47;9.254217079;6.98667436;1;1;7
18.48;9.372198413;6.977007864;1;1;7
18.49;9.386865938;6.977330081;1;0;7
18.5;9.480041722;6.970563535;0;0;7
18.51;7.784915398;7.125227591;0;0;7
18.52;6.840603662;7.201270863;0;0;7
18.53;6.247661652;7.24025918;0;0;7
18.54;6.998570152;7.155516004;0;0;7
18.55;6.481323865;7.190959907;0;0;7
18.56;6.415693013;7.18322669;0;0;7
18.57;7.158161888;7.103316831;0;0;7
18.58;5.955565163;7.20417082;0;0;7
18.59;7.254241849;7.072706221;0;0;7
18.6;6.731114254;7.114594427;0;0;7
18.61;6.443255985;7.132316367;0;0;7
18.62;7.136624668;7.060461981;0;0;7
18.63;6.569511987;7.107183435;0;0;7
18.64;6.820983328;7.076895041;0;0;7
18.65;7.014148692;7.054017644;0;0;7
18.66;6.928315336;7.057884246;0;0;7
18.67;7.00410175;7.046928875;0;0;7
18.68;6.898833111;7.053050994;0;0;7
18.69;7.207587194;7.021473753;0;0;7
18.7;6.957832585;7.04241784;0;0;7
18.71;7.035153345;7.032429121;0;0;7
18.72;6.833986926;7.048217742;0;0;7
18.73;6.842261283;7.044028924;0;0;7
18.74;6.818058253;7.043062274;0;0;7
18.75;6.87696664;7.034684638;0;0;7
18.76;6.616727168;7.055628728;0;0;7
18.77;6.722945147;7.042095623;0;0;7
18.78;6.796941451;7.032429121;0;0;7
18.79;6.520591154;7.054984295;0;0;7
18.8;7.085584051;7.000207456;0;0;7
18.81;6.476788184;7.054984295;0;0;7
18.82;7.023880169;7.001818538;0;0;7
18.83;6.65367801;7.035006855;0;0;7
18.84;7.35267184;6.969596885;0;0;7
18.85;6.746689201;7.026307004;0;0;7
18.86;7.23777673;6.980230029;0;0;7
18.87;7.06013735;6.997629723;0;0;7
18.88;7.054858152;6.998274156;0;0;7
18.89;6.784133968;7.02276262;0;0;7
18.9;6.698044911;7.028884737;0;0;7
18.91;6.818327856;7.01599607;0;0;7
18.92;6.436873627;7.049184392;0;0;7
18.93;7.196219208;6.977330081;0;0;7
18.94;6.229660775;7.065939667;0;0;7
18.95;6.732256276;7.01599607;0;0;7
18.96;6.812645738;7.007618437;0;0;7
18.97;7.07511302;6.983452195;0;0;7
18.98;6.970100188;6.994085341;0;0;7
18.99;7.239727792;6.970241318;1;0;7
19;7.170261068;6.978618947;1;1;7
19.01;8.350788344;6.873898652;1;1;7
19.02;9.868617606;6.746301184;1;1;7
19.03;9.962560649;6.755967652;1;1;7
19.04;9.425881747;6.821699664;1;1;7
19.05;9.080486035;6.865521034;1;1;7
19.06;8.958084008;6.886142864;1;1;7
19.07;9.034126063;6.887431729;1;1;7
19.08;9.033961481;6.895487132;1;1;7
19.09;9.138389227;6.893553835;1;1;7
19.1;9.262252222;6.890009458;1;1;7
19.11;9.349546262;6.890009458;1;1;7
19.12;9.458321365;6.888076161;1;1;7
19.13;9.418263371;6.899675943;1;1;7
19.14;9.44418293;6.904509186;1;1;7
19.15;9.208493703;6.932542;1;1;7
19.16;9.194008358;6.938664111;1;1;7
19.17;9.052938067;6.955741578;1;1;7
19.18;9.073743054;6.957030444;1;1;7
19.19;9.08278459;6.959285959;1;1;7
19.2;9.097196397;6.960897041;1;1;7
19.21;9.053046674;6.967663587;1;1;7
19.22;9.039328484;6.971207968;1;1;7
19.23;9.130202723;6.965085855;1;1;7
19.24;9.261737579;6.955741578;1;1;7
19.25;9.354146171;6.950586116;1;1;7
19.26;9.375462614;6.952197198;1;1;7
19.27;9.513646362;6.943175139;1;1;7
19.28;9.379736421;6.959285959;1;1;7
19.29;9.351186059;6.964763638;1;1;7
19.3;9.110637805;6.988929876;1;1;7
19.31;9.237569599;6.97829673;1;1;7
19.32;9.111587132;6.991185392;1;1;7
19.33;9.097101749;6.993118691;1;1;7
19.34;9.073921636;6.995696423;1;1;7
19.35;9.131039894;6.990863175;1;1;7
19.36;8.970022762;7.006007354;1;1;7
19.37;9.086981214;6.99505199;1;1;7
19.38;9.123129834;6.992152041;1;1;7
19.39;9.276145811;6.978941163;1;1;7
19.4;9.332241153;6.975396782;1;1;7
19.41;9.394729673;6.971530184;1;1;7
19.42;9.485348185;6.965408071;1;1;7
19.43;9.376755195;6.977652297;1;1;7
19.44;9.34436891;6.982163329;1;1;7
19.45;9.183096069;6.997951939;1;1;7
19.46;9.216943144;6.99505199;1;1;7
19.47;9.109884472;7.005040705;1;1;7
19.48;9.14168573;7.001818538;1;1;7
19.49;9.086539698;7.006651788;1;0;7
19.5;8.393865154;7.068517402;0;0;7
19.51;7.072099706;7.182582255;0;0;7
19.52;6.078687604;7.258947801;0;0;7
19.53;7.104759463;7.148105008;0;0;7
19.54;5.257982799;7.303736067;0;0;7
19.55;7.712806078;7.061106414;0;0;7
19.56;5.183237121;7.284403;0;0;7
19.57;6.353795588;7.158738176;0;0;7
19.58;8.336542069;6.968952452;0;0;7
19.59;7.999584612;7.001496322;0;0;7
19.6;6.938662412;7.096872491;0;0;7
19.61;7.008567151;7.083661596;0;0;7
19.62;6.634273018;7.111372257;0;0;7
19.63;6.996985865;7.07077292;0;0;7
19.64;6.747486856;7.088172633;0;0;7
19.65;6.856517899;7.072061788;0;0;7
19.66;6.881670288;7.0646508;0;0;7
19.67;6.572586767;7.087850416;0;0;7
19.68;7.136556992;7.030818037;0;0;7
19.69;6.29939615;7.103961265;0;0;7
19.7;7.00452804;7.033073554;0;0;7
19.71;6.53791647;7.072706221;0;0;7
19.72;6.530335737;7.068195185;0;0;7
19.73;6.955957312;7.025018137;0;0;7
19.74;6.767833012;7.040162323;0;0;7
19.75;7.161999978;7.001818538;0;0;7
19.76;7.314504524;6.987963226;0;0;7
19.77;7.17010968;7.001818538;0;0;7
19.78;7.089902377;7.008907304;0;0;7
19.79;6.943205949;7.021473753;0;0;7
19.8;6.922583109;7.02179597;0;0;7
19.81;6.590228533;7.050151043;0;0;7
19.82;6.86190214;7.022118187;0;0;7
19.83;6.615216263;7.042740057;0;0;7
19.84;6.660059645;7.035651288;0;0;7
19.85;6.767811962;7.023407053;0;0;7
19.86;6.627508696;7.034362421;0;0;7
19.87;6.804307402;7.01599607;0;0;7
19.88;6.662725511;7.02759587;0;0;7
19.89;7.177851412;6.97926338;0;0;7
19.9;6.524814857;7.039517889;0;0;7
19.91;7.424298853;6.955741578;0;0;7
19.92;6.403270725;7.050795476;0;0;7
19.93;7.916755648;6.91095351;0;0;7
19.94;6.555354928;7.039840106;0;0;7
19.95;8.346047674;6.875831948;0;0;7
19.96;5.505263669;7.140371796;0;0;7
19.97;6.961978783;6.999240806;0;0;7
19.98;8.076017326;6.89903151;0;0;7
19.99;5.324225807;7.153904918;0;0;7
20;7.454015299;6.951230549;0;0;7
