Result_1Epoche;Result_1Durchschnitt;Result_2Durchschnitt;Result_3Durchschnitt;Result_4Durchschnitt;Result_5Durchschnitt
Fehler;-;-;-;-;-
0;1;1;1;1;1
0;0808FF;0642FF;057DFF;04B7FF;03F2FF
0;3495.368350;5461.623884;5635.401052;5514.328676;5442.728378
1;5450.975618;7347.501512;7483.138876;7366.132206;6603.551204
2;6838.804955;8944.573418;9048.664245;8813.104440;7194.652881
3;7683.294520;9886.032657;9915.165385;9877.274593;7841.037844
4;8141.037345;10466.589695;10676.457605;10546.285851;7944.579270
5;8311.444063;10800.136337;11077.419756;10827.347298;7849.756759
6;8354.172561;10940.749972;11184.912829;10990.412721;7750.060912
7;8362.385806;10766.082891;11097.852224;10896.095483;7722.544854
8;8360.737585;10624.262798;11053.255292;10723.875842;7565.794480
9;8279.267814;10437.450641;10945.060994;10401.476503;7458.971927
10;8317.047938;10245.123483;10578.128754;10177.166277;7372.456224
11;8284.134151;9996.374224;10157.454569;9961.296514;7225.375116
12;8121.718318;9765.610522;9740.264631;9651.940570;7086.762461
13;8130.545099;9454.734188;9355.612225;9313.916870;6950.603093
14;7880.509342;9136.744504;9016.088986;8933.533546;6819.555769
15;7759.805310;8969.728331;8752.505267;8555.243874;6696.992125
16;7568.773672;8737.864454;8527.996215;8201.633181;6616.436524
17;7428.097762;8527.045767;8197.083033;7878.300349;6546.960740
18;7403.549743;8254.434413;7955.128506;7599.125928;6462.959213
19;7292.973629;8036.697398;7673.943097;7353.600362;6416.324286
20;7097.354266;7962.797050;7512.284309;7196.970087;6353.618335
21;7272.602096;7783.372990;7296.125833;7033.885868;6305.555691
22;7282.930703;7516.602098;7051.167411;6997.869625;6416.612428
23;7046.959409;7256.136622;6836.462323;6791.931167;6495.646252
24;6822.020863;6997.600230;6693.216693;6593.820199;6633.265719
25;6592.334842;6754.992607;6545.227647;6376.155580;6549.626076
26;6419.181775;6544.731580;6373.136767;6156.454008;6618.883309
27;6326.275617;6371.426008;6190.729281;5950.053924;6543.393769
28;6520.290863;6197.175381;6027.697556;5789.947562;6584.351960
29;6504.346606;6017.230185;5884.510520;5635.584610;6577.441545
30;6478.066267;5844.539625;5731.024073;5475.755382;6408.119421
31;6396.709039;5670.775900;5710.542110;5318.630855;6272.929706
32;6232.183385;5510.143110;5606.776417;5179.393317;6139.759116
33;6045.454773;5347.090961;5456.416308;5059.106239;6069.000441
34;5870.490242;5190.183474;5309.905289;4947.467496;6046.282080
35;5823.179822;5045.738643;5226.169197;4837.268370;5956.345582
36;5833.391318;4915.046933;5123.110846;4782.714179;5851.957469
37;5729.655062;4799.595873;5052.365405;4736.742537;5746.357801
38;5585.207016;4686.564380;5004.466651;4831.634029;5634.918368
39;5470.486948;4577.988457;5262.610432;4842.834400;5645.077973
40;5352.759300;4479.101774;5237.969227;4809.842854;5675.876029
41;5286.352615;4386.619908;5133.167607;5031.914986;5718.412190
42;5191.220817;4315.454202;5090.742947;5021.969716;5852.772031
43;5079.576898;4287.980574;4989.892170;5006.720322;5977.746793
44;4976.379625;4241.049383;4923.353973;5024.200623;6037.775112
45;4894.629307;4179.467617;4921.671064;4902.088071;6106.518997
46;4864.866659;4159.397536;4841.343950;4901.389354;6303.077771
47;4847.027783;4211.687916;4880.244924;4823.096530;6346.251628
48;4813.481654;4218.678227;4981.128043;4787.102602;6141.149156
49;4759.053343;4227.685885;4871.361465;4703.282885;6173.113685
50;4698.589625;4311.308310;4769.951400;4659.470122;5970.799167
51;4642.020750;4548.624612;4747.933222;4634.353141;5785.935423
52;4619.010122;4497.079949;4740.850632;4615.099406;5611.539314
53;4593.386240;4565.995556;4891.024098;4528.891444;5489.588148
54;4615.302796;4730.099175;4958.362597;4504.676856;5349.320145
55;4697.872132;4762.216508;4814.718320;4425.495533;5270.139425
56;4753.805835;4739.766896;4744.182626;4349.498982;5204.608241
57;4838.175761;4726.689283;4660.504738;4351.943527;5088.165266
58;4862.835069;4697.167114;4573.978756;4368.518191;4980.813249
59;4930.971042;4706.542570;4522.635950;4421.821041;4962.850297
60;4922.700945;4639.876980;4427.024533;4589.264205;5015.270481
61;4930.761017;4585.071001;4336.318816;4561.443251;4910.992413
62;4880.459041;4577.662974;4267.931380;4500.240923;4811.403926
63;4819.296988;4510.048930;4190.219986;4450.875490;4764.741372
64;4774.449826;4516.597358;4232.748656;4400.961700;4672.094211
65;4704.528294;4475.437058;4191.472541;4322.066474;4632.656570
66;4614.537116;4400.164835;4143.535182;4242.578618;4556.094390
67;4519.837053;4500.329781;4193.698265;4228.332963;4511.084542
68;4431.282407;4511.120798;4118.818547;4207.668228;4473.377782
69;4348.124559;4634.850914;4072.699869;4176.804032;4580.937551
70;4282.815566;4627.661954;4067.702289;4128.223875;4638.383264
71;4204.925546;4585.695767;4079.301671;4059.302863;4594.407193
72;4152.344292;4507.858736;4009.287661;4076.583702;4507.539924
73;4111.103262;4411.678942;4029.236592;4060.152968;4443.532883
74;4118.423970;4321.074138;4034.253816;4128.821469;4431.033003
75;4108.651610;4264.459967;4058.391599;4084.983662;4442.359719
76;4067.322152;4224.184891;3993.304261;4069.975352;4581.821784
77;4028.874492;4140.813581;3996.404185;4043.577306;4558.705837
78;3979.196612;4079.423331;3940.741108;4110.073436;4495.727347
79;3930.944091;4009.392450;3909.278055;4161.890404;4446.761396
80;3967.777276;3937.189530;3921.874268;4226.865801;4492.751244
81;3948.869406;3865.018769;3933.553558;4266.590966;4664.914630
82;3892.346906;3792.377819;3886.303344;4247.562869;4613.911046
83;3882.609514;3722.169385;3843.030913;4161.143960;4521.368926
84;3831.473385;3655.678996;3820.977758;4111.620988;4526.581127
85;3795.291907;3587.243526;3791.797648;4124.420892;4462.691167
86;3753.458504;3525.857851;3896.950608;4072.198317;4372.449539
87;3734.119728;3469.850520;4027.490209;4039.004687;4332.533140
88;3714.177942;3421.305920;4046.621901;4053.792451;4301.545058
89;3726.442130;3379.003441;4036.631022;4138.110621;4279.913916
90;3709.160957;3368.007915;4050.297234;4139.072828;4261.307297
91;3779.779832;3338.281383;3976.577372;4132.672089;4194.712384
92;3804.871980;3307.744325;3992.933629;4083.781403;4161.097692
93;3776.381078;3282.656898;3927.413141;4021.625082;4119.738719
94;3771.554334;3285.096275;3861.966540;3960.296413;4129.906658
95;3773.048193;3258.071605;3870.072207;3934.479253;4172.419456
96;3837.993406;3233.558291;3942.268132;3880.591019;4229.670593
97;3785.931793;3211.457916;3939.918023;3849.431952;4229.913633
98;3743.725636;3192.160357;4036.476447;3790.545776;4223.215605
99;3711.660096;3172.095639;4053.550825;3749.560840;4280.810512
100;3674.422180;3152.538177;4037.978752;3692.390985;4330.738288
101;3699.631835;3138.769428;4147.836519;3638.614218;4256.854365
102;3711.477884;3128.080723;4234.946833;3589.164660;4215.799429
103;3697.768102;3120.000455;4364.529148;3579.613736;4166.737503
104;3695.596351;3125.030992;4325.668576;3626.159976;4148.097542
105;3665.886958;3163.460390;4215.990510;3677.863204;4180.182304
106;3637.699522;3160.374103;4125.415054;3945.766676;4195.883918
107;3616.813406;3159.897984;4041.674170;4026.214291;4123.670144
108;3587.410937;3138.590679;3961.443549;4060.622506;4090.068568
109;3668.969216;3122.517023;4000.681092;4073.583905;4137.048863
110;3794.435569;3115.137292;4002.200626;4119.099585;4129.784657
111;3757.937203;3102.714105;3972.276461;4154.308652;4161.949759
112;3713.883818;3119.730156;3895.717822;4243.892608;4243.229924
113;3748.255903;3125.666196;3832.129994;4263.023015;4256.264897
114;3844.498540;3108.924350;3786.609883;4222.240597;4277.432977
115;3938.482194;3111.219403;3743.645987;4217.842297;4326.537618
116;3902.927653;3096.220202;3788.612704;4145.670731;4283.054558
117;3914.234503;3099.237611;3820.249676;4071.821064;4286.107876
118;3870.778018;3090.808100;3827.728356;3981.895896;4345.352351
119;3880.137373;3130.569709;3756.481934;3903.735918;4264.388550
120;3888.527559;3203.274009;3694.286667;3860.082211;4207.970472
121;3882.384788;3225.525380;3643.243956;3780.493917;4188.281989
122;3823.881978;3323.551798;3614.364758;3749.618524;4206.292910
123;3854.454813;3427.550754;3566.234000;3673.607493;4133.648983
124;3859.088464;3521.851391;3615.458990;3604.344833;4093.873866
125;3832.883603;3650.210475;3654.760534;3537.652376;4110.163855
126;3786.386034;3714.237985;3817.341786;3551.961432;4129.985853
127;3738.815154;3775.201996;3882.924116;3518.957217;4200.895116
128;3689.701987;3772.404352;3965.440698;3465.340804;4267.901720
129;3637.210748;3810.555282;4000.345921;3437.284130;4403.527984
130;3592.295707;3829.775457;4052.086893;3502.913662;4340.661290
131;3545.337378;3849.566040;4100.922531;3503.270462;4332.590980
132;3496.461378;3843.058088;4012.398472;3482.211308;4254.878888
133;3456.924803;3910.060627;3921.868047;3458.621577;4243.845348
134;3418.380872;3953.544521;3831.270528;3466.155165;4213.210014
135;3416.359651;4005.927858;3774.324719;3602.357266;4138.683702
136;3389.305516;4056.068323;3693.962498;3641.699782;4068.345491
137;3362.042235;4108.189615;3618.778150;3731.385143;4042.955103
138;3390.397911;4171.862178;3551.892738;3791.394484;4051.544073
139;3381.166000;4181.986924;3490.947664;3834.816946;3992.734462
140;3433.500929;4150.962311;3499.450030;3825.360661;3934.083810
141;3426.235697;4090.082487;3448.448761;3812.577079;3877.221679
142;3443.898984;4165.235192;3446.844338;3762.301047;3823.793728
143;3508.728402;4176.393303;3399.436194;3726.600546;3835.301500
144;3569.767881;4118.236689;3426.935361;3699.463468;3875.284293
145;3556.626541;4048.234267;3419.307777;3694.324360;3844.924380
146;3516.978195;3981.331113;3377.418200;3628.946431;3841.654625
147;3534.423128;3965.848742;3370.309558;3649.889306;3914.960541
148;3524.896358;3993.278964;3377.142077;3624.681920;3956.499345
149;3521.577114;4017.441102;3383.415029;3655.169333;3971.925181
150;3485.187928;4145.043563;3351.421934;3590.742071;3967.610467
151;3519.123512;4219.868759;3328.516162;3528.105478;4003.646315
152;3515.753695;4383.316977;3338.748556;3469.644676;3994.638891
153;3489.596924;4320.671892;3321.988660;3411.463506;3954.374580
154;3474.269504;4286.424892;3288.318356;3355.683694;3917.997143
155;3503.849728;4221.093987;3292.990338;3360.124085;3863.918527
156;3477.320279;4209.694466;3262.846383;3310.899296;3829.883977
157;3435.773212;4191.889517;3231.659800;3324.684006;3780.370962
158;3399.032482;4169.771283;3197.215691;3309.450469;3775.276507
159;3386.115301;4189.220293;3165.165533;3282.878375;3772.945436
160;3359.535135;4145.822267;3135.901728;3239.369477;3727.588494
161;3395.336229;4074.748252;3133.100978;3199.793854;3683.760205
162;3396.826493;4034.074130;3167.045232;3163.306462;3690.868092
163;3459.517356;4009.141874;3139.701186;3131.291734;3655.921153
164;3580.211109;4024.949319;3141.749363;3099.198078;3616.763932
165;3628.920089;4034.469979;3203.108142;3120.481333;3630.215156
166;3639.302927;3983.529044;3245.603618;3126.753874;3646.873242
167;3585.126838;3970.390279;3236.628680;3177.321035;3643.149042
168;3529.038544;3956.997039;3213.794090;3291.201869;3621.103400
169;3474.725469;3980.654912;3182.556487;3334.562362;3580.655435
170;3423.439685;4021.655451;3152.157637;3386.990166;3542.894432
171;3376.632936;4073.704651;3150.333214;3596.231548;3502.826506
172;3331.874876;4033.391991;3121.397838;3568.669525;3466.648332
173;3312.084990;4007.657048;3103.795951;3536.913701;3460.379036
174;3286.090621;4004.144456;3108.905093;3542.071904;3503.850289
175;3253.537312;3968.735299;3095.677656;3553.648554;3549.677351
176;3241.053576;3970.142148;3091.229477;3485.641846;3510.603089
177;3212.091015;3975.149647;3069.755558;3415.751966;3471.583816
178;3190.047764;3967.262643;3049.268426;3381.659235;3456.691995
179;3199.629965;3910.102069;3060.208243;3410.030176;3454.671896
180;3206.627257;3916.169070;3063.586209;3383.708061;3437.354267
181;3227.732832;3978.514617;3056.581870;3326.779813;3437.066540
182;3204.851911;3980.363407;3042.998836;3307.575241;3482.772044
183;3251.579586;3971.915558;3029.317137;3275.785944;3491.066362
184;3306.786959;3915.360005;3027.335939;3228.307491;3462.842190
185;3317.521576;3876.061833;3009.234834;3185.888776;3430.100281
186;3378.250692;3829.918661;2987.989963;3145.008346;3435.615309
187;3353.889711;3806.348213;2969.625983;3102.859881;3451.199807
188;3337.081859;3783.391116;2984.647196;3061.375848;3418.382589
189;3334.234481;3849.128766;2995.177156;3021.687720;3490.602311
190;3302.146138;3900.377885;3045.700881;2985.024833;3476.755577
191;3299.737145;3873.055733;3028.003443;2957.647629;3531.240569
192;3281.388867;3850.133959;3070.767861;2965.022957;3490.943304
193;3287.707173;3858.519360;3104.515811;2936.652293;3495.133627
194;3259.476265;3905.114152;3155.730889;2913.615223;3485.358845
195;3278.805958;3882.062989;3189.942050;2893.837392;3553.284474
196;3331.169753;3845.858920;3155.628872;2904.294140;3559.614452
197;3360.772155;3814.506179;3113.095866;2936.038305;3586.897655
198;3404.032838;3801.318870;3074.354337;2991.249020;3572.624489
199;3393.713351;3753.599234;3041.282096;3029.118788;3526.033879
200;3423.011328;3690.860847;3003.681342;2999.364735;3509.866720
201;3414.656253;3627.009303;2970.368205;2991.320797;3486.990473
202;3411.729638;3562.896447;2959.572025;2987.464464;3452.813769
203;3403.974866;3503.516264;2932.184049;2991.331325;3422.313374
204;3437.680193;3455.571945;2930.860314;3000.699111;3404.575928
205;3410.749594;3465.976940;2923.285190;3002.975637;3369.038339
206;3386.024714;3459.723160;2921.458602;3051.070137;3343.520585
207;3382.076654;3424.987959;2969.623545;3037.039075;3342.353005
208;3394.675039;3411.153497;2981.463841;3047.162853;3452.404132
209;3382.255582;3439.163924;3024.784319;3058.710366;3434.514042
210;3374.419770;3406.374178;3092.438037;3041.114201;3457.810098
211;3366.274172;3354.542616;3202.497798;3005.448130;3497.457936
212;3361.376746;3311.281798;3264.424256;2974.219973;3546.040761
213;3410.081132;3271.275261;3284.580691;2966.143195;3529.053685
214;3376.530243;3233.532221;3269.042018;2958.961880;3477.961436
215;3352.146637;3200.384564;3286.688652;2941.036348;3432.355910
216;3311.788566;3216.531679;3255.184336;2916.635435;3386.600499
217;3313.678427;3198.348572;3227.347275;2930.179074;3353.062588
218;3280.542130;3172.392784;3176.409048;2946.137394;3337.885212
219;3264.788642;3156.822650;3132.161613;2929.680862;3300.466860
220;3297.361732;3133.414595;3090.065240;2915.518190;3285.273394
221;3338.679061;3147.643989;3052.137212;2943.306744;3251.740207
222;3370.801505;3181.373181;3051.906922;2939.927818;3233.017395
223;3361.201308;3159.847632;3087.482449;3069.056922;3202.793684
224;3362.943058;3156.460627;3121.342488;3117.426462;3169.168666
225;3401.014806;3162.870388;3171.507350;3195.452986;3135.985533
226;3440.699118;3143.014519;3237.904887;3190.381900;3106.424381
227;3579.930565;3129.220085;3210.215504;3162.463056;3077.619611
228;3597.883168;3111.237370;3160.542378;3122.632555;3054.354946
229;3618.274076;3097.547216;3137.879844;3082.931030;3043.791697
230;3594.581639;3078.435911;3133.862582;3046.183534;3029.316182
231;3582.618153;3085.141156;3092.650495;3011.743276;3018.928839
232;3544.450895;3103.880488;3109.561873;2980.893400;3009.775047
233;3535.929684;3105.586681;3086.982458;2957.513524;3000.663690
234;3586.500540;3151.894298;3068.563397;2930.364730;2985.996879
235;3603.391369;3143.804579;3052.082019;2906.636870;2975.350426
236;3567.279621;3121.810539;3015.800719;2881.765944;2988.368961
237;3512.453532;3130.630138;2979.707524;2857.953121;3012.611695
238;3522.774090;3142.522561;3020.389724;2836.067392;3007.668392
239;3507.405362;3153.838522;3006.854256;2817.774225;3019.907130
240;3573.099895;3153.624054;3006.845833;2810.156177;3024.633362
241;3511.492921;3154.715052;3032.004709;2822.764750;3014.393458
242;3474.507833;3199.923480;3136.887760;2820.074647;3025.731233
243;3447.198459;3186.610832;3220.718144;2827.026043;3011.683693
244;3424.551147;3186.324034;3224.381263;2861.644072;3041.850393
245;3378.481100;3179.527193;3200.686668;2894.636850;3083.208446
246;3331.620965;3188.568166;3154.966769;2910.137079;3108.951423
247;3289.080634;3185.523770;3114.256247;2990.818596;3153.212672
248;3251.254497;3200.990259;3113.191000;3115.195489;3206.002965
249;3238.192416;3177.800741;3128.376402;3193.486177;3225.692567
250;3204.265316;3205.430952;3131.407652;3235.658948;3301.643366
251;3174.089551;3240.104668;3102.558439;3251.972332;3320.638458
252;3146.186315;3303.356693;3101.550309;3252.488653;3306.236558
253;3122.053863;3269.054920;3064.803425;3282.146773;3328.819649
254;3097.881939;3248.153220;3074.817026;3474.884227;3299.862953
255;3079.257512;3220.665481;3142.606029;3495.504689;3265.340207
256;3112.107395;3211.326446;3140.537546;3592.866300;3236.029099
257;3121.047759;3277.868487;3144.410190;3665.590833;3219.189996
258;3103.480000;3253.783139;3095.777311;3689.567146;3189.956907
259;3100.880638;3222.013836;3047.767881;3596.251745;3163.047919
260;3109.777114;3210.210829;3005.631009;3567.490373;3178.063386
261;3153.833868;3177.547444;2966.364059;3648.722733;3194.753275
262;3136.075600;3169.788172;2930.260395;3679.668510;3209.326158
263;3117.677391;3222.830082;2917.965471;3586.452267;3218.125331
264;3130.839458;3229.811144;2884.158379;3552.085849;3231.912984
265;3118.774287;3220.049682;2854.409193;3622.425125;3200.841646
266;3126.347283;3259.178646;2859.621714;3616.529887;3209.396631
267;3125.016789;3300.617947;2884.848862;3535.678631;3209.432707
268;3122.157525;3269.119917;2860.901361;3482.292889;3201.076499
269;3121.536463;3259.927036;2977.738567;3408.798973;3227.064443
270;3114.006789;3363.454885;2992.540645;3361.905714;3294.842049
271;3104.189580;3357.221987;3021.989463;3366.225590;3320.252378
272;3124.100024;3369.634331;3076.703381;3357.320826;3387.872779
273;3109.812354;3351.680394;3055.862711;3394.626127;3403.479532
274;3100.648465;3380.813559;3067.430142;3586.368904;3395.006651
275;3100.120209;3371.263180;3080.083877;3654.890869;3460.741700
276;3117.277020;3380.675044;3116.465343;3577.840647;3561.169731
277;3148.664760;3369.098952;3138.594892;3555.376299;3600.427601
278;3204.762826;3373.451035;3113.524762;3585.082482;3596.118814
279;3277.806677;3358.701575;3127.420515;3628.980073;3612.610275
280;3349.448798;3364.767101;3119.611745;3565.195230;3613.810312
281;3330.095415;3366.623940;3107.111289;3472.187050;3590.086192
282;3374.668017;3399.753857;3080.816430;3449.434622;3568.176236
283;3466.719798;3373.818454;3045.326232;3375.422545;3582.602496
284;3641.603130;3375.377609;3018.846721;3386.362312;3541.874508
285;3806.763275;3365.562667;3003.936511;3455.435151;3589.644062
286;3874.511763;3340.009872;2983.872982;3448.093236;3633.981692
287;3912.940800;3349.355068;3028.328148;3366.531887;3597.948136
288;3835.530841;3336.613128;3208.532556;3293.041203;3591.329212
289;3812.735353;3304.632999;3242.844386;3223.536661;3546.865238
290;3766.473482;3290.914750;3246.099321;3158.965446;3526.035015
291;3696.963038;3282.059448;3187.828707;3172.936314;3475.750852
292;3734.129664;3290.378032;3124.583761;3126.585839;3517.535858
293;3782.856436;3280.910663;3099.011056;3129.706722;3472.204708
294;3760.742252;3292.110124;3043.941287;3099.086535;3415.808390
295;3762.625703;3305.553769;2993.817753;3050.571548;3368.572271
296;3725.541280;3320.764485;2968.621598;3168.659754;3368.840311
297;3711.185942;3324.865537;2936.867364;3284.101730;3471.318775
298;3702.400729;3342.212297;2926.334420;3308.349572;3501.768470
299;3763.846430;3357.545098;2945.467011;3365.154003;3446.448337
300;3783.911036;3406.336265;2957.949457;3396.425675;3413.402619
301;3932.917104;3509.486475;2933.044819;3413.231970;3415.294509
302;3919.256510;3544.040490;2908.198339;3401.893852;3440.521139
303;4049.431743;3505.735301;2898.907534;3387.725455;3438.291638
304;4114.201368;3502.444541;2875.420736;3400.314138;3426.200908
305;4065.189877;3519.056236;2853.541759;3378.572717;3438.725091
306;4071.960073;3522.268832;2848.367729;3384.775143;3440.422353
307;4055.534869;3531.582848;2872.764026;3398.396356;3386.638582
308;3996.745635;3532.462282;2855.029890;3429.430301;3340.925774
309;4017.404484;3577.664645;2918.805925;3491.186498;3295.826262
310;4021.948773;3617.378192;2898.598732;3591.563924;3283.406480
311;4040.504760;3632.722148;2895.262745;3614.806664;3237.350644
312;3949.295147;3661.881651;2930.952986;3667.481735;3244.115271
313;3935.359272;3649.703598;2958.928526;3667.741192;3224.406510
314;3908.656317;3635.302314;3001.692464;3684.073801;3208.173414
315;3845.732558;3623.155167;3027.745788;3578.069864;3198.251457
316;3880.365771;3698.304795;3050.725173;3487.694825;3186.738355
317;3836.625839;3700.984386;3219.597249;3406.572945;3164.654631
318;3826.715434;3642.290183;3204.695768;3329.637731;3157.460652
319;3756.429816;3593.628485;3158.224798;3283.006880;3147.016100
320;3689.146099;3532.290263;3110.239491;3258.226293;3137.865382
321;3616.973420;3517.004237;3120.365036;3199.534474;3157.889724
322;3622.284843;3537.323832;3211.478065;3167.560162;3215.483846
323;3560.107722;3552.930532;3267.771530;3153.443234;3219.296784
324;3497.526579;3517.623271;3414.769681;3093.432634;3370.535962
325;3437.844976;3461.620902;3441.735747;3033.054291;3461.286283
326;3381.875826;3436.957677;3443.969846;2990.023916;3598.273085
327;3330.074090;3395.520810;3375.681961;2993.395812;3734.465740
328;3284.923620;3362.875737;3479.251785;2980.402502;3746.924610
329;3243.707524;3323.988382;3490.946461;2940.816912;3827.025552
330;3203.009525;3350.121107;3466.897193;2903.743174;3883.949586
331;3163.818749;3327.790733;3513.514504;2899.471893;3903.521513
332;3129.982003;3388.346114;3469.379344;2974.529936;3855.269502
333;3101.833589;3398.426431;3507.939343;3007.926229;3842.243310
334;3077.920324;3418.404094;3449.199107;3021.136146;3799.108504
335;3061.025593;3401.039469;3392.891951;3097.885198;3783.868932
336;3098.096284;3397.567181;3351.821487;3240.769745;3714.581724
337;3099.289790;3416.021967;3319.679210;3311.606480;3650.788531
338;3145.494536;3473.570733;3294.351066;3255.900243;3615.869882
339;3204.472341;3598.513060;3283.938714;3179.085266;3619.865160
340;3202.766973;3676.673117;3258.849620;3130.432922;3589.631780
341;3179.344060;3626.146901;3322.251985;3069.787632;3607.880771
342;3160.068752;3627.251143;3314.202708;3048.568597;3547.360386
343;3151.320839;3629.070913;3303.169957;3023.248873;3484.634938
344;3145.473760;3582.950505;3310.946967;3019.929576;3427.380025
345;3144.583223;3518.096074;3259.988790;2969.696946;3374.059347
346;3144.375286;3487.379189;3249.624196;2932.609435;3330.828329
347;3127.949806;3521.254123;3366.745130;2947.603604;3294.325304
348;3099.804884;3487.333475;3471.218152;2927.904736;3267.376942
349;3076.216627;3440.791854;3426.427775;2885.758987;3264.911653
350;3053.628761;3435.697974;3402.370098;2900.086472;3238.785789
351;3032.360463;3470.504909;3390.607652;2994.499857;3215.426672
352;3016.114644;3521.200421;3431.461509;3024.839573;3246.246532
353;2998.829917;3603.703470;3493.213087;2978.567912;3210.540003
354;2980.455810;3548.226691;3596.051723;3102.330488;3178.901894
355;2963.840942;3508.644494;3616.417245;3076.058655;3171.807362
356;2949.839842;3471.955090;3651.117290;3043.878856;3254.584570
357;2932.637059;3508.193663;3788.421609;3048.526539;3315.179938
358;2940.075990;3479.234941;3777.027825;3085.578056;3341.303248
359;2933.544864;3510.958479;3709.022693;3098.689969;3341.583216
360;2927.407354;3499.687497;3632.161047;3066.491419;3381.124591
361;2915.483105;3440.168943;3551.342444;3016.748371;3421.653525
362;2906.428672;3408.180649;3520.296330;2973.314068;3469.488097
363;2922.284047;3372.451312;3437.594238;2950.108939;3432.425554
364;2918.043092;3353.194870;3364.010183;2956.199320;3410.029098
365;2908.993355;3310.087625;3291.496042;2943.679812;3390.832946
366;2904.947548;3270.749298;3222.222729;2941.718421;3390.600304
367;2900.317374;3240.155826;3158.410195;2968.237109;3361.473090
368;2932.117087;3209.559490;3098.601893;2951.835297;3319.430661
369;2920.887217;3237.958206;3074.965842;2934.602003;3281.627963
370;2907.463450;3246.449357;3047.128471;2976.767921;3265.335963
371;2895.207678;3239.234070;3005.293133;3000.077588;3255.209168
372;2900.597462;3248.161744;2977.616746;2949.294863;3303.949471
373;2892.114646;3295.331775;2935.975449;2903.959233;3267.783092
374;2888.475730;3270.051447;2906.975809;2863.277370;3237.829035
375;2901.778044;3261.472462;2876.571757;2831.802169;3207.381963
376;2897.635270;3260.932516;2845.897175;2825.477472;3243.183014
377;2914.584903;3241.780922;2815.458309;2791.352788;3216.356399
378;2911.960512;3226.271377;2790.168046;2756.758860;3233.264973
379;2906.618116;3218.063857;2768.819015;2724.173083;3237.943302
380;2899.789562;3214.189835;2793.762226;2695.065696;3246.889775
381;2893.519304;3226.529426;2819.757746;2671.051289;3344.122847
382;2930.380545;3329.682467;2875.390583;2715.644988;3352.641054
383;2964.318131;3333.389150;2943.595233;2766.505024;3361.312735
384;2984.593967;3327.892938;2939.003255;2741.436186;3400.455152
385;3022.596502;3388.565943;2915.297257;2776.855290;3480.199723
386;3053.872601;3357.056946;2916.808197;2768.626527;3626.860511
387;3055.876561;3326.065289;2942.720774;2797.494115;3721.172765
388;3063.345697;3370.974998;3010.175631;2919.492234;3690.178989
389;3068.395550;3362.504804;2976.155203;2981.665461;3630.900911
390;3059.268203;3363.733660;2971.602051;2968.093852;3560.063010
391;3038.795759;3327.328371;3016.403187;2962.334946;3518.696594
392;3031.759015;3283.935257;3091.228363;3049.853055;3523.574472
393;3040.028492;3241.602094;3080.566563;3111.523256;3463.363090
394;3041.656607;3213.094797;3291.521924;3216.085768;3435.926238
395;3058.437308;3179.114001;3304.952102;3292.420012;3420.587950
396;3131.942307;3151.788373;3266.676375;3268.771340;3435.672448
397;3138.477783;3132.174361;3208.209111;3203.704258;3506.556046
398;3223.416638;3108.878613;3153.503091;3134.616661;3525.095935
399;3204.509143;3088.603267;3145.740323;3180.357223;3464.077950
400;3170.471561;3066.954806;3117.731990;3183.846770;3402.696922
401;3159.151956;3044.057906;3074.254866;3202.590052;3345.812104
402;3147.352753;3022.312184;3066.600894;3149.831425;3291.726656
403;3134.101914;3013.169915;3050.118789;3115.228562;3244.297761
404;3211.209483;3001.095719;3009.846564;3098.950817;3207.966001
405;3218.842044;3006.846367;2980.713408;3089.246454;3179.199773
406;3242.473323;3018.740008;2947.107866;3087.119722;3142.247094
407;3292.281452;3003.764389;2941.265198;3061.834187;3114.631311
408;3333.289932;2984.635514;2932.957176;3029.345190;3114.710181
409;3423.935347;2965.124237;2960.792878;3063.711746;3080.562370
410;3380.587570;2949.375741;2960.850678;3197.287189;3046.555678
411;3463.243719;2934.586723;2926.597520;3211.518797;3047.986794
412;3455.367281;2923.150480;2890.975222;3146.227944;3022.180693
413;3437.632405;2937.162233;2857.082533;3142.919296;3010.809415
414;3432.134565;2927.970729;2827.337980;3176.984572;2986.255273
415;3449.128370;2929.423523;2802.278698;3291.123962;2970.969429
416;3390.995244;2925.432942;2780.713285;3385.074733;2978.805133
417;3373.214543;2930.392680;2761.432780;3326.739620;3020.687952
418;3371.842075;2924.086803;2743.143707;3273.256020;3061.350915
419;3300.706658;2925.615632;2730.974832;3269.524589;3080.203111
420;3284.994711;2929.798036;2722.867910;3219.435912;3076.475966
421;3230.832657;2945.946576;2753.014036;3207.550212;3076.616000
422;3180.093970;2976.031886;2767.911829;3133.176056;3160.852070
423;3140.727998;3014.319268;2751.382083;3129.491966;3170.471462
424;3104.608227;2995.481328;2733.181671;3087.564018;3185.474404
425;3060.572366;3028.884697;2724.962415;3077.656829;3218.732298
426;3018.453003;3022.150635;2709.303873;3026.286826;3240.090393
427;2989.270621;3038.935991;2715.582272;2966.163575;3297.535728
428;2978.597741;3071.039957;2717.366005;3003.635655;3401.661454
429;2943.520003;3049.329047;2716.365754;3137.957264;3534.382039
430;2917.591643;3035.871073;2741.398473;3089.032267;3604.393920
431;2896.096589;3020.848131;2757.451233;3098.127224;3580.335711
432;2876.428359;3013.074172;2765.875383;3103.107367;3546.614173
433;2880.019781;3000.883437;2778.565363;3098.293003;3550.553396
434;2884.566041;2979.719689;2802.027675;3144.262765;3483.381910
435;2948.508832;2992.785263;2792.228287;3120.822059;3479.958438
436;2970.785783;2976.750480;2764.546456;3157.891670;3550.821721
437;2988.044022;3000.404559;2737.517594;3155.590419;3543.370161
438;3026.060417;2989.125160;2712.254924;3087.165680;3533.470021
439;3031.027684;2975.804550;2686.366629;3133.759484;3468.756707
440;3025.689761;2955.172533;2699.228623;3094.840592;3430.669327
441;3106.850352;2941.953991;2702.405764;3039.025654;3368.944342
442;3172.348938;2964.528858;2681.992125;2980.908577;3315.670520
443;3195.731750;2993.318336;2665.375774;2930.278998;3260.268938
444;3176.355486;3008.432666;2653.274005;2925.284638;3209.508838
445;3204.805143;3005.342822;2641.751468;2893.788977;3178.987068
446;3241.402676;2994.666833;2650.218060;2978.679640;3143.417850
447;3429.665281;2998.602472;2772.846082;3092.161688;3118.877441
448;3471.037654;3074.038226;2794.083963;3224.006237;3113.276932
449;3504.396877;3160.207745;2837.564206;3377.590611;3112.235425
450;3539.886348;3133.878593;2938.344782;3323.326470;3079.574474
451;3512.365593;3114.472129;2895.640274;3382.705583;3064.995028
452;3520.768238;3082.579364;2924.170875;3415.404191;3035.079559
453;3540.120863;3050.646909;3025.623551;3497.181264;3009.200084
454;3489.049604;3018.956049;2971.152089;3562.693821;2981.316035
455;3506.804554;2987.794541;2977.640990;3521.515365;2951.813991
456;3504.485023;2959.599675;3028.383033;3568.954020;2925.963500
457;3527.077011;2934.117635;3146.126344;3572.573085;2968.616800
458;3633.618953;2915.833457;3275.177077;3562.293526;3034.333875
459;3689.461483;2897.640280;3357.102193;3523.514010;3058.363937
460;3723.493573;2878.601497;3489.350728;3414.528986;3033.498179
461;3622.421304;2856.639508;3664.877220;3321.857961;3022.809205
462;3529.847553;2836.826450;3661.599278;3376.237946;3127.584286
463;3446.971048;2818.883058;3715.581476;3495.364298;3183.757927
464;3375.139179;2804.602532;3622.531010;3409.042563;3334.342337
465;3305.151839;2788.861949;3539.267495;3357.283952;3363.570270
466;3243.101571;2798.379033;3429.647268;3413.062581;3328.258688
467;3205.188912;2788.045370;3552.052578;3398.659081;3313.499010
468;3173.971435;2776.921025;3482.715999;3419.989823;3280.128409
469;3149.512841;2770.988091;3448.149062;3426.612619;3305.458026
470;3111.105987;2784.186679;3444.987085;3587.114089;3273.254468
471;3072.672553;2775.005502;3454.789160;3467.728510;3217.097707
472;3034.343651;2768.449594;3412.003768;3475.666209;3201.594397
473;2997.541548;2796.299711;3342.931902;3545.148817;3220.351249
474;2988.033599;2786.073719;3274.662333;3518.431022;3174.912187
475;2969.577268;2798.667199;3199.475629;3475.242454;3157.579908
476;2960.897862;2789.824023;3134.278903;3459.600787;3115.209953
477;2946.656798;2789.148146;3066.918617;3449.309542;3091.828105
478;2927.254498;2810.952869;3005.404925;3523.682990;3050.205902
479;2950.807275;2806.211535;2947.553953;3490.079158;3009.493129
480;2965.446557;2846.144980;2933.776328;3473.811347;3000.299916
481;2982.499021;2857.221737;2892.976097;3485.632224;2983.743663
482;2971.346674;2967.410696;2848.100238;3512.834217;2994.988751
483;2957.335629;3056.076506;2809.057044;3456.331465;3007.376516
484;2959.519274;3150.130780;2773.391857;3428.298589;3068.581644
485;2941.163217;3137.343652;2736.741324;3401.352084;3113.685320
486;2937.269995;3188.515222;2771.646803;3323.898757;3200.970563
487;2906.329695;3351.401934;2735.419988;3242.788033;3254.890198
488;2941.894566;3516.987413;2767.983854;3157.846626;3332.730857
489;2924.083621;3496.858000;2733.639220;3078.577570;3359.712386
490;2916.432464;3519.757647;2752.061534;3002.423867;3326.719554
491;2908.847104;3478.933309;2858.189163;2934.159201;3260.644671
492;2937.289509;3412.250333;2910.498150;2872.917403;3199.482767
493;3022.159448;3446.666346;2875.479219;2817.681124;3165.132669
494;3107.723638;3416.049418;2915.545192;2765.557566;3127.500545
495;3084.575550;3421.831845;2982.100880;2745.095729;3103.296493
496;3173.160844;3466.986079;3088.585654;2728.149027;3141.913967
497;3179.857092;3425.885661;3028.749377;2800.634168;3094.561277
498;3192.539434;3354.582149;3007.109119;2881.824163;3157.533930
499;3175.599352;3367.017773;2949.759674;2843.250392;3161.152845
500;3238.250656;3318.934426;2904.776324;2803.131140;3131.921557
501;3301.326928;3320.175318;3035.644561;2775.404672;3089.549123
502;3352.709693;3284.008900;2971.984719;2750.466802;3079.440517
503;3419.836263;3316.597659;2999.121608;2719.113093;3074.954136
504;3426.415753;3277.488138;2958.559330;2686.109389;3193.561217
505;3431.507555;3212.162190;3001.479113;2656.183954;3178.033463
506;3413.005700;3223.833651;2944.887966;2629.839153;3172.071760
507;3590.058856;3411.019796;2951.061748;2615.401607;3138.911319
508;3598.722204;3515.366912;2901.851426;2618.286437;3111.980514
509;3631.551567;3550.652052;2855.293726;2626.290993;3121.537532
510;3782.979529;3545.124733;2877.251031;2616.329660;3155.819290
511;3895.877238;3452.708622;2828.165577;2629.266067;3137.867642
512;3994.584087;3486.197159;2781.807271;2685.229739;3092.526853
513;3910.765841;3430.638059;2741.138801;2713.767617;3044.950242
514;3860.739482;3389.030252;2706.969948;2701.946905;3047.940905
515;3774.251973;3335.318926;2744.253098;2684.466484;3014.548309
516;3747.017555;3338.270775;2742.771874;2652.095876;3006.044195
517;3714.390190;3359.102583;2743.535577;2626.941683;2969.234579
518;3708.949993;3393.669615;2793.481250;2601.447757;2978.234748
519;3691.519058;3337.399901;2871.395637;2577.719941;3060.383687
520;3628.238503;3264.743955;2873.221499;2612.382008;3097.524737
521;3631.822255;3218.603232;2848.578499;2686.721436;3303.294633
522;3588.442356;3221.965457;2835.333039;2658.247481;3349.574942
523;3539.029023;3222.538673;2906.323436;2631.321513;3309.446665
524;3475.814456;3157.962497;2895.608528;2646.965766;3281.750823
525;3529.287740;3106.070576;2915.835117;2689.622346;3271.828586
526;3458.110729;3053.350620;3028.684504;2696.052145;3338.735515
527;3378.839995;3061.028849;3139.930830;2744.220172;3327.527074
528;3321.848057;3096.970350;3163.299911;2723.905599;3276.705583
529;3252.460223;3106.948739;3112.849885;2745.467495;3283.274862
530;3192.899646;3063.638718;3110.602195;2750.528109;3252.526975
531;3161.747141;3048.450329;3051.122689;2711.641132;3189.905758
532;3107.319804;3042.501438;3053.829598;2739.347963;3130.984964
533;3078.009213;3117.208191;3068.970786;2763.881409;3104.319049
534;3041.188552;3187.691554;3099.129896;2793.468411;3070.611315
535;3157.931788;3290.409425;3058.258703;2770.623915;3026.162151
536;3192.865751;3424.353891;3029.748645;2723.403670;3002.111039
537;3166.468747;3571.480476;2977.141851;2717.582714;3007.869959
538;3143.091287;3817.828254;2991.573516;2745.390373;2994.946928
539;3109.584589;3780.223051;2944.183569;2700.452464;2988.308951
540;3078.890280;3745.509742;2968.178127;2682.987077;2988.214116
541;3045.695124;3667.000508;2999.880058;2641.367051;3004.632630
542;3025.886364;3697.494461;3096.353852;2648.496344;2998.954534
543;3007.615575;3631.552115;3198.660814;2647.390664;2956.471584
544;2981.486268;3604.947981;3248.925661;2649.012355;2953.873190
545;3002.118012;3617.851044;3172.937529;2627.939354;2989.863393
546;3047.457085;3672.523183;3115.040276;2633.010384;2966.743054
547;3055.513296;3874.894340;3046.210664;2612.605988;2936.600390
548;3042.213678;3888.057662;2985.396668;2587.167204;3068.893528
549;3045.934094;3829.476007;2933.207329;2665.427410;3056.902579
550;3034.690044;3709.813897;2942.743331;2679.208229;3001.586795
551;3063.236247;3658.842288;2930.950835;2787.144472;2976.829940
552;3124.858480;3741.467638;2885.133348;2798.567263;2931.054386
553;3092.036109;3710.690322;2852.864158;2749.363537;2889.804804
554;3105.186339;3693.090193;2864.628628;2796.338361;2896.398353
555;3087.527975;3609.065578;2945.039821;2886.733843;3020.496268
556;3108.652751;3603.707888;2980.124259;2935.397201;2973.398346
557;3109.203267;3531.942120;2971.933267;2882.048858;3000.475835
558;3118.939258;3563.848811;2935.948263;2875.608417;3150.168675
559;3081.595954;3509.813018;3033.103086;2877.840641;3159.143797
560;3071.400058;3500.939739;3004.885514;2819.991611;3202.016006
561;3031.344147;3575.296938;3073.554541;2796.263180;3180.833734
562;3027.015194;3596.203114;3014.162078;2827.691461;3205.184078
563;3025.133996;3534.467320;3060.638219;2929.131855;3221.927420
564;3013.069985;3503.095038;3088.235880;2973.464569;3181.180520
565;2982.476979;3420.607336;3037.226205;2997.355269;3151.612819
566;3002.190578;3385.554904;2991.624409;3312.358458;3113.064952
567;3000.682467;3426.344932;2940.253020;3346.646872;3061.829166
568;3046.606454;3432.530901;2890.323947;3512.070665;3050.379588
569;3050.160010;3492.092255;2957.933879;3519.510797;3162.659322
570;3175.723948;3562.776448;2923.553954;3399.089998;3176.853498
571;3151.193728;3681.210801;2871.051830;3372.040376;3176.746496
572;3137.051129;3753.328444;2825.199681;3332.257490;3175.884048
573;3141.918201;3752.178612;2775.920853;3276.161834;3174.048077
574;3145.671559;3856.710137;2730.872156;3211.564894;3107.994108
575;3188.024610;3938.311451;2696.302824;3143.517529;3049.424284
576;3227.313930;3863.596852;2666.135127;3231.331772;2995.745727
577;3294.208671;3896.809815;2661.591106;3195.189423;2950.028605
578;3311.243433;3874.657569;2682.634919;3137.896700;2933.973722
579;3372.300625;3857.632764;2709.795450;3112.518126;2935.916550
580;3375.401766;3727.598873;2766.767261;3085.036699;2939.637406
581;3316.823722;3689.980101;2827.205965;3101.750327;2900.639411
582;3306.459052;3644.135895;2986.296514;3019.628344;2860.542291
583;3344.393904;3667.777366;3088.063385;2944.839698;2971.579550
584;3376.514939;3600.361198;3135.818674;2999.998867;2951.682075
585;3425.895567;3547.877193;3198.849340;3149.898560;2908.988672
586;3436.731324;3446.984283;3172.535580;3342.963290;2865.603560
587;3455.168619;3357.246407;3194.826554;3459.256913;2861.297119
588;3412.697765;3333.691000;3144.983954;3464.736108;2891.312639
589;3379.290985;3295.500743;3120.094393;3533.187878;2892.283566
590;3365.360987;3224.265159;3139.370632;3602.321790;3005.239846
591;3316.812630;3200.348901;3107.014121;3724.181683;2989.045779
592;3254.357628;3167.608160;3063.617443;3747.126523;2952.811839
593;3248.416694;3150.674349;3008.478893;3855.249586;3110.589731
594;3246.158556;3274.509121;2967.093338;3997.679564;3052.143158
595;3203.533237;3379.125092;2932.770235;3975.113766;3015.896880
596;3166.022462;3391.480645;2928.007663;4114.372711;2963.083606
597;3145.845247;3332.158631;2880.120003;4156.044707;2916.361730
598;3158.650746;3321.615500;2847.693758;4077.992844;2868.543888
599;3169.856615;3297.871795;2840.154510;4274.757315;2830.378583
600;3158.958002;3283.994843;2810.919193;4297.853907;2849.013635
601;3177.011367;3224.034380;2866.731552;4270.409951;2903.945397
602;3206.333966;3175.649100;2850.747675;4298.962733;2930.951534
603;3218.719719;3234.435669;2947.489843;4367.551668;2945.703192
604;3202.168970;3277.722190;2947.711631;4365.586976;2903.882367
605;3184.375671;3337.888718;2956.453525;4295.619114;3049.311553
606;3159.960775;3258.054786;2901.014922;4192.663858;3027.560885
607;3102.938171;3208.046762;2849.284110;4145.304649;3032.162764
608;3073.623193;3143.791391;2802.929260;4007.073076;3242.403492
609;3104.950525;3089.600640;2753.816545;3905.607420;3246.034721
610;3065.077249;3030.645722;2717.434943;3918.278269;3463.353227
611;3058.493063;2980.152821;2698.726879;3953.738905;3625.533551
612;3073.732335;3052.773458;2668.559511;3833.499329;3574.076037
613;3046.438674;3143.123323;2655.640181;3846.281755;3498.561630
614;3007.349037;3157.402891;2718.932127;3828.629433;3409.579723
615;3014.365833;3268.641923;2804.311050;3842.802699;3424.748260
616;3050.458613;3256.842754;2795.342842;3812.614283;3423.216668
617;3018.979387;3293.536611;2869.851119;3766.292530;3425.197600
618;2996.119828;3215.243004;2851.558316;3703.270285;3333.762216
619;2976.672888;3208.162703;2860.777656;3750.384084;3256.203329
620;3016.949395;3164.170203;2943.956387;3789.331930;3204.617046
621;3094.022243;3095.528541;2953.989523;3688.107151;3181.396220
622;3115.663593;3062.515961;3108.827536;3542.433515;3114.861219
623;3087.124263;3081.593343;3055.954818;3493.713162;3059.916403
624;3087.115198;3131.084901;2996.455959;3521.920837;3015.768140
625;3099.499116;3078.209105;3088.218102;3639.152160;2971.026228
626;3147.014303;3153.382330;3184.003772;3573.379295;2926.892080
627;3149.267917;3198.691310;3206.585474;3472.561564;2912.829226
628;3144.156987;3177.836659;3212.219952;3365.695236;2875.293549
629;3122.398214;3233.769288;3135.305030;3447.293545;2839.317806
630;3080.831810;3257.187202;3125.981158;3370.254577;2844.725287
631;3034.585128;3273.476987;3076.601411;3335.179350;2813.961597
632;2991.517304;3225.611784;3032.572646;3233.697399;2792.745287
633;2975.541232;3182.507000;2994.474969;3287.306553;2801.966280
634;2937.011245;3191.320941;2959.817046;3242.075872;2774.582744
635;2959.579926;3178.840703;2946.218909;3203.760901;2792.566771
636;2925.784289;3113.945913;3001.415285;3170.823321;2814.694680
637;2902.716810;3051.523052;3034.776097;3116.947122;2800.307401
638;2869.306953;2995.319466;3038.500136;3028.154175;2794.760968
639;2838.918198;2944.567071;3061.493010;3017.620660;2781.258197
640;2810.469292;2896.433007;3239.815209;2971.369061;2798.806996
641;2800.886643;2875.125255;3198.699025;3002.244577;2779.909882
642;2782.135619;2885.175096;3133.156811;2921.524552;2751.545295
643;2765.586254;2851.429100;3072.960668;2846.771257;2746.599787
644;2742.083218;2872.715000;3003.114595;2863.587236;2732.227424
645;2717.666313;3044.070112;2964.106816;2791.946154;2709.480939
646;2700.475922;3018.312317;3138.345463;2784.241454;2688.578240
647;2678.197043;3073.035985;3120.360010;2748.919232;2704.863958
648;2664.434100;3116.963730;3080.192319;2835.076261;2706.006742
649;2655.479462;3063.557940;3054.612065;2930.363613;2718.896672
650;2662.685156;3026.663161;3027.820442;2867.795684;2730.383252
651;2661.725707;2982.436099;2965.565659;2800.350711;2760.651430
652;2690.722345;3033.608211;2908.259142;3012.567130;2740.694613
653;2683.915119;3300.281634;2859.205742;3018.653348;2739.104021
654;2666.949218;3549.512822;2827.856775;2969.365548;2872.127914
655;2742.854418;3546.512917;2808.088898;2991.303638;2895.200369
656;2789.485177;3545.826884;2766.976846;3078.800605;2872.720237
657;2858.238120;3468.051721;2732.446167;3047.458046;2906.425130
658;2861.984087;3424.009531;2750.576407;3018.062810;2869.234849
659;2883.834963;3332.662682;2735.725590;2976.681393;2903.793125
660;2853.843608;3270.673262;2767.491010;2936.087897;2913.783526
661;2820.063411;3188.929566;2735.403642;2879.410124;2875.311448
662;2794.703884;3111.885749;2737.132273;2859.546672;2913.680834
663;2762.523117;3039.900083;2731.177839;2874.639469;3007.642502
664;2756.432846;3039.490259;2809.716988;2817.242110;3035.233303
665;2831.759258;3048.287232;2867.887672;2909.912033;3133.799746
666;2882.497075;3089.356627;2868.908375;2839.442885;3154.653764
667;2861.961375;3065.073558;2914.904641;2833.093928;3173.607067
668;2874.470311;3046.376278;2873.153930;2804.356378;3169.005108
669;2872.945261;3188.239657;2854.257378;2738.980258;3144.176616
670;2876.168745;3191.649446;2836.481970;2677.726269;3193.507403
671;2840.972417;3194.450048;2854.027441;2667.172296;3178.201883
672;2815.456842;3396.516789;2851.861611;2627.213237;3119.670553
673;2795.522067;3375.148741;2828.300905;2593.639013;3081.273513
674;2839.054978;3462.885907;2810.115014;2689.636641;3127.540233
675;2812.612313;3644.298616;2792.913254;2629.316515;3200.588427
676;2854.556385;3644.678954;2828.199225;2723.760243;3270.052990
677;2841.258244;3731.681517;2817.896098;2792.197851;3247.986948
678;2823.606982;3758.187128;2768.682377;2773.719742;3317.531685
679;2854.806001;3828.974851;2725.041371;2829.551297;3308.119755
680;2830.583267;4019.255811;2681.461592;2812.774325;3337.705290
681;2812.008040;3888.991939;2639.848042;2772.094397;3277.032287
682;2809.998251;3806.122774;2607.230855;2714.016925;3225.935895
683;2778.993529;3864.226477;2570.508165;2692.366205;3169.084686
684;2746.475435;3855.290672;2542.235691;2688.979849;3163.388255
685;2730.444541;3746.703104;2552.267069;2670.351212;3165.420475
686;2707.869910;3905.296317;2536.060982;2669.740333;3127.065579
687;2742.692911;4027.868271;2542.699675;2696.014615;3160.085816
688;2729.786185;3974.764856;2598.625268;2674.015527;3225.397685
689;2731.446052;3901.226730;2642.650862;2686.973840;3251.952417
690;2843.848504;3823.338468;2719.586425;2632.634192;3178.307012
691;2884.217016;3698.824793;2764.816240;2578.381514;3132.369637
692;2908.827792;3783.006188;2767.785474;2530.538076;3143.380794
693;2964.396191;3733.921740;2738.668676;2486.111793;3091.072486
694;2930.881683;3657.094367;2700.877095;2444.028124;3115.056187
695;2919.042305;3745.836959;2692.936853;2402.312762;3087.026795
696;2891.327496;3739.449441;2723.297630;2362.580160;3061.919312
697;2898.954382;3756.580456;2684.601069;2325.244054;3004.487902
698;2909.629676;3685.233579;2735.238327;2290.498142;2973.267370
699;2895.339328;3714.866439;2831.385574;2264.757636;2950.794330
700;2902.004869;3602.024910;2777.591852;2236.052366;2913.827852
701;2858.295411;3511.603839;2760.955095;2212.104554;2882.512263
702;2822.641956;3511.764126;2731.204367;2191.962616;2848.254998
703;2796.393749;3587.913126;2825.102957;2233.193415;2874.412563
704;2786.987691;3671.272330;2845.686457;2302.428084;2925.182518
705;2780.567172;3902.274656;2823.786015;2526.793727;3001.071938
706;2749.990528;4076.723398;2816.967503;2631.752424;2997.988520
707;2737.095302;4091.940065;2786.356960;2691.916186;2975.022830
708;2760.270040;3984.157812;2741.282641;2758.283112;2950.410438
709;2742.901843;3835.864407;2727.208288;2791.751233;2960.452244
710;2741.524343;3723.935207;2783.400933;2919.141516;2970.698625
711;2724.534199;3762.930409;2793.682897;2897.215396;2987.814112
712;2700.230294;3660.485097;2755.334409;2906.789637;2981.034739
713;2784.244862;3561.812195;2828.621898;2877.445546;2979.961542
714;2822.289082;3493.672814;2798.753067;2810.339609;2955.959786
715;2802.417217;3538.349130;2741.684171;2798.896500;3069.556466
716;2796.038304;3569.047579;2747.850945;2731.509645;3083.500563
717;2822.097286;3595.717632;2691.273348;2695.612258;3044.347319
718;2822.337780;3613.715201;2636.002904;2677.618972;3011.528083
719;2793.189540;3512.828278;2596.542191;2670.729033;2967.567948
720;2774.649483;3512.383013;2597.504422;2667.373728;2974.950817
721;2843.689083;3574.130200;2618.803543;2646.981786;2939.363510
722;2870.487571;3513.335905;2570.436636;2686.367926;2952.934367
723;2961.672222;3467.694942;2553.523626;2636.266568;2902.394228
724;2971.487374;3431.316941;2578.308394;2721.178610;2890.260322
725;2973.638143;3365.180293;2561.355880;2757.135382;2874.150842
726;2977.657875;3286.264076;2523.065704;2783.403726;2918.372675
727;3041.144899;3206.168312;2657.295125;2865.788698;3005.458259
728;3001.948197;3134.649029;2738.745482;3072.386276;3096.187232
729;2969.580629;3072.733464;2870.901547;3095.699558;3140.233105
730;2961.664981;3011.930432;2948.366355;3217.923866;3071.889666
731;2915.015228;2950.029460;2869.236401;3143.476212;3065.123364
732;2881.903943;2939.391884;2802.090612;3108.470212;3074.151697
733;2841.999530;3042.075937;2793.225598;3010.624778;3020.772917
734;2804.392078;3110.720533;2744.948993;2917.215183;3062.533985
735;2794.401525;3228.138062;2794.241901;2833.535661;3109.996271
736;2872.803109;3274.216051;2883.652876;2761.083031;3049.590488
737;2950.024643;3462.818926;2912.023358;2755.757286;3051.797136
738;3075.995285;3455.963010;3063.719496;2744.929186;3016.210140
739;3029.120625;3568.614472;3065.165178;2679.327110;2965.293129
740;2971.130283;3573.398847;3020.064540;2622.626976;2953.683548
741;2964.064472;3646.630741;2933.526408;2586.894337;2931.140308
742;2977.863213;3584.043618;2920.261540;2596.954102;2915.535207
743;2953.571844;3491.139624;2957.116276;2605.354021;2941.753799
744;2949.397200;3413.097778;2916.909612;2720.707811;2982.384799
745;2922.597183;3312.859185;2909.443804;3039.299324;2984.474116
746;2879.002691;3260.713310;2871.872606;3034.873785;3137.781632
747;2835.228085;3184.555924;2853.888847;3038.517099;3145.297329
748;2803.377618;3139.502703;2885.878268;3114.541334;3107.887881
749;2769.123069;3121.344967;2879.470785;3112.516691;3042.532261
750;2830.512333;3073.427368;2868.676560;3076.247626;3039.294387
751;2862.331986;3039.388724;2845.301470;3129.616772;2995.979758
752;2819.308682;3048.992016;2842.200917;3037.975224;2949.555319
753;2786.047792;3074.376603;2818.655751;2977.888271;2999.156919
754;2771.636966;3126.509394;2823.195029;2942.288563;2990.711236
755;2762.175718;3105.577655;2790.120739;2867.665357;2934.247525
756;2749.600552;3093.140699;2746.219972;2799.458841;2935.225648
757;2726.461279;3103.204679;2772.206145;2811.031962;2879.664837
758;2724.941466;3043.482003;2793.061331;2780.659807;2825.221882
759;2787.172434;3044.633134;2770.808397;2705.078101;2807.076085
760;2778.858115;3026.313509;2762.187243;2780.313690;2968.344577
761;2741.887334;3022.188709;2773.028933;2849.201582;2978.964919
762;2705.224733;3066.088477;2783.104533;2922.296958;3051.252652
763;2670.363653;3110.760596;2828.163207;2861.267553;3194.452684
764;2636.646869;3162.977232;2856.560691;2847.410397;3368.269485
765;2611.807055;3138.912755;2808.087651;2974.371959;3340.677765
766;2619.362938;3147.438648;2821.006634;2968.586781;3264.281441
767;2629.758988;3128.164999;2781.910836;3059.752900;3297.259789
768;2657.176215;3132.029311;2801.857271;3070.772016;3265.758413
769;2656.832735;3111.195090;2859.333783;3232.600184;3188.343114
770;2633.034995;3065.342671;2910.217728;3226.937021;3132.873676
771;2602.899165;3082.899452;2889.035316;3287.625078;3062.238649
772;2637.071322;3081.777377;2884.353540;3300.284888;2986.492947
773;2663.380842;3041.431867;2965.632436;3261.769544;2978.918744
774;2652.347611;3024.868517;2963.890599;3261.541275;2943.605480
775;2672.812419;3012.761012;3004.228895;3196.906268;3063.455629
776;2738.549136;3053.456790;2960.055052;3150.491676;3111.183838
777;2698.075876;3022.236139;2979.958471;3058.192511;3146.204144
778;2673.274288;2972.571461;2951.931675;3020.214614;3102.693326
779;2649.808780;2954.854513;2928.800209;2961.053224;3075.923810
780;2714.888262;2993.613036;2945.407413;3009.005702;3202.279614
781;2746.794719;2964.260813;3111.047107;2976.435647;3295.318143
782;2773.669688;2958.167127;3272.821709;2967.774946;3220.497378
783;2748.668233;3003.515689;3483.019974;2917.354608;3239.025674
784;2713.727464;3055.085376;3585.530359;2948.352512;3199.389560
785;2774.073806;3081.382997;3687.131754;2874.583392;3254.277914
786;2925.365007;3114.292162;3671.558808;2796.018785;3173.482871
787;2873.681466;3152.101599;3607.986944;2731.745105;3181.126207
788;2864.289289;3203.380729;3498.647408;2668.044972;3214.363456
789;2818.471945;3137.331404;3423.271316;2676.785019;3282.396464
790;2825.229652;3127.712338;3320.243627;2619.522334;3391.653036
791;2835.973682;3089.405877;3223.347255;2587.653732;3627.936616
792;2957.311989;3068.344357;3142.543660;2577.200217;3836.437552
793;3117.562002;3100.830896;3072.923043;2540.939117;3804.475553
794;3070.833133;3067.620484;3015.317165;2498.243489;3825.304164
795;3087.847108;3005.527795;2947.430440;2499.587925;3797.175372
796;3062.781981;2986.113262;2943.914452;2560.760630;3732.635354
797;3010.370763;3108.009972;2920.887733;2511.010710;3727.357950
798;2982.528884;3133.121524;2850.545160;2488.999478;3807.705106
799;2985.182496;3160.089050;2779.916457;2440.591090;3817.194512
800;2934.823969;3254.465445;2714.906994;2396.012580;3899.768820
801;2882.007398;3209.109268;2660.018622;2355.490392;3844.321553
802;2891.065682;3204.707494;2626.144039;2316.522170;3802.945475
803;2865.044165;3159.638552;2610.316346;2303.829516;3833.922762
804;2823.538646;3116.552121;2659.517729;2307.053516;3786.189827
805;2814.038056;3047.108170;2761.063948;2283.523004;3686.654580
806;2768.423483;2992.242109;2837.425804;2286.434925;3548.096119
807;2728.694949;2960.795741;2770.849450;2264.654780;3462.398618
808;2732.677225;2908.726890;2757.690967;2292.830029;3455.197974
809;2691.849535;2856.943872;2739.743969;2331.536729;3334.871109
810;2706.447098;2813.165446;2811.429457;2442.888088;3255.911736
811;2663.906827;2760.474357;2980.927218;2559.651049;3270.084678
812;2627.356869;2713.019952;3013.318491;2600.896471;3158.156708
813;2589.674339;2673.093134;2964.603303;2814.011052;3061.843856
814;2586.161128;2664.466682;2966.899996;3053.522852;2972.367920
815;2671.206729;2673.495048;3160.480663;3105.896676;2919.695508
816;2681.534949;2636.138909;3363.708682;3184.621713;2886.378065
817;2649.881230;2596.683112;3417.737864;3278.042932;3004.965263
818;2649.861089;2565.298433;3453.741002;3340.063505;2943.767367
819;2701.648095;2547.991358;3494.416317;3234.070742;2870.020877
820;2694.877185;2520.503843;3462.529880;3144.871072;2798.479732
821;2738.328656;2561.838897;3412.873201;3161.549114;2738.121354
822;2848.433474;2573.852060;3330.631764;3168.216706;2682.794301
823;2826.533413;2550.976349;3305.430454;3088.626201;2638.552644
824;2842.453113;2524.067589;3330.369867;3070.738452;2591.866648
825;2899.113641;2537.815223;3333.815157;3200.216082;2587.112117
826;2904.977929;2512.280565;3541.073271;3118.395163;2586.422690
827;2891.330083;2560.668661;3487.485503;3261.463006;2549.735277
828;2849.754537;2535.725603;3394.022581;3302.959898;2512.681712
829;2806.700752;2518.711872;3392.088327;3346.426789;2492.771620
830;2774.860314;2502.811222;3359.590953;3214.356817;2496.612423
831;2771.055235;2575.402290;3322.062855;3113.873351;2528.377590
832;2744.925586;2649.355514;3311.416613;3005.877288;2562.785121
833;2708.195386;2648.702618;3247.585069;3025.326710;2630.704319
834;2670.181451;2616.413586;3242.894197;3055.964458;2647.565401
835;2730.106884;2634.898859;3231.866099;2986.337684;2725.643776
836;2748.224716;2679.482745;3361.883865;2891.078094;2788.660882
837;2849.754660;2645.403040;3375.496214;2893.084752;2771.811515
838;2835.485776;2620.824198;3487.859607;2853.348059;2758.076914
839;2852.276000;2672.257405;3634.025086;2872.344873;2757.844873
840;2801.221693;2818.926135;3613.209025;2869.443739;2706.598575
841;2788.536140;3092.146704;3591.243497;2781.344160;2704.897242
842;2777.225491;3250.083757;3521.002834;2761.771528;2768.948158
843;2804.340881;3378.931530;3477.642207;2725.748571;2740.907253
844;2809.509776;3478.824941;3444.434403;2812.121620;2837.500281
845;2932.244888;3443.938892;3342.127276;2769.572358;2907.708988
846;3064.561474;3339.663227;3254.940099;2853.475183;2912.222980
847;3171.963540;3302.810423;3183.206327;2789.684542;2939.881512
848;3180.179625;3310.490083;3146.969515;2892.074961;2874.377390
849;3252.489922;3299.535007;3134.847635;2932.867504;2823.479763
850;3256.825961;3345.375290;3143.020285;3076.517995;2764.526062
851;3170.091476;3266.196464;3104.403563;3077.028193;2708.716419
852;3111.865267;3228.182110;3041.090124;2977.336593;2742.181789
853;3077.082773;3183.626076;2957.142852;2916.464774;2688.852022
854;3043.807259;3189.077265;2922.793855;2858.319550;2639.756983
855;2982.032066;3103.123330;3006.439402;2818.546925;2598.720663
856;3091.871842;3085.528103;2929.440831;2833.983327;2562.356520
857;3089.179141;3095.574623;2882.420570;2766.079875;2528.437642
858;3161.286155;3138.868669;2836.914858;2786.090910;2568.147701
859;3184.438902;3192.318497;2830.415584;2834.216632;2570.167235
860;3109.108546;3228.588424;2822.948663;2801.625070;2532.159935
861;3096.223640;3325.254382;2866.199318;2725.702810;2492.919160
862;3130.923219;3364.680024;2855.868213;2715.441058;2461.934212
863;3063.178799;3605.314517;2780.444361;2654.165146;2428.085078
864;2998.178909;3652.404645;2757.374538;2730.062648;2400.682415
865;2964.089474;3650.554343;2802.182784;2683.435899;2371.628936
866;2922.972021;3673.765623;2867.589081;2630.395963;2344.463273
867;2897.935599;3603.710357;2832.341802;2597.224844;2321.349580
868;2877.382503;3515.076124;2814.425935;2674.028748;2329.222309
869;2868.349650;3455.313726;2805.383266;2678.919378;2337.344322
870;2880.687253;3434.243286;2744.252061;2794.837314;2393.767592
871;2969.095476;3366.796045;2689.369386;2841.794313;2421.867003
872;3023.659226;3394.946127;2653.916086;2943.733755;2398.636381
873;3153.053743;3445.767765;2682.221973;2967.128518;2376.949025
874;3141.843852;3408.633567;2623.032064;2922.615493;2354.021690
875;3117.145801;3408.055892;2628.899300;2976.334987;2390.720415
876;3178.233431;3329.333566;2585.890337;3022.624992;2421.941640
877;3170.303080;3281.865652;2660.673093;3113.439309;2514.189498
878;3295.444169;3203.918663;2670.145604;3129.812536;2656.123238
879;3270.605168;3279.577835;2726.885504;3140.553456;2778.524385
880;3229.939840;3255.879851;2672.752936;3423.207845;2736.289127
881;3305.003984;3170.963420;2617.947837;3488.341921;2720.136523
882;3318.639959;3196.189038;2666.617770;3555.147520;2705.873752
883;3350.212487;3105.364013;2667.234616;3519.755887;2653.374413
884;3340.829303;3033.370915;2629.678693;3387.482286;2759.902496
885;3439.518497;2984.956057;2582.607873;3384.658165;2785.414046
886;3491.490571;2950.733571;2540.594993;3324.248269;2744.686608
887;3477.357971;2944.246347;2519.948769;3229.700486;2688.306730
888;3382.149218;2945.043299;2490.702494;3161.462525;2649.371456
889;3303.952416;2981.231956;2485.103030;3118.356056;2680.789412
890;3312.693547;3170.083789;2595.537248;3054.878639;2635.855751
891;3337.456660;3143.881864;2612.510110;3008.296864;2590.689629
892;3273.236429;3062.374577;2585.816939;2985.753381;2551.741533
893;3291.737100;3090.623678;2574.986339;2919.419858;2505.104219
894;3244.161062;3033.864685;2553.769152;2907.167098;2622.536667
895;3213.611429;3253.438290;2643.177806;2979.175996;2634.529935
896;3292.737554;3321.289542;2705.705325;3009.289994;2716.628595
897;3247.035766;3290.379001;2699.741807;3302.207987;2809.955493
898;3269.287781;3193.290625;2670.120083;3306.667467;2805.945430
899;3223.349045;3285.527198;2626.449702;3239.523324;2867.999485
900;3157.765143;3302.360529;2684.406715;3188.199004;2962.948994
901;3235.594835;3303.126395;2657.922450;3098.442261;3025.033460
902;3236.813810;3214.477529;2603.429412;3137.999679;3051.088635
903;3165.345509;3269.087365;2672.844585;3225.589783;3010.529242
904;3128.983035;3220.976232;2700.693501;3248.162556;3083.756189
905;3134.399011;3317.017817;2633.104341;3291.325921;3102.679481
906;3171.307006;3242.959909;2567.551436;3264.819275;3095.849627
907;3135.564792;3250.946291;2668.073447;3391.938884;3139.881092
908;3194.643924;3280.027685;2598.665108;3380.361483;3051.146347
909;3192.455510;3295.547152;2619.039365;3450.866281;3103.214319
910;3137.605148;3207.528419;2634.375211;3415.776262;3160.302710
911;3150.658373;3151.313425;2686.374973;3320.555963;3166.011305
912;3155.570852;3140.806635;2676.318031;3299.281182;3148.313441
913;3180.884784;3062.921000;2623.403686;3278.471368;3163.043257
914;3216.238238;2998.423919;2636.217761;3193.602030;3218.249275
915;3352.351468;2946.920208;2611.226553;3127.721717;3188.626893
916;3436.028547;2923.875296;2558.933566;3142.039155;3312.652784
917;3487.892474;2925.508381;2708.887091;3116.173446;3312.972550
918;3648.833518;2888.997409;2791.824566;3034.565456;3408.171358
919;3650.235024;2847.618508;2796.737345;2956.690107;3395.841141
920;3622.814552;2827.423773;2924.525956;2895.427940;3369.650378
921;3634.218479;2807.081010;2927.784059;2805.123640;3357.375615
922;3658.936383;2814.943132;2911.829056;2956.716700;3511.053577
923;3716.756358;2793.362617;2934.521534;2944.619208;3471.158453
924;3947.574438;2798.608483;3021.308961;3080.227886;3434.153799
925;3930.274288;2802.019561;3024.895882;2970.013108;3343.270033
926;3945.155997;2888.295299;2972.935617;2961.242142;3414.436989
927;3976.058659;2946.952867;2966.014242;2900.793277;3522.486032
928;3896.965176;2948.004795;2923.976545;2874.605244;3790.569253
929;3826.427119;2954.438708;2973.983041;2907.107220;3639.184128
930;3724.434198;2886.183272;2916.529381;2861.371161;3557.766248
931;3693.965071;2831.026452;2837.015502;2887.966692;3511.100266
932;3653.618045;2778.006729;2953.518514;2822.024540;3399.893319
933;3576.687492;2727.173957;3077.550185;2789.245303;3307.186342
934;3527.360296;2732.675732;3009.273360;2771.694464;3230.220734
935;3435.336495;2755.202721;3064.778992;2730.272654;3198.113052
936;3343.607482;2737.510124;3137.931599;2677.627937;3129.573654
937;3279.496046;2722.545026;3188.668895;2620.397613;3120.409780
938;3226.980793;2682.979538;3079.325484;2629.632661;3091.169945
939;3154.139473;2704.063385;3242.581623;2637.212196;3000.659757
940;3087.098707;2669.076688;3209.310459;2659.162521;2918.238128
941;3028.642578;2669.827316;3169.484561;2663.850579;3004.992051
942;3006.781080;2797.109199;3328.499816;2596.206497;2991.153188
943;2954.522949;2837.168290;3318.316257;2602.564867;2918.426811
944;2977.141070;2874.564902;3200.886850;2555.356133;2843.176859
945;2949.486330;2834.606295;3116.942355;2499.488882;2775.392977
946;2904.965072;2865.360884;3052.262896;2533.409916;2717.884603
947;2866.607179;2843.837812;3050.827808;2497.769064;2715.490533
948;2829.587298;2831.089898;3014.404574;2533.305996;2656.453770
949;2834.477983;2893.047834;2975.896214;2525.830719;2665.396794
950;2809.117536;2929.994287;2900.785541;2617.616796;2673.842572
951;2774.865678;3034.832529;2833.110312;2713.117229;2645.044065
952;2740.239676;3102.493625;2759.991836;2662.802264;2654.679808
953;2723.905118;3059.932216;2722.162907;2747.096982;2599.986155
954;2701.334727;3004.088210;2780.669541;2700.841098;2747.321946
955;2680.301069;2963.890922;2701.679575;2658.958829;2684.895873
956;2661.712276;2920.676861;2724.051314;2666.988440;2698.192066
957;2643.560271;2898.035381;2681.313514;2732.943422;2673.263679
958;2625.803733;2870.424269;2620.745995;2744.894829;2664.269237
959;2609.732312;2812.457589;2563.684174;2718.378175;2689.552002
960;2601.232050;2838.428016;2569.746473;2656.401472;2756.125336
961;2600.921327;2793.588513;2581.611182;2642.940936;2791.517672
962;2682.792679;2773.097726;2646.808103;2731.392578;2772.278946
963;2705.654430;2849.927123;2645.360172;2868.538276;2794.820364
964;2851.904414;2806.290313;2652.849014;2804.548889;2838.263766
965;2850.211966;2759.368674;2692.192805;2823.675378;2822.308341
966;2822.119911;2798.777620;2674.138580;2756.108004;2785.565029
967;2897.718964;2873.250226;2611.523216;2842.148634;2768.414655
968;2858.295981;2991.182399;2550.958775;2829.724887;2713.950422
969;2892.919089;2932.386942;2544.162547;2863.313803;2670.334270
970;2910.984859;2852.319034;2570.781083;2852.853145;2662.602144
971;2948.594060;2853.003455;2523.310609;2777.376346;2642.747377
972;2943.633097;2920.619300;2502.383994;2760.595172;2727.785378
973;3011.611589;2924.505418;2496.309226;2794.268731;2685.138482
974;3092.228585;2890.559184;2600.940111;2745.265436;2651.810441
975;3247.640076;2852.953020;2603.795504;2682.863367;2637.962924
976;3355.597641;2830.620417;2634.776229;2613.026490;2718.427240
977;3427.502959;2894.958310;2592.688405;2733.941711;2889.049168
978;3410.718626;2823.910054;2601.328889;2701.708517;2858.837603
979;3355.193003;2821.666925;2612.531615;2649.472660;2875.847728
980;3325.009585;2829.332615;2651.346216;2598.755659;2812.357459
981;3261.248979;2910.294908;2692.115876;2560.325236;2817.394306
982;3225.108308;2946.331101;2754.594733;2521.219717;2895.150187
983;3222.052767;2894.286512;2682.887461;2516.877403;2923.108380
984;3193.578205;2829.696095;2651.672403;2517.611212;2853.871662
985;3151.715989;2837.322196;2617.752228;2582.878280;2828.065874
986;3117.041570;2814.333135;2614.884368;2609.376865;2780.269426
987;3073.740865;2809.717017;2585.530249;2639.172521;2726.460655
988;3056.812191;2833.486326;2620.154602;2677.389111;2675.513889
989;3044.435852;2842.733534;2658.604076;2787.881124;2710.708341
990;2996.519793;2852.648508;2618.477204;2815.807637;2713.161456
991;2968.625576;2863.890207;2572.702973;2945.468862;2668.689716
992;2929.888562;2917.891445;2618.240471;3045.459640;2713.351288
993;2895.430111;2862.801972;2637.924316;3299.749842;2733.610655
994;2863.053149;2836.946196;2623.967144;3415.111105;2767.839004
995;2993.250628;2870.452827;2665.218290;3522.382795;2831.740379
996;3115.719886;3080.858773;2653.546792;3656.277918;2780.944933
997;3069.472280;3272.336505;2877.378206;3540.859081;2729.464208
998;3135.029606;3327.572428;2967.482097;3525.214143;2733.174279
999;3108.282453;3344.148438;3068.961159;3460.032341;2688.852596
